name,profile,url,bias,factual,credibility
New Republic – Bias and Credibility,https://mediabiasfactcheck.com/new-republic/,www.newrepublic.com,left,high,high credibility
Accountable.US – Bias and Credibility,https://mediabiasfactcheck.com/accountable-us/,www.accountable.us,left,mostly,medium credibility
News Corpse – Bias and Credibility,https://mediabiasfactcheck.com/news-corpse/,www.newscorpse.com,left,mixed,medium credibility
NewsHounds – Bias and Credibility,https://mediabiasfactcheck.com/newshounds/,www.newshounds.us,left,mixed,medium credibility
Occupy.com – Bias and Credibility,https://mediabiasfactcheck.com/occupy-com/,www.occupy.com,left,high,high credibility
Bellingham Metro News – Bias and Credibility,https://mediabiasfactcheck.com/bellingham-metro-news/,www.bellinghammetronews.com,right-center,mostly,medium credibility
AlterNet – Bias and Credibility,https://mediabiasfactcheck.com/alternet/,www.alternet.org,left,mixed,medium credibility
Breaking Defense – Bias and Credibility,https://mediabiasfactcheck.com/breaking-defense/,www.breakingdefense.com,right-center,high,high credibility
Baltimore City Paper – Bias and Credibility,https://mediabiasfactcheck.com/baltimore-city-paper/,www.baltimoresun.com,left,mostly,high credibility
California Globe – Bias and Credibility,https://mediabiasfactcheck.com/california-globe/,www.californiaglobe.com,right-center,mixed,medium credibility
Boing Boing – Bias and Credibility,https://mediabiasfactcheck.com/boing-boing/,www.boingboing.net,left,mixed,medium credibility
B’Tselem – Bias and Credibility,https://mediabiasfactcheck.com/btselem-bias/,www.btselem.org,left,mostly,medium credibility
Chicago Tribune – Bias and Credibility,https://mediabiasfactcheck.com/chicago-tribune/,www.chicagotribune.com,right-center,high,high credibility
Cleveland Daily Banner – Bias and Credibility,https://mediabiasfactcheck.com/cleveland-daily-banner-bias/,www.clevelandbanner.com,right-center,high,high credibility
Columbia Daily Herald – Bias and Credibility,https://mediabiasfactcheck.com/columbia-daily-herald/,www.columbiadailyherald.com,right-center,high,high credibility
Code Pink – Bias and Credibility,https://mediabiasfactcheck.com/code-pink/,www.codepink.org,left,mixed,medium credibility
ColorLines – Bias and Credibility,https://mediabiasfactcheck.com/colorlines/,www.colorlines.com,left,high,no credibility rating available
Comic Sands – Bias and Credibility,https://mediabiasfactcheck.com/comic-sands/,www.comicsands.com,left,mixed,medium credibility
Deccan Chronicle – Bias and Credibility,https://mediabiasfactcheck.com/deccan-chronicle/,www.deccanchronicle.com,right-center,mostly,high credibility
Detroit News – Bias and Credibility,https://mediabiasfactcheck.com/detroit-news/,www.detroitnews.com,right-center,high,high credibility
Dowagiac Daily News – Bias and Credibility,https://mediabiasfactcheck.com/dowagiac-daily-news-bias/,www.leaderpub.com,right-center,high,high credibility
Eclectic Observer – Bias and Credibility,https://mediabiasfactcheck.com/eclectic-observer-bias/,www.thewetumpkaherald.com,right-center,high,high credibility
Democracy Guardian – Bias and Credibility,https://mediabiasfactcheck.com/democracy-guardian/,www.democracyguardian.com,left,mostly,medium credibility
Entrepreneur Magazine – Bias and Credibility,https://mediabiasfactcheck.com/entrepreneur-magazine/,www.entrepreneur.com,right-center,high,high credibility
Financial Express – Bias and Credibility,https://mediabiasfactcheck.com/financial-express/,www.financialexpress.com,right-center,mixed,medium credibility
FitsNews – Bias and Credibility,https://mediabiasfactcheck.com/fitsnews/,www.fitsnews.com,right-center,mostly,medium credibility
Food and Water Watch – Bias and Credibility,https://mediabiasfactcheck.com/food-and-water-watch/,www.foodandwaterwatch.org,left,mixed,medium credibility
Freedom News and Journal – Bias and Credibility,https://mediabiasfactcheck.com/freedom-news-and-journal/,freedomnews.org.uk,left,high,high credibility
Gay Times – Bias and Credibility,https://mediabiasfactcheck.com/gay-times-bias/,www.gaytimes.co.uk,left,high,high credibility
Fulton County Expositor – Bias and Credibility,https://mediabiasfactcheck.com/fulton-county-expositor-bias/,www.fcnews.org,right-center,high,high credibility
Guardian Liberty Voice – Bias and Credibility,https://mediabiasfactcheck.com/guardian-liberty-voice/,www.guardianlv.com,left,mostly,high credibility
Greenfield Daily Reporter – Bias and Credibility,https://mediabiasfactcheck.com/greenfield-daily-reporter-bias/,www.greenfieldreporter.com,right-center,high,high credibility
Halifax Chronicle Herald – Bias and Credibility,https://mediabiasfactcheck.com/halifax-chronicle-herald-bias/,www.saltwire.com,right-center,high,high credibility
International Viewpoint – Bias and Credibility,https://mediabiasfactcheck.com/international-viewpoint/,www.internationalviewpoint.org,left,mixed,low credibility
Herald-Sun (Australia) – Bias and Credibility,https://mediabiasfactcheck.com/herald-sun/,www.heraldsun.com.au,right-center,mostly,high credibility
Jacobin – Bias and Credibility,https://mediabiasfactcheck.com/jacobin/,www.jacobin.com,left,high,high credibility
Hillsboro Times-Gazette – Bias and Credibility,https://mediabiasfactcheck.com/hillsboro-times-gazette-bias/,www.timesgazette.com,right-center,high,high credibility
Huntington Herald-Press – Bias and Credibility,https://mediabiasfactcheck.com/huntington-herald-press-bias/,www.h-ponline.com,right-center,high,high credibility
Huntsville Times – Bias and Credibility,https://mediabiasfactcheck.com/huntsville-times-bias/,www.al.com,right-center,high,high credibility
Le Monde Diplomatique – Bias and Credibility,https://mediabiasfactcheck.com/le-monde-diplomatique-bias/,www.monde-diplomatique.fr,left,high,high credibility
LGBTQ Nation – Bias and Credibility,https://mediabiasfactcheck.com/lgbtq-nation/,www.lgbtqnation.com,left,mostly,medium credibility
Little Green Footballs – Bias and Credibility,https://mediabiasfactcheck.com/little-green-footballs/,www.littlegreenfootballs.com,left,high,high credibility
InsideSources – Bias and Credibility,https://mediabiasfactcheck.com/insidesources/,www.insidesources.com,right-center,mostly,medium credibility
Irish Independent – Bias and Credibility,https://mediabiasfactcheck.com/irish-independent/,www.independent.ie,right-center,mostly,no credibility rating available
Mediaite – Bias and Credibility,https://mediabiasfactcheck.com/mediaite/,www.mediaite.com,left,mostly_factual,high credibility
Merry Jane – Bias and Credibility,https://mediabiasfactcheck.com/merry-jane/,www.merryjane.com,left,mixed, credibility
Michigan Advance – Bias and Credibility,https://mediabiasfactcheck.com/michigan-advance-bias/,www.michiganadvance.com,left,high,high credibility
Just Facts – Bias and Credibility,https://mediabiasfactcheck.com/just-facts/,www.justfacts.com,right-center,mostly,high credibility
KAAS – Wichita News – Bias and Credibility,https://mediabiasfactcheck.com/kaas-wichita-news-bias/,www.foxkansas.com,right-center,high,high credibility
Act.TV – Bias and Credibility,https://mediabiasfactcheck.com/act-tv/,www.act.tv,left,mostly,medium credibility
OpEdNews (OEN) – Bias and Credibility,https://mediabiasfactcheck.com/opednews-oen/,www.opednews.com,left,mixed,medium credibility
Bemidji Pioneer – Bias and Credibility,https://mediabiasfactcheck.com/bemidji-pioneer-bias/,www.bemidjipioneer.com,right-center,high,high credibility
The Bill of Rights Institute – Bias and Credibility,https://mediabiasfactcheck.com/the-bill-of-rights-institute-bias/,www.billofrightsinstitute.org,right-center,high,high credibility
AmericaBlog – Bias and Credibility,https://mediabiasfactcheck.com/americablog/,www.americablog.com,left,high,high credibility
Bow Valley Crag & Canyon – Bias and Credibility,https://mediabiasfactcheck.com/bow-valley-crag-canyon-bias/,www.thecragandcanyon.ca,right-center,high,high credibility
Arkansas Advocate – Bias and Credibility,https://mediabiasfactcheck.com/arkansas-advocate-bias/,www.arkansasadvocate.com,left,high,high credibility
AutoStraddle – Bias and Credibility,https://mediabiasfactcheck.com/autostraddle/,www.autostraddle.com,left,high,high credibility
Calgary Herald – Bias and Credibility,https://mediabiasfactcheck.com/calgary-herald/,www.calgaryherald.com,right-center,high,no credibility rating available
BNC – Black News Channel – Bias and Credibility,https://mediabiasfactcheck.com/bnc-black-news-channel-bias/,www.bnc.tv,left,mostly,medium credibility
Cato Institute – Bias and Credibility,https://mediabiasfactcheck.com/cato-institute/,www.cato.org,right-center,high,high credibility
Canada Fact Check – Bias and Credibility,https://mediabiasfactcheck.com/canada-fact-check/,www.canadafactcheck.ca,left,mostly,medium credibility
Claiborne Progress – Bias and Credibility,https://mediabiasfactcheck.com/claiborne-progress-bias/,www.claiborneprogress.net,right-center,high,high credibility
Change.org – Bias and Credibility,https://mediabiasfactcheck.com/change-org/,www.change.org,left,mixed,medium credibility
China Internet Information Center – Bias and Credibility,https://mediabiasfactcheck.com/china-internet-information-center/,www.china.org.cn,left,mixed,medium credibility
CNN – Bias and Credibility,https://mediabiasfactcheck.com/cnn/,www.cnn.com,left,mostly,high credibility
Color of Change – Bias and Credibility,https://mediabiasfactcheck.com/color-of-change-bias/,www.colorofchange.org,left,mostly,medium credibility
Delaware Gazette – Bias and Credibility,https://mediabiasfactcheck.com/delaware-gazette-bias/,www.delgazette.com,right-center,high,high credibility
Deutschland.de – Bias and Credibility,https://mediabiasfactcheck.com/deutschland-de/,www.deutschland.de,right-center,mostly,high credibility
Downsizing the Federal Government – Bias and Credibility,https://mediabiasfactcheck.com/downsizing-the-federal-government/,www.downsizinggovernment.org,right-center,high,high credibility
Ecuavisa – Bias and Credibility,https://mediabiasfactcheck.com/ecuavisa/,www.ecuavisa.com,right-center,mixed,medium credibility
Democracy Chronicles – Bias and Credibility,https://mediabiasfactcheck.com/democracy-chronicles/,www.democracychronicles.org,left,mostly,medium credibility
Detroit Metro Times – Bias and Credibility,https://mediabiasfactcheck.com/detroit-metro-times/,www.metrotimes.com,left,high,high credibility
FDD’s Long War Journal – Bias and Credibility,https://mediabiasfactcheck.com/fdds-long-war-journal/,www.longwarjournal.org,right-center,high,high credibility
Fitch Ratings – Bias and Credibility,https://mediabiasfactcheck.com/fitch-ratings/,www.fitchratings.com,right-center,high,high credibility
Fort McMurray Today – Bias and Credibility,https://mediabiasfactcheck.com/fort-mcmurray-today-bias/,www.fortmcmurraytoday.com,right-center,high,high credibility
Foundation for Economic Education,https://mediabiasfactcheck.com/foundation-for-economic-education/,www.fee.org,right-center,mostly,high credibility
Frankfurter Allgemeine Zeitung (FAZ) – Bias and Credibility,https://mediabiasfactcheck.com/frankfurter-allgemeine-zeitung-faz/,www.faz.net,right-center,high,high credibility
Gizmodo – Bias and Credibility,https://mediabiasfactcheck.com/gizmodo/,www.gizmodo.com,left,high,high credibility
GEO TV (Pakistan) – Bias and Credibility,https://mediabiasfactcheck.com/geo-tv-pakistan/,www.geo.tv,right-center,mixed,medium credibility
Grand Rapids Press – Bias and Credibility,https://mediabiasfactcheck.com/grand-rapids-press/,www.mlive.com,right-center,high,high credibility
Idaho Capital Sun – Bias and Credibility,https://mediabiasfactcheck.com/idaho-capital-sun-bias/,www.idahocapitalsun.com,left,high,high credibility
Hanna Herald – Bias and Credibility,https://mediabiasfactcheck.com/hanna-herald-bias/,www.hannaherald.com,right-center,high,high credibility
Intrepid Report – Bias and Credibility,https://mediabiasfactcheck.com/intrepid-report/,www.intrepidreport.com,left,mixed,medium credibility
Jezebel – Bias and Credibility,https://mediabiasfactcheck.com/jezebel/,www.jezebel.com,left,high,high credibility
Knock-LA – Bias and Credibility,https://mediabiasfactcheck.com/knock-la-bias/,www.knock-la.com,left,mostly,medium credibility
India.com – Bias and Credibility,https://mediabiasfactcheck.com/india-com/,www.india.com,right-center,mostly,high credibility
Louisiana Illuminator – Bias and Credibility,https://mediabiasfactcheck.com/lousiana-illuminator-bias/,www.lailluminator.com,left,high,high credibility
Media Matters – Bias and Credibility,https://mediabiasfactcheck.com/media-matters/,www.mediamatters.org,left,high,high credibility
Miami New Times – Bias and Credibility,https://mediabiasfactcheck.com/miami-new-times-2/,www.miaminewtimes.com,left,high,high credibility
Jewish Unpacked – Bias and Credibility,https://mediabiasfactcheck.com/jewish-unpacked-bias/,www.jewishunpacked.com,right-center,high,high credibility
Minnesota Reformer – Bias and Credibility,https://mediabiasfactcheck.com/minnesota-reformer-bias/,www.minnesotareformer.com,left,high,high credibility
Modern Liberals – Bias and Credibility,https://mediabiasfactcheck.com/modern-liberals/,www.modernliberals.com,left,mixed,no credibility rating available
Kalamazoo News – WWMT – Bias and Credibility,https://mediabiasfactcheck.com/kalamazoo-news-wwmt/,www.wwmt.com,right-center,high,high credibility
National Association for the Advancement of Colored People (NAACP) – Bias and Credibility,https://mediabiasfactcheck.com/national-association-advancement-colored-people-naacp/,www.naacp.org,left,high,no credibility rating available
Nebraska Examiner – Bias and Credibility,https://mediabiasfactcheck.com/nebraska-examiner-bias/,www.nebraskaexaminer.com,left,high,high credibility
New Internationalist – Bias and Credibility,https://mediabiasfactcheck.com/new-internationalist/,www.newint.org,left,high,high credibility
Ms. (Magazine) – Bias and Credibility,https://mediabiasfactcheck.com/ms-magazine/,www.msmagazine.com,left,high,high credibility
Action Network – Bias and Credibility,https://mediabiasfactcheck.com/action-network-bias/,www.actionnetwork.org,left,mostly,high credibility
Al DIA – Bias and Credibility,https://mediabiasfactcheck.com/al-dia/,www.aldianews.com,left,mixed,medium credibility
BoomLive – Bias and Credibility,https://mediabiasfactcheck.com/boomlive-bias/,www.boomlive.in,right-center,high,high credibility
Angry White Men – Bias and Credibility,https://mediabiasfactcheck.com/angry-white-men/,www.angrywhitemen.org,left,mixed,medium credibility
Brewton Standard – Bias and Credibility,https://mediabiasfactcheck.com/brewton-standard-bias/,www.brewtonstandard.com,right-center,high,high credibility
Being Liberal – Bias and Credibility,https://mediabiasfactcheck.com/being-liberal/,www.beingliberal.org,left,mixed,medium credibility
Black America Web – Bias and Credibility,https://mediabiasfactcheck.com/black-america-web/,www.blackamericaweb.com,left,mostly,medium credibility
Cape Breton Post – Bias and Credibility,https://mediabiasfactcheck.com/cape-breton-post-bias/,www.saltwire.com,right-center,high,high credibility
Center for European Policy Analysis (CEPA) – Bias and Credibility,https://mediabiasfactcheck.com/center-for-european-policy-analysis-bias/,www.cepa.org,right-center,high,high credibility
Canadian Anti-Hate Network – Bias and Credibility,https://mediabiasfactcheck.com/canadian-anti-hate-network-bias/,www.antihate.ca,left,high,high credibility
Clanton Advertiser – Bias and Credibility,https://mediabiasfactcheck.com/clanton-advertiser-bias/,www.clantonadvertiser.com,right-center,high,high credibility
Colchester Wire – Bias and Credibility,https://mediabiasfactcheck.com/colchester-wire-bias/,www.saltwire.com,right-center,high,high credibility
Cordele Dispatch – Bias and Credibility,https://mediabiasfactcheck.com/cordele-dispatch-bias/,www.cordeledispatch.com,right-center,high,high credibility
Daily Press – Bias and Credibility,https://mediabiasfactcheck.com/daily-press/,www.dailypress.com,right-center,high,high credibility
Common Dreams – Bias and Credibility,https://mediabiasfactcheck.com/common-dreams/,www.commondreams.org,left,high,high credibility
Denver Gazette – Bias and Credibility,https://mediabiasfactcheck.com/denver-gazette/,www.denvergazette.com,right-center,high,high credibility
Crikey – Bias and Credibility,https://mediabiasfactcheck.com/crikey/,www.crikey.com.au,left,high,high credibility
Crooks and Liars – Bias and Credibility,https://mediabiasfactcheck.com/crooks-and-liars/,www.crooksandliars.com,left,mostly,high credibility
Drudge Report – Bias and Credibility,https://mediabiasfactcheck.com/drudge-report/,www.drudgereport.com,right-center,mixed,medium credibility
Eddyville Herald Ledger – Bias and Credibility,https://mediabiasfactcheck.com/eddyville-herald-ledger-bias/,www.heraldledger.com,right-center,high,high credibility
Democracy Now – Bias and Credibility,https://mediabiasfactcheck.com/democracy-now/,www.democracynow.org,left,high,high credibility
Expressen – Bias and Credibility,https://mediabiasfactcheck.com/expressen/,www.expressen.se,right-center,mostly,high credibility
Faith Family America – Bias and Credibility,https://mediabiasfactcheck.com/faith-family-america/,www.faithfamilyamerica.com,right-center,mixed,medium credibility
ELLE Magazine – Bias and Credibility,https://mediabiasfactcheck.com/elle-magazine/,www.elle.com,left,mostly,no credibility rating available
Forest City Daily Courier – Bias and Credibility,https://mediabiasfactcheck.com/forest-city-daily-courier-bias/,www.thedigitalcourier.com,right-center,high,high credibility
FreePress.org – Bias and Credibility,https://mediabiasfactcheck.com/free-press-2/,www.freepress.org,left,mostly,medium credibility
Gawker – Bias and Credibility,https://mediabiasfactcheck.com/gawker-bias/,www.gawker.com,left,mostly,medium credibility
Georgia Recorder – Bias and Credibility,https://mediabiasfactcheck.com/georgia-recorder-bias/,www.georgiarecorder.com,left,high,high credibility
Good Magazine – Bias and Credibility,https://mediabiasfactcheck.com/good-magazine/,www.good.is,left,high,high credibility
Göteborgs-Posten – Bias and Credibility,https://mediabiasfactcheck.com/goteborgs-posten/,www.gp.se,right-center,mostly,high credibility
Hill Reporter – Bias and Credibility,https://mediabiasfactcheck.com/hill-reporter/,www.hillreporter.com,left,high,high credibility
In These Times – Bias and Credibility,https://mediabiasfactcheck.com/in-these-times/,www.inthesetimes.com,left,mostly,medium credibility
Heber Springs Sun-Times – Bias and Credibility,https://mediabiasfactcheck.com/heber-springs-sun-times-bias/,www.thesuntimes.com,right-center,high,high credibility
High Point Enterprise – Bias and Credibility,https://mediabiasfactcheck.com/high-point-enterprise/,www.hpenews.com,right-center,high,high credibility
Hoover Institution – Bias and Credibility,https://mediabiasfactcheck.com/hoover-institution/,www.hoover.org,right-center,high,high credibility
Idaho State Journal – Bias and Credibility,https://mediabiasfactcheck.com/idaho-state-journal/,www.idahostatejournal.com,right-center,high,high credibility
LEO Weekly – Louisville – Bias and Credibility,https://mediabiasfactcheck.com/leo-weekly-louisville-bias/,www.leoweekly.com,left,high,high credibility
India TV – Bias and Credibility,https://mediabiasfactcheck.com/india-tv/,www.indiatvnews.com,right-center,mostly,high credibility
Investor Times – Bias and Credibility,https://mediabiasfactcheck.com/investor-times-bias/,www.investortimes.com,right-center,mostly,medium credibility
MeidasTouch – Bias and Credibility,https://mediabiasfactcheck.com/meidastouch/,www.meidastouch.com,left,mixed,medium credibility
Middletown Media (Muncie Voice) – Bias and Credibility,https://mediabiasfactcheck.com/muncie-voice/,www.muncievoice.com,left,mixed,medium credibility
Monthly Review – Bias and Credibility,https://mediabiasfactcheck.com/monthly-review/,www.monthlyreview.org,left,high,high credibility
Nation of Change – Bias and Credibility,https://mediabiasfactcheck.com/nation-of-change/,www.nationofchange.org,left,mostly,high credibility
Natural Resources Defense Council (NRDC) – Bias and Credibility,https://mediabiasfactcheck.com/natural-resources-defense-council/,www.nrdc.org,left,mostly,high credibility
KBTV – Beaumont News – Bias and Credibility,https://mediabiasfactcheck.com/kbtv-beaumont-news-bias/,www.fox4beaumont.com,right-center,high,high credibility
New Jersey Monitor – Bias and Credibility,https://mediabiasfactcheck.com/new-jersey-monitor-bias/,www.newjerseymonitor.com,left,high,high credibility
Berlingske – Bias and Credibility,https://mediabiasfactcheck.com/berlingske/,www.berlingske.dk,right-center,mostly,high credibility
Bild – Bias and Credibility,https://mediabiasfactcheck.com/bild/,www.bild.de,right-center,mixed,medium credibility
Aftonbladet – Bias and Credibility,https://mediabiasfactcheck.com/aftonbladet/,www.aftonbladet.se,left,mixed,medium credibility
Billings Gazette – Bias and Credibility,https://mediabiasfactcheck.com/billings-gazette/,www.billingsgazette.com,right-center,high,high credibility
Alaska Beacon – Bias and Credibility,https://mediabiasfactcheck.com/alaska-beacon-bias/,www.alaskabeacon.com,left,high,high credibility
KOMO 4 News – Bias and Credibility,https://mediabiasfactcheck.com/komo-4-news/,www.komonews.com,right-center,high,high credibility
Bipartisan Policy Center – Bias and Credibility,https://mediabiasfactcheck.com/bipartisan-policy-center/,www.bipartisanpolicy.org,right-center,mostly,high credibility
American Bridge 21st Century – Bias and Credibility,https://mediabiasfactcheck.com/american-bridge-21st-century/,www.americanbridgepac.org,left,mixed,medium credibility
Brainerd Dispatch – Bias and Credibility,https://mediabiasfactcheck.com/brainerd-dispatch-bias/,www.brainerddispatch.com,right-center,high,high credibility
Alliance for Justice (AFJ) – Bias and Credibility,https://mediabiasfactcheck.com/alliance-for-justice-afj/,www.afj.org,left,high,high credibility
Boston Herald – Bias and Credibility,https://mediabiasfactcheck.com/boston-herald/,www.bostonherald.com,right-center,high,high credibility
Attack The System – Bias and Credibility,https://mediabiasfactcheck.com/attack-the-system/,www.attackthesystem.com,left,mixed,medium credibility
BillMoyers.com – Bias and Credibility,https://mediabiasfactcheck.com/billmoyers-com/,www.billmoyers.com,left,mostly,medium credibility
Black Lives Matter – Bias and Credibility,https://mediabiasfactcheck.com/black-lives-matter/,www.blacklivesmatter.com,left,mixed,medium credibility
Canadian Jewish News (CJN) – Bias and Credibility,https://mediabiasfactcheck.com/canadian-jewish-news-cjn/,www.thecjn.ca,right-center,high,high credibility
Capitalism Magazine – Bias and Credibility,https://mediabiasfactcheck.com/capitalism-magazine/,www.capitalismmagazine.com,right-center,mostly,high credibility
Bust Magazine – Bias and Credibility,https://mediabiasfactcheck.com/bust-magazine/,www.bust.com,left,mostly,medium credibility
Capital & Main – Bias and Credibility,https://mediabiasfactcheck.com/capital-main/,www.capitalandmain.com,left,high,high credibility
Center for American Progress – Bias and Credibility,https://mediabiasfactcheck.com/center-for-american-progress/,www.americanprogress.org,left,mixed,medium credibility
PINAC – Bias and Credibility,https://mediabiasfactcheck.com/pinac/,www.pinacnews.com,left,high,high credibility
Alt News – Bias and Credibility,https://mediabiasfactcheck.com/alt-news/,www.altnews.in,left,high,high credibility
American Oversight – Bias and Credibility,https://mediabiasfactcheck.com/american-oversight/,www.americanoversight.org,left,mostly,medium credibility
Bryan Times – Bias and Credibility,https://mediabiasfactcheck.com/bryan-times-bias/,www.bryantimes.com,right-center,high,high credibility
BusinessLIVE – Bias and Credibility,https://mediabiasfactcheck.com/businesslive/,www.businesslive.co.za,right-center,mixed,medium credibility
Campbellton Tribune – Bias and Credibility,https://mediabiasfactcheck.com/cambellton-tribune-bias/,www.tj.news,right-center,high,high credibility
Boston Review – Bias and Credibility,https://mediabiasfactcheck.com/boston-review/,www.bostonreview.net,left,high,high credibility
Center for the National Interest – Bias and Credibility,https://mediabiasfactcheck.com/center-for-the-national-interest/,www.cftni.org,right-center,mostly,medium credibility
Canadian Dimension – Bias and Credibility,https://mediabiasfactcheck.com/canadian-dimension/,www.canadiandimension.com,left,mostly,medium credibility
Center for Biological Diversity – Bias and Credibility,https://mediabiasfactcheck.com/center-for-biological-diversity-bias/,www.biologicaldiversity.org,left,high,high credibility
Center for a Stateless Society – Bias and Credibility,https://mediabiasfactcheck.com/center-for-a-stateless-society/,www.c4ss.org,left,mostly,medium credibility
Cold Lake Sun – Bias and Credibility,https://mediabiasfactcheck.com/cold-lake-sun-bias/,www.coldlakesun.com,right-center,high,high credibility
Connersville News Examiner – Bias and Credibility,https://mediabiasfactcheck.com/connersville-news-examiner/,www.newsexaminer.com,right-center,high,high credibility
Daily Corinthian – Bias and Credibility,https://mediabiasfactcheck.com/daily-corinthian-bias/,www.heraldpalladium.com,right-center,high,high credibility
de Volkskrant – Bias and Credibility,https://mediabiasfactcheck.com/de-volkskrant/,www.volkskrant.nl,right-center,high,high credibility
CounterFire – Bias and Credibility,https://mediabiasfactcheck.com/counterfire-bias/,www.counterfire.org,left,mostly,medium credibility
Curve Magazine – Bias and Credibility,https://mediabiasfactcheck.com/curve-magazine/,www.curvemag.com,left,high,high credibility
DV Journal – Bias and Credibility,https://mediabiasfactcheck.com/dv-journal-bias/,www.delawarevalleyjournal.com,right-center,mostly,medium credibility
Deadspin – Bias and Credibility,https://mediabiasfactcheck.com/deadspin/,www.deadspin.com,left,high,high credibility
Democratic Underground – Bias and Credibility,https://mediabiasfactcheck.com/democratic-underground/,www.democraticunderground.com,left,mixed,medium credibility
Earth First Journal – Bias and Credibility,https://mediabiasfactcheck.com/earth-first-journal/,www.earthfirstjournal.news,left,mixed,medium credibility
Farmington Daily Times – Bias and Credibility,https://mediabiasfactcheck.com/farmington-daily-times-bias/,www.daily-times.com,right-center,high,high credibility
First Post – Bias and Credibility,https://mediabiasfactcheck.com/first-post/,www.firstpost.com,right-center,mostly,high credibility
Forbes – Bias and Credibility,https://mediabiasfactcheck.com/forbes/,www.forbes.com,right-center,mostly,high credibility
Fort Saskatchewan Record – Bias and Credibility,https://mediabiasfactcheck.com/fort-saskatchewan-record-bias/,www.fortsaskatchewanrecord.com,right-center,high,high credibility
Fox Business – Bias and Credibility,https://mediabiasfactcheck.com/fox-business/,www.foxbusiness.com,right-center,mostly,high credibility
Geopolitics Alert – Bias and Credibility,https://mediabiasfactcheck.com/geopolitics-alert/,www.geopoliticsalert.com,left,mixed,medium credibility
Freedom House – Bias and Credibility,https://mediabiasfactcheck.com/freedom-house/,www.freedomhouse.org,right-center,high,high credibility
Green Left Weekly – Bias and Credibility,https://mediabiasfactcheck.com/green-left-weekly/,www.greenleft.org.au,left,mixed,medium credibility
High Times – Bias and Credibility,https://mediabiasfactcheck.com/high-times-bias/,www.hightimes.com,left,mixed,medium credibility
BizNews – Bias and Credibility,https://mediabiasfactcheck.com/biznews-bias/,www.biznews.com,right-center,mixed,medium credibility
Bowling Green Daily News – Bias and Credibility,https://mediabiasfactcheck.com/bowling-green-daily-news/,www.bgdailynews.com,right-center,high,high credibility
AT Advocacy – Bias and Credibility,https://mediabiasfactcheck.com/at-advocacy-bias-and-credibility/,www.atadvocacy.com,left,mostly,medium credibility
Bitch Media – Bias and Credibility,https://mediabiasfactcheck.com/bitch-media/,www.bitchmedia.org,left,high,high credibility
Campaign for Liberty – Bias and Credibility,https://mediabiasfactcheck.com/campaign-for-liberty/,www.campaignforliberty.org,right-center,mixed,medium credibility
Brit + Co – Bias and Credibility,https://mediabiasfactcheck.com/brit-co-bias-and-credibility/,www.brit.co,left,mostly,medium credibility
Chatham-Kent This Week – Bias and Credibility,https://mediabiasfactcheck.com/chatham-kent-this-week-bias/,www.chathamthisweek.com,right-center,high,high credibility
Care2 – Bias and Credibility,https://mediabiasfactcheck.com/care2/,www.care2.com,left,mixed,medium credibility
Cochrane Times-Post – Bias and Credibility,https://mediabiasfactcheck.com/cochrane-times-post-bias-and-credibility/,www.cochranetimespost.ca,right-center,high,high credibility
Cincinnati CityBeat – Bias and Credibility,https://mediabiasfactcheck.com/cincinnati-citybeat-bias/,www.citybeat.com,left,high,high credibility
Dagens Nyheter – Bias and Credibility,https://mediabiasfactcheck.com/dagens-nyheter-bias/,www.dn.se,right-center,high,high credibility
Commune Magazine – Bias and Credibility,https://mediabiasfactcheck.com/commune-magazine/,www.communemag.com,left,mixed,medium credibility
Deseret News – Bias and Credibility,https://mediabiasfactcheck.com/deseret-news/,www.deseret.com,right-center,high,high credibility
Current Affairs Magazine – Bias and Credibility,https://mediabiasfactcheck.com/current-affairs-magazine/,www.currentaffairs.org,left,high,high credibility
Daily Montanan – Bias and Credibility,https://mediabiasfactcheck.com/daily-montanan-bias/,www.dailymontanan.com,left,high,high credibility
DeadState – Bias and Credibility,https://mediabiasfactcheck.com/dead-state/,www.deadstate.org,left,high,high credibility
El Mundo – Bias and Credibility,https://mediabiasfactcheck.com/el-mundo/,www.elmundo.es,right-center,mostly,high credibility
Fairborn Daily Herald – Bias and Credibility,https://mediabiasfactcheck.com/fairborn-daily-herald-bias/,www.fairborndailyherald.com,right-center,high,high credibility
Firearms News – Bias and Credibility,https://mediabiasfactcheck.com/firearms-news/,www.firearmsnews.com,right-center,mostly,high credibility
Finnish News – Bias and Credibility,https://mediabiasfactcheck.com/finnish-news/,www.finnishnews.fi,left,mostly,high credibility
Fortnightly Review – Bias and Credibility,https://mediabiasfactcheck.com/fortnightly-review/,fortnightlyreview.co.uk,right-center,high,high credibility
Gay City News – Bias and Credibility,https://mediabiasfactcheck.com/gay-city-news-bias/,www.gaycitynews.com,left,high,high credibility
Fredericton Daily Gleaner – Bias and Credibility,https://mediabiasfactcheck.com/fredericton-daily-gleaner-bias/,www.tj.news,right-center,high,high credibility
Galveston County Daily News – Bias and Credibility,https://mediabiasfactcheck.com/galveston-county-daily-news-bias/,www.galvnews.com,right-center,high,high credibility
Harvard International Review – Bias and Credibility,https://mediabiasfactcheck.com/harvard-international-review-bias/,hir.harvard.edu,left,high,high credibility
In Defence of Marxism – Bias and Credibility,https://mediabiasfactcheck.com/in-defence-of-marxism/,www.marxist.com,left,mostly,medium credibility
Informed Comment – Bias and Credibility,https://mediabiasfactcheck.com/informed-comment/,www.juancole.com,left,mostly,medium credibility
Het Laatste Nieuws (HLN) – Bias and Credibility,https://mediabiasfactcheck.com/het-laatste-nieuws-hln/,www.hln.be,right-center,mostly,high credibility
The Hindu Business Line – Bias and Credibility,https://mediabiasfactcheck.com/the-hindu-business-line/,www.thehindubusinessline.com,right-center,mixed,medium credibility
Lavender Magazine – Bias and Credibility,https://mediabiasfactcheck.com/lavender-magazine/,www.lavendermagazine.com,left,high,high credibility
India Times – Bias and Credibility,https://mediabiasfactcheck.com/india-times-bias-rating/,www.indiatimes.com,right-center,mixed,medium credibility
Institute for Humane Studies – Bias and Credibility,https://mediabiasfactcheck.com/institute-for-humane-studies/,www.theihs.org,right-center,high,high credibility
Jessamine Journal – Bias and Credibility,https://mediabiasfactcheck.com/jessamine-journal-bias/,www.jessaminejournal.com,right-center,high,high credibility
Milwaukee Independent – Bias and Credibility,https://mediabiasfactcheck.com/milwaukee-independent/,www.milwaukeeindependent.com,left,mostly,medium credibility
BNR NewsRadio – Bias and Credibility,https://mediabiasfactcheck.com/bnr-newsradio/,www.bnr.nl,right-center,mostly,high credibility
Arizona Mirror – Bias and Credibility,https://mediabiasfactcheck.com/arizona-mirror-bias/,www.azmirror.com,left,high,high credibility
Bugle Observer – Bias and Credibility,https://mediabiasfactcheck.com/bugle-observer-bias/,www.tj.news,right-center,high,high credibility
California Political Review – Bias and Credibility,https://mediabiasfactcheck.com/california-political-review/,www.capoliticalreview.com,right-center,mostly,medium credibility
Bolde – Bias and Credibility,https://mediabiasfactcheck.com/bolde-bias/,www.bolde.com,left,mixed,medium credibility
CCN.com – Bias and Credibility,https://mediabiasfactcheck.com/ccn-markets-bias-rating/,www.ccn.com,right-center,high,high credibility
Check Your Fact – Bias and Credibility,https://mediabiasfactcheck.com/check-your-fact/,www.checkyourfact.com,right-center,high,high credibility
Ceasefire Magazine – Bias and Credibility,https://mediabiasfactcheck.com/ceasefire-magazine/,ceasefiremagazine.co.uk,left,high,high credibility
Chicago Reader – Bias and Credibility,https://mediabiasfactcheck.com/chicago-reader/,www.chicagoreader.com,left,high,high credibility
Climate Home News – Bias and Credibility,https://mediabiasfactcheck.com/climate-home-news-bias/,www.climatechangenews.com,left,high,high credibility
Daily Mining Gazette – Bias and Credibility,https://mediabiasfactcheck.com/daily-mining-gazette/,www.mininggazette.com,right-center,high,high credibility
Danville Advocate-Messenger – Bias and Credibility,https://mediabiasfactcheck.com/danville-advocate-messenger-bias/,www.amnews.com,right-center,high,high credibility
Cop Block – Bias and Credibility,https://mediabiasfactcheck.com/cop-block/,www.copblock.org,left,mixed,medium credibility
CrimethInc – Bias and Credibility,https://mediabiasfactcheck.com/crimethinc/,www.crimethinc.com,left,high,high credibility
Daily Dot – Bias and Credibility,https://mediabiasfactcheck.com/daily-dot/,www.dailydot.com,left,high, credibility
Daily Sound and Fury – Bias and Credibility,https://mediabiasfactcheck.com/daily-sound-and-fury/,www.dailysoundandfury.com,left,mixed,medium credibility
Edmonton Sun – Bias and Credibility,https://mediabiasfactcheck.com/edmonton-sun/,www.edmontonsun.com,right-center,high,high credibility
End Time Headlines – Bias and Credibility,https://mediabiasfactcheck.com/end-time-headlines/,www.endtimeheadlines.org,right-center,mostly,medium credibility
Electronic Intifada – Bias and Credibility,https://mediabiasfactcheck.com/electronic-intifada/,www.electronicintifada.net,left,mostly,no credibility rating available
Evonomics – Bias and Credibility,https://mediabiasfactcheck.com/evonomics/,www.evonomics.com,left,high,high credibility
Fort Bend Herald – Bias and Credibility,https://mediabiasfactcheck.com/fort-bend-herald/,www.fbherald.com,right-center,high,high credibility
Fortune Magazine – Bias and Credibility,https://mediabiasfactcheck.com/fortune-magazine/,www.fortune.com,right-center,high,high credibility
Gay Star News – Bias and Credibility,https://mediabiasfactcheck.com/gay-star-news/,www.gaystarnews.com,left,mixed,medium credibility
Freedom Alliance – Bias and Credibility,https://mediabiasfactcheck.com/freedom-alliance-bias-rating/,www.freedomalliance.org,right-center,high,no credibility rating available
Grasping Reality With Both Hands: Bradford DeLong – Bias and Credibility,https://mediabiasfactcheck.com/grasping-reality-hands-bradford-delong/,www.bradford-delong.com,left,high,high credibility
Grand Haven Tribune – Bias and Credibility,https://mediabiasfactcheck.com/grand-haven-tribune-bias/,www.grandhaventribune.com,right-center,high,high credibility
Greenville Daily Advocate – Bias and Credibility,https://mediabiasfactcheck.com/greenville-daily-advocate-bias/,www.dailyadvocate.com,right-center,high,high credibility
Inequality Media – Bias and Credibility,https://mediabiasfactcheck.com/inequality-media/,www.inequalitymedia.org,left,high,high credibility
Institute for Policy Studies – Bias and Credibility,https://mediabiasfactcheck.com/institute-policy-studies/,www.ips-dc.org,left,mostly,medium credibility
Iowa Starting Line – Bias and Credibility,https://mediabiasfactcheck.com/iowa-starting-line/,www.iowastartingline.com,left,high,high credibility
Junkee – Bias and Credibility,https://mediabiasfactcheck.com/junkee-bias/,www.junkee.com,left,mostly,high credibility
Left Foot Forward – Bias and Credibility,https://mediabiasfactcheck.com/left-foot-forward/,www.leftfootforward.org,left,mixed,medium credibility
Il Giornale – Bias and Credibility,https://mediabiasfactcheck.com/il-giornale/,www.ilgiornale.it,right-center,mostly,medium credibility
Liberal America – Bias and Credibility,https://mediabiasfactcheck.com/liberal-america/,www.liberalamerica.org,left,mixed,medium credibility
Interfax – Russia – Bias and Credibility,https://mediabiasfactcheck.com/interfax-russia-bias/,www.interfax.ru,right-center,mixed,medium credibility
Meduza – Bias and Credibility,https://mediabiasfactcheck.com/meduza/,www.meduza.io,left,high,high credibility
Bogalusa Daily News – Bias and Credibility,https://mediabiasfactcheck.com/bogalusa-daily-news-bias/,www.bogalusadailynews.com,right-center,high,high credibility
Americans United for Separation of Church and State – Bias and Credibility,https://mediabiasfactcheck.com/american-united-separation-church-state/,www.au.org,left,high,high credibility
Breakthrough Institute – Bias and Credibility,https://mediabiasfactcheck.com/breakthrough-institute/,www.thebreakthrough.org,right-center,high,high credibility
B.T. Denmark – Bias and Credibility,https://mediabiasfactcheck.com/b-t-denmark/,www.bt.dk,right-center,mostly,high credibility
Business Standard (India) – Bias and Credibility,https://mediabiasfactcheck.com/business-standard-india/,www.business-standard.com,right-center,mostly,high credibility
Black Main Street – Bias and Credibility,https://mediabiasfactcheck.com/black-main-street/,www.blackmainstreet.net,left,mostly,medium credibility
Cassopolis Vigilant – Bias and Credibility,https://mediabiasfactcheck.com/cassopolis-vigilant-bias/,www.leaderpub.com,right-center,high,high credibility
Call to Activism – Bias and Credibility,https://mediabiasfactcheck.com/call-to-activism/,www.calltoactivism.com,left,mostly,medium credibility
Christianity Today – Bias and Credibility,https://mediabiasfactcheck.com/christianity-today/,www.christianitytoday.com,right-center,high,high credibility
Center for Media and Democracy (PR Watch) – Bias and Credibility,https://mediabiasfactcheck.com/center-for-media-and-democracy/,www.prwatch.org,left,high,high credibility
Committee for a Responsible Federal Budget – Bias and Credibility,https://mediabiasfactcheck.com/committee-for-a-responsible-federal-budget/,www.crfb.org,right-center,high,high credibility
Dadeville Record – Bias and Credibility,https://mediabiasfactcheck.com/dadeville-record-bias/,www.alexcityoutlook.com,right-center,high,high credibility
Colorado Times Recorder – Bias and Credibility,https://mediabiasfactcheck.com/colorado-times-recorder-bias/,www.coloradotimesrecorder.com,left,high,high credibility
Dallas Morning News – Bias and Credibility,https://mediabiasfactcheck.com/dallas-morning-news/,www.dallasnews.com,right-center,high,high credibility
Consortium News – Bias and Credibility,https://mediabiasfactcheck.com/consortium-news/,www.consortiumnews.com,left,mostly,high credibility
CounterCurrents.org – Bias and Credibility,https://mediabiasfactcheck.com/countercurrents-org/,www.countercurrents.org,left,mostly,high credibility
CounterPunch – Bias and Credibility,https://mediabiasfactcheck.com/counterpunch/,www.counterpunch.org,left,mostly,high credibility
Die Presse – Bias and Credibility,https://mediabiasfactcheck.com/die-presse/,www.diepresse.com,right-center,high,high credibility
Daily Beast – Bias and Credibility,https://mediabiasfactcheck.com/daily-beast/,www.thedailybeast.com,left,mixed, credibility
Eaton Register-Herald – Bias and Credibility,https://mediabiasfactcheck.com/eaton-register-herald-bias/,www.registerherald.com,right-center,high,high credibility
Edmonton Journal – Bias and Credibility,https://mediabiasfactcheck.com/edmonton-journal/,www.edmontonjournal.com,right-center,high,high credibility
Edwardsburg Argus – Bias and Credibility,https://mediabiasfactcheck.com/edwardsburg-argus-bias/,www.leaderpub.com,right-center,high,high credibility
Deshabhimani – Bias and Credibility,https://mediabiasfactcheck.com/deshabhimani/,www.deshabhimani.com,left,mixed,medium credibility
Dissent Magazine – Bias and Credibility,https://mediabiasfactcheck.com/dissent-magazine/,www.dissentmagazine.org,left,high,high credibility
Fairview Post – Bias and Credibility,https://mediabiasfactcheck.com/fairview-post-bias/,www.fairviewpost.com,right-center,high,high credibility
Elite Daily – Bias and Credibility,https://mediabiasfactcheck.com/elite-daily/,www.elitedaily.com,left,mixed,medium credibility
Fifth Estate – Bias and Credibility,https://mediabiasfactcheck.com/fifth-estate/,www.fifthestate.org,left,high,high credibility
Foreign Policy News – Bias and Credibility,https://mediabiasfactcheck.com/foreign-policy-news/,www.foreignpolicynews.org,left,mixed,medium credibility
FStv (freespeech.org) – Bias and Credibility,https://mediabiasfactcheck.com/fstv-freespeech-org/,www.freespeech.org,left,mixed,medium credibility
Frankfort Times – Bias and Credibility,https://mediabiasfactcheck.com/frankfort-times-bias/,www.ftimes.com,right-center,high,high credibility
Giffords Law Center to Prevent Gun Violence – Bias and Credibility,https://mediabiasfactcheck.com/giffords-law-center-to-prevent-gun-violence-bias/,www.giffords.org,left,mostly,high credibility
GQ Magazine – Bias and Credibility,https://mediabiasfactcheck.com/gq-magazine/,www.gq.com,left,high,high credibility
Grand Forks Herald – Bias and Credibility,https://mediabiasfactcheck.com/grand-forks-herald-bias/,www.grandforksherald.com,right-center,high,high credibility
Human Rights Campaign (HRC) – Bias and Credibility,https://mediabiasfactcheck.com/human-rights-campaign/,www.hrc.org,left,high,high credibility
Hammond Daily Star – Bias and Credibility,https://mediabiasfactcheck.com/hammond-daily-star-bias/,www.hammondstar.com,right-center,high,high credibility
Amandla – Bias and Credibility,https://mediabiasfactcheck.com/amandla/,aidc.org.za,left,high,high credibility
Bay Area Reporter – Bias and Credibility,https://mediabiasfactcheck.com/bay-area-reporter/,www.ebar.com,left,high,high credibility
Brut.Media – Bias and Credibility,https://mediabiasfactcheck.com/brut-media-bias/,www.brut.media,left,mostly,medium credibility
Clarin – Bias and Credibility,https://mediabiasfactcheck.com/clarin-bias/,www.clarin.com,right-center,high,high credibility
Cochrane Times – Bias and Credibility,https://mediabiasfactcheck.com/cochrane-times-bias/,www.cochranetimes.com,right-center,high,high credibility
Colorado Springs Gazette – Bias and Credibility,https://mediabiasfactcheck.com/colorado-springs-gazette/,www.gazette.com,right-center,high,high credibility
Counter Extremism Project – Bias and Credibility,https://mediabiasfactcheck.com/counter-extremism-project/,www.counterextremism.com,right-center,high,high credibility
DailyO – Bias and Credibility,https://mediabiasfactcheck.com/DailyO-bias-rating/,www.dailyo.in,right-center,mixed,medium credibility
Cosmopolitan – Bias and Credibility,https://mediabiasfactcheck.com/cosmopolitan/,www.cosmopolitan.com,left,mixed,medium credibility
Devon Dispatch – Bias and Credibility,https://mediabiasfactcheck.com/devon-dispatch-bias/,www.devondispatch.ca,right-center,high,high credibility
Drayton Valley Western Review – Bias and Credibility,https://mediabiasfactcheck.com/drayton-valley-western-review-bias/,www.draytonvalleywesternreview.com,right-center,high,high credibility
Dallas Voice – Bias and Credibility,https://mediabiasfactcheck.com/dallas-voice/,www.dallasvoice.com,left,high,high credibility
Democracy Journal – Bias and Credibility,https://mediabiasfactcheck.com/democracy-journal/,www.democracyjournal.org,left,high,high credibility
El Universo – Bias and Credibility,https://mediabiasfactcheck.com/el-universo-bias/,www.eluniverso.com,right-center,high,high credibility
Ethnikos Kyrix – Bias and Credibility,https://mediabiasfactcheck.com/ethnikos-kyrix/,www.ekirikas.com,right-center,mixed,medium credibility
Ecowatch – Bias and Credibility,https://mediabiasfactcheck.com/ecowatch/,www.ecowatch.com,left,mostly,medium credibility
Financial Post – Bias and Credibility,https://mediabiasfactcheck.com/financial-post/,www.financialpost.com,right-center,mostly,high credibility
Foreign Policy Research Institute – Bias and Credibility,https://mediabiasfactcheck.com/foreign-policy-research-institute/,www.fpri.org,right-center,high,high credibility
Fort Worth Star-Telegram – Bias and Credibility,https://mediabiasfactcheck.com/star-telegram/,www.star-telegram.com,right-center,high,high credibility
Foxillinois.com (WRSP – WCCU) – Bias and Credibility,https://mediabiasfactcheck.com/foxillinois-com-wrsp-wccu/,www.foxillinois.com,right-center,high,high credibility
Franklin News Foundation – Bias and Credibility,https://mediabiasfactcheck.com/franklin-center-for-government-and-public-integrity/,www.franklinnews.org,right-center,mixed,medium credibility
Global Voices – Bias and Credibility,https://mediabiasfactcheck.com/global-voices/,www.globalvoices.org,left,high,no credibility rating available
Goldsboro News Argus – Bias and Credibility,https://mediabiasfactcheck.com/goldsboro-news-argus-bias/,www.newsargus.com,right-center,high,high credibility
Greeley Tribune – Bias and Credibility,https://mediabiasfactcheck.com/greeley-tribune/,www.greeleytribune.com,right-center,high,high credibility
Guns.com – Bias and Credibility,https://mediabiasfactcheck.com/guns-com/,www.guns.com,right-center,high,high credibility
Harlan Enterprise – Bias and Credibility,https://mediabiasfactcheck.com/harlan-enterprise-bias/,www.harlanenterprise.net,right-center,high,high credibility
Hi-Desert Star – Bias and Credibility,https://mediabiasfactcheck.com/hi-desert-star/,www.hidesertstar.com,right-center,high,high credibility
HonestReporting – Bias and Credibility,https://mediabiasfactcheck.com/honest-reporting/,www.honestreporting.com,right-center,mostly,medium credibility
ICitizen – Bias and Credibility,https://mediabiasfactcheck.com/icitizen/,www.icitizen.com,right-center,high,medium credibility
India Today – Bias and Credibility,https://mediabiasfactcheck.com/india-today/,www.indiatoday.in,right-center,mixed,medium credibility
Maine Beacon – Bias and Credibility,https://mediabiasfactcheck.com/maine-beacon/,www.mainebeacon.com,left,high,high credibility
The Jerusalem Post – Bias and Credibility,https://mediabiasfactcheck.com/the-jerusalem-post/,www.jpost.com,right-center,mostly,high credibility
Middle East Monitor – Bias and Credibility,https://mediabiasfactcheck.com/middle-east-monitor/,www.middleeastmonitor.com,left,mixed,medium credibility
Just Facts Daily – Bias and Credibility,https://mediabiasfactcheck.com/just-facts-daily/,www.justfactsdaily.com,right-center,mixed,medium credibility
KATU2 – Portland News – Bias and Credibility,https://mediabiasfactcheck.com/katu2/,www.katu.com,right-center,high,high credibility
KATV – Little Rock News – Bias and Credibility,https://mediabiasfactcheck.com/katv-little-rock-news-bias/,www.katv.com,right-center,high,high credibility
Nevada Current – Bias and Credibility,https://mediabiasfactcheck.com/nevada-current-bias/,www.nevadacurrent.com,left,high,high credibility
KDNL – St. Louis News – Bias and Credibility,https://mediabiasfactcheck.com/kdnl-st-louis-news-bias/,www.abcstlouis.com,right-center,high,high credibility
KDSM – Des Moines News – Bias and Credibility,https://mediabiasfactcheck.com/kdsm-des-moines-news-bias/,www.kdsm17.com,right-center,high,high credibility
New York Amsterdam News – Bias and Credibility,https://mediabiasfactcheck.com/new-york-amsterdam-news/,www.amsterdamnews.com,left,high,high credibility
Buenos Aires Times – Bias and Credibility,https://mediabiasfactcheck.com/buenos-aires-times/,www.batimes.com.ar,right-center,high,high credibility
Black Agenda Report – Bias and Credibility,https://mediabiasfactcheck.com/black-agenda-report/,www.blackagendareport.com,left,mixed,medium credibility
Canadian Taxpayers Federation – Bias and Credibility,https://mediabiasfactcheck.com/canadian-taxpayers-federation/,www.taxpayer.com,right-center,high,high credibility
Briarpatch Magazine – Bias and Credibility,https://mediabiasfactcheck.com/briarpatch-magazine-bias/,www.briarpatchmagazine.com,left,high,high credibility
Charlottetown Guardian – Bias and Credibility,https://mediabiasfactcheck.com/charlottetown-guardian-bias/,www.saltwire.com,right-center,high,high credibility
China Digital Times (CDT) – Bias and Credibility,https://mediabiasfactcheck.com/china-digital-times-cdt/,www.chinadigitaltimes.net,right-center,mostly,high credibility
Center for Law and Social Policy (CLASP) – Bias and Credibility,https://mediabiasfactcheck.com/center-for-law-and-social-policy-clasp-bias-2/,www.clasp.org,left,high,high credibility
Citizen Critics – Bias and Credibility,https://mediabiasfactcheck.com/citizen-critics/,www.citizencritics.org,left,mostly,medium credibility
Coda Story – Bias and Credibility,https://mediabiasfactcheck.com/coda-story-bias/,www.codastory.com,left,high,high credibility
Daily Herald – Bias and Credibility,https://mediabiasfactcheck.com/daily-herald/,www.dailyherald.com,right-center,high,high credibility
Columbus Free Press – Bias and Credibility,https://mediabiasfactcheck.com/columbus-free-press/,www.columbusfreepress.com,left,mixed,medium credibility
Communist Party USA – Bias and Credibility,https://mediabiasfactcheck.com/communist-party-usa-bias/,www.cpusa.org,left,mostly,medium credibility
Demopolis Times – Bias and Credibility,https://mediabiasfactcheck.com/demopolis-times-bias/,www.demopolistimes.com,right-center,high,high credibility
Detroit Lakes Tribune – Bias and Credibility,https://mediabiasfactcheck.com/detroit-lakes-tribune-bias/,www.dl-online.com,right-center,high,high credibility
Crooked Media – Bias and Credibility,https://mediabiasfactcheck.com/crooked-media/,www.crooked.com,left,mostly,medium credibility
Douglas County Sentinel – Bias and Credibility,https://mediabiasfactcheck.com/douglas-county-sentinel-bias/,www.douglascountysentinel.com,right-center,high,high credibility
Daily Kos – Bias and Credibility,https://mediabiasfactcheck.com/daily-kos/,www.dailykos.com,left,mixed,medium credibility
Daily Record (Scotland) – Bias and Credibility,https://mediabiasfactcheck.com/daily-record-scotland/,www.dailyrecord.co.uk,left,mostly,high credibility
DavidPakman.com – Bias and Credibility,https://mediabiasfactcheck.com/davidpakman-com-bias/,www.davidpakman.com,left,mostly,high credibility
El Financiero – Bias and Credibility,https://mediabiasfactcheck.com/el-financiero-bias/,www.elfinanciero.com.mx,right-center,mostly,high credibility
DeSmogBlog – Bias and Credibility,https://mediabiasfactcheck.com/desmog/,www.desmogblog.com,left,high,high credibility
Electoral-Vote.com – Bias and Credibility,https://mediabiasfactcheck.com/electoral-vote-com/,www.electoral-vote.com,left,high,high credibility
Everyday Feminism – Bias and Credibility,https://mediabiasfactcheck.com/everyday-feminism/,www.everydayfeminism.com,left,mixed,medium credibility
Florida Phoenix – Bias and Credibility,https://mediabiasfactcheck.com/florida-phoenix-bias/,www.floridaphoenix.com,left,high,high credibility
Freedom From Religion Foundation (FFRF) – Bias and Credibility,https://mediabiasfactcheck.com/freedom-religion-foundation-ffrf/,www.ffrf.org,left,mixed,medium credibility
Frankfort State Journal – Bias and Credibility,https://mediabiasfactcheck.com/frankfort-state-journal-bias/,www.state-journal.com,right-center,high,high credibility
Fraser Institute – Bias and Credibility,https://mediabiasfactcheck.com/fraser-institute/,www.fraserinstitute.org,right-center,mixed,medium credibility
Gallipolis Daily Tribune – Bias and Credibility,https://mediabiasfactcheck.com/gallipolis-daily-tribune-bias/,www.mydailytribune.com,right-center,high,high credibility
Haaretz – Bias and Credibility,https://mediabiasfactcheck.com/haaretz/,www.haaretz.com,left,high,high credibility
Huffington Post (HuffPost) – Bias and Credibility,https://mediabiasfactcheck.com/huffington-post/,www.huffpost.com,left,mixed,medium credibility
The Independent Florida Alligator – Bias and Credibility,https://mediabiasfactcheck.com/the-independent-florida-alligator/,www.alligator.org,left,high,high credibility
International Policy Digest – Bias and Credibility,https://mediabiasfactcheck.com/international-policy-digest-bias/,www.intpolicydigest.org,left,high,high credibility
It’s Going Down – Bias and Credibility,https://mediabiasfactcheck.com/its-going-down/,www.itsgoingdown.org,left,mixed,medium credibility
Human Progress – Bias and Credibility,https://mediabiasfactcheck.com/human-progress/,www.humanprogress.org,right-center,mostly,high credibility
iefimerida.gr – Bias and Credibility,https://mediabiasfactcheck.com/iefimerida-gr/,www.iefimerida.gr,right-center,mixed,medium credibility
In Homeland Security – Bias and Credibility,https://mediabiasfactcheck.com/in-homeland-security/,www.amuedge.com,right-center,high,high credibility
Inforum (The Forum of Fargo-Moorhead) – Bias and Credibility,https://mediabiasfactcheck.com/inforum-the-forum-fargo-moorhead-bias-rating/,www.inforum.com,right-center,high,high credibility
ITV News – Bias and Credibility,https://mediabiasfactcheck.com/itv-news/,www.itv.com,right-center,high,high credibility
Jewish Journal – Bias and Credibility,https://mediabiasfactcheck.com/jewish-journal/,www.jewishjournal.com,right-center,high,high credibility
Journal Pioneer – Bias and Credibility,https://mediabiasfactcheck.com/journal-pioneer-bias/,www.saltwire.com,right-center,high,high credibility
MSNBC – Bias and Credibility,https://mediabiasfactcheck.com/msnbc/,www.msnbc.com,left,mixed,medium credibility
Clinton News-Record – Bias and Credibility,https://mediabiasfactcheck.com/clinton-news-record-bias/,www.clintonnewsrecord.com,right-center,high,high credibility
The Chicago Reporter – Bias and Credibility,https://mediabiasfactcheck.com/the-chicago-reporter/,www.chicagoreporter.com,left,high,high credibility
Cleveland Scene – Bias and Credibility,https://mediabiasfactcheck.com/cleveland-scene/,www.clevescene.com,left,high,high credibility
Colorado Newsline – Bias and Credibility,https://mediabiasfactcheck.com/colorado-newsline-bias/,www.coloradonewsline.com,left,high,high credibility
DC Journal – Bias and Credibility,https://mediabiasfactcheck.com/dc-journal-bias/,www.dcjournal.com,right-center,mostly,medium credibility
Desert Sun – Bias and Credibility,https://mediabiasfactcheck.com/desert-sun/,www.desertsun.com,right-center,high,high credibility
Die Welt – Bias and Credibility,https://mediabiasfactcheck.com/die-welt/,www.welt.de,right-center,high,high credibility
Daily News Bin – Bias and Credibility,https://mediabiasfactcheck.com/daily-news-bin/,www.dailynewsbin.com,left,mixed,no credibility rating available
Edmonton Examiner – Bias and Credibility,https://mediabiasfactcheck.com/edmonton-examiner/,www.edmontonexaminer.com,right-center,mostly,high credibility
Elizabethtown News-Herald – Bias and Credibility,https://mediabiasfactcheck.com/elizabethtown-news-herald-bias/,www.thenewsenterprise.com,right-center,high,high credibility
Drudge Retort – Bias and Credibility,https://mediabiasfactcheck.com/drudge-retort/,www.drudge.com,left,mixed,medium credibility
EgbertoWillies – Bias and Credibility,https://mediabiasfactcheck.com/egbertowillies/,www.egbertowillies.com,left,high,high credibility
Esquire Magazine – Bias and Credibility,https://mediabiasfactcheck.com/esquire-magazine/,www.esquire.com,left,mixed,medium credibility
Feminist Current – Bias and Credibility,https://mediabiasfactcheck.com/feminist-current/,www.feministcurrent.com,left,mixed,medium credibility
Foreign Policy Journal – Bias and Credibility,https://mediabiasfactcheck.com/foreign-policy-journal/,www.foreignpolicyjournal.com,left,mixed,no credibility rating available
Front Page Live – Bias and Credibility,https://mediabiasfactcheck.com/front-page-live/,www.frontpageslive.com,left,mostly,medium credibility
Franklin Daily Journal – Bias and Credibility,https://mediabiasfactcheck.com/franklin-daily-journal-bias/,www.dailyjournal.net,right-center,high,high credibility
GLAAD – Bias and Credibility,https://mediabiasfactcheck.com/glaad/,www.glaad.org,left,high,high credibility
GodUpdates – Bias and Credibility,https://mediabiasfactcheck.com/godupdates-bias/,www.godupdates.com,right-center,mostly,medium credibility
Harper’s Bazaar – Bias and Credibility,https://mediabiasfactcheck.com/harpers-bazaar-bias/,www.harpersbazaar.com,left,mostly,high credibility
Greenville Advocate – Bias and Credibility,https://mediabiasfactcheck.com/greenville-advocate-bias/,www.greenvilleadvocate.com,right-center,high,high credibility
Indivisible Movement – Bias and Credibility,https://mediabiasfactcheck.com/indivisible-movement-bias/,www.indivisible.org,left,mostly,medium credibility
Herald/Review Media – Bias and Credibility,https://mediabiasfactcheck.com/herald-review-media-bias/,www.myheraldreview.com,right-center,high,high credibility
High River Times – Bias and Credibility,https://mediabiasfactcheck.com/high-river-times-bias/,www.highrivertimes.com,right-center,high,high credibility
Kansas Reflector – Bias and Credibility,https://mediabiasfactcheck.com/kansas-reflector-bias/,www.kansasreflector.com,left,high,high credibility
Left Voice – Bias and Credibility,https://mediabiasfactcheck.com/left-voice/,www.leftvoice.org,left,mixed,medium credibility
Liberation News – Bias and Credibility,https://mediabiasfactcheck.com/liberation-news/,www.liberationnews.org,left,mostly,medium credibility
Mashable – Bias and Credibility,https://mediabiasfactcheck.com/mashable/,www.mashable.com,left,mostly,high credibility
Jewish Breaking News – Bias and Credibility,https://mediabiasfactcheck.com/jewish-breaking-news/,www.jewishbreakingnews.com,right-center,mixed,medium credibility
Jonesboro Sun – Bias and Credibility,https://mediabiasfactcheck.com/jonesboro-sun-bias/,www.jonesborosun.com,right-center,high,high credibility
KABB – Fox 29 – Bias and Credibility,https://mediabiasfactcheck.com/kabb-fox-29-bias/,www.foxsanantonio.com,right-center,high,high credibility
KBAK – Bakersfield Now – Bias and Credibility,https://mediabiasfactcheck.com/kbak-bakersfield-now/,www.bakersfieldnow.com,right-center,high,high credibility
NC Newsline – Bias and Credibility,https://mediabiasfactcheck.com/nc-policy-watch/,www.ncnewsline.com,left,mostly,medium credibility
KBVK – Sioux City News – Bias and Credibility,https://mediabiasfactcheck.com/kbvk-sioux-city-news-bias/,www.siouxlandnews.com,right-center,high,high credibility
New Politics Magazine – Bias and Credibility,https://mediabiasfactcheck.com/new-politics-magazine/,www.newpol.org,left,mixed,medium credibility
KECI – Missoula News – Bias and Credibility,https://mediabiasfactcheck.com/keci-missoula-news-bias/,www.nbcmontana.com,right-center,high,high credibility
Kentucky New Era – Bias and Credibility,https://mediabiasfactcheck.com/kentucky-new-era-bias/,www.kentuckynewera.com,right-center,high,high credibility
KEPR – Pasco News – Bias and Credibility,https://mediabiasfactcheck.com/kepr-pasco-news-bias/,www.keprtv.com,right-center,high,high credibility
KFXA – Waterloo News – Bias and Credibility,https://mediabiasfactcheck.com/kfxa-waterloo-news-bias/,www.cbs2iowa.com,right-center,high,high credibility
NewsOne – Bias and Credibility,https://mediabiasfactcheck.com/newsone/,www.newsone.com,left,mostly,high credibility
KGAN – Cedar Rapids News – Bias and Credibility,https://mediabiasfactcheck.com/kgan-cedar-rapids-news/,www.cbs2iowa.com,right-center,high,high credibility
Now Magazine – Bias and Credibility,https://mediabiasfactcheck.com/now-magazine/,www.nowtoronto.com,left,high,high credibility
KIMA – Yakima News – Bias and Credibility,https://mediabiasfactcheck.com/kima-yakima-news-bias/,www.kimatv.com,right-center,high,high credibility
Griffin Daily News – Bias and Credibility,https://mediabiasfactcheck.com/griffin-daily-news-bias/,www.griffindailynews.com,right-center,high,high credibility
Haralson County Gateway-Beacon – Bias and Credibility,https://mediabiasfactcheck.com/haralson-county-gateway-beacon-bias/,www.times-georgian.com,right-center,high,high credibility
Iowa Capital Dispatch – Bias and Credibility,https://mediabiasfactcheck.com/iowa-capital-dispatch/,www.iowacapitaldispatch.com,left,mostly,medium credibility
JoeBiden.com – Bias and Credibility,https://mediabiasfactcheck.com/joebiden-com/,www.joebiden.com,left,mostly,high credibility
LA Weekly – Bias and Credibility,https://mediabiasfactcheck.com/la-weekly/,www.laweekly.com,left,mixed,medium credibility
Libcom.org – Bias and Credibility,https://mediabiasfactcheck.com/libcom-org/,www.libcom.org,left,mostly,medium credibility
Mail & Guardian – Bias and Credibility,https://mediabiasfactcheck.com/mail-guardian-bias/,mg.co.za,left,mixed,medium credibility
Jamestown Sun – Bias and Credibility,https://mediabiasfactcheck.com/jamestown-sun-bias/,www.jamestownsun.com,right-center,high,high credibility
Jewish News Syndicate (JNS) – Bias and Credibility,https://mediabiasfactcheck.com/jewish-news-syndicate-jns/,www.jns.org,right-center,high,no credibility rating available
Missouri Independent – Bias and Credibility,https://mediabiasfactcheck.com/missouri-independent-bias/,www.missouriindependent.com,left,high,high credibility
Khaleej Times – Bias and Credibility,https://mediabiasfactcheck.com/khaleej-times-bias/,www.khaleejtimes.com,right-center,mixed,medium credibility
KBFX – Bakersfield News – Bias and Credibility,https://mediabiasfactcheck.com/kbfx-bakersfield-news-bias/,www.bakersfieldnow.com,right-center,high,high credibility
KBSI – Cape Girardeau News – Bias and Credibility,https://mediabiasfactcheck.com/kbsi-cape-girardeau-news/,www.kbsi23.com,right-center,high,high credibility
KCBY – North Bend News – Bias and Credibility,https://mediabiasfactcheck.com/kcby-north-bend-news-bias/,www.kcby.com,right-center,high,high credibility
New Statesman – Bias and Credibility,https://mediabiasfactcheck.com/new-statesman/,www.newstatesman.com,left,high,high credibility
New York Magazine – Bias and Credibility,https://mediabiasfactcheck.com/new-york-magazine/,www.nymag.com,left,high,high credibility
New Yorker – Bias and Credibility,https://mediabiasfactcheck.com/new-yorker/,www.newyorker.com,left,high,high credibility
KFDM – Beaumont News – Bias and Credibility,https://mediabiasfactcheck.com/kfdm-beaumont-news-bias/,www.kfdm.com,right-center,high,high credibility
KFOX – El Paso News – Bias and Credibility,https://mediabiasfactcheck.com/kfox-el-paso-news-bias/,www.kfoxtv.com,right-center,high,high credibility
KFXL – Lincoln News – Bias and Credibility,https://mediabiasfactcheck.com/kfxl-lincoln-news-bias/,www.foxnebraska.com,right-center,high,high credibility
Novara Media – Bias and Credibility,https://mediabiasfactcheck.com/novara-media-bias/,www.novaramedia.com,left,mixed,medium credibility
KHQA – Quincy News – Bias and Credibility,https://mediabiasfactcheck.com/khqa-quincy-news-bias/,www.khqa.com,right-center,high,high credibility
Ohio Capital-Journal – Bias and Credibility,https://mediabiasfactcheck.com/ohio-capital-journal-bias/,www.ohiocapitaljournal.com,left,mostly,medium credibility
Kings County Record – Bias and Credibility,https://mediabiasfactcheck.com/kings-county-record-bias/,www.tj.news,right-center,high,high credibility
One Green Planet – Bias and Credibility,https://mediabiasfactcheck.com/one-green-planet/,www.onegreenplanet.org,left,mixed,medium credibility
KLEW TV – Lewiston News – Bias and Credibility,https://mediabiasfactcheck.com/klew-tv-lewiston-news/,www.klewtv.com,right-center,high,high credibility
KMEG – Sioux City News – Bias and Credibility,https://mediabiasfactcheck.com/kmeg-sioux-city-news/,www.siouxlandnews.com,right-center,high,high credibility
Open Society Foundations – Bias and Credibility,https://mediabiasfactcheck.com/open-society-foundations/,www.opensocietyfoundations.org,left,mixed,medium credibility
KMPH – FOX 26 – Bias and Credibility,https://mediabiasfactcheck.com/kmph-fox-26/,www.kmph.com,right-center,high,high credibility
Oregon Capital Chronicle – Bias and Credibility,https://mediabiasfactcheck.com/oregon-capital-chronicle-bias/,www.oregoncapitalchronicle.com,left,high,high credibility
KMTR – NBC16 – Springfield – Bias and Credibility,https://mediabiasfactcheck.com/kmtr-nbc16-springfield-bias/,www.nbc16.com,right-center,high,high credibility
Orlando Weekly – Bias and Credibility,https://mediabiasfactcheck.com/orlando-weekly-bias/,www.orlandoweekly.com,left,high,high credibility
Out Magazine – Bias and Credibility,https://mediabiasfactcheck.com/out-magazine/,www.out.com,left,mostly,medium credibility
Knewz – Bias and Credibility,https://mediabiasfactcheck.com/knewz/,www.knewz.com,right-center,mostly,medium credibility
Palmer Report – Bias and Credibility,https://mediabiasfactcheck.com/palmer-report/,www.palmerreport.com,left,mixed,medium credibility
KOKH – Fox 25 – Bias and Credibility,https://mediabiasfactcheck.com/kokh-fox-25/,www.okcfox.com,right-center,high,high credibility
Paste Magazine – Bias and Credibility,https://mediabiasfactcheck.com/paste-magazine/,www.pastemagazine.com,left,high,high credibility
Pennsylvania Capital-Star – Bias and Credibility,https://mediabiasfactcheck.com/pennsylvania-capital-star/,www.penncapital-star.com,left,mostly,medium credibility
Korea Herald – Bias and Credibility,https://mediabiasfactcheck.com/korean-herald/,www.koreaherald.com,right-center,mostly,high credibility
KPTH – Sioux City News – Bias and Credibility,https://mediabiasfactcheck.com/kpth-sioux-city-news-bias/,www.siouxlandnews.com,right-center,high,high credibility
People for the American Way (PFAW) – Bias and Credibility,https://mediabiasfactcheck.com/people-american-way-pfaw/,www.pfaw.org,left,mostly,medium credibility
KPTM – Omaha News – Bias and Credibility,https://mediabiasfactcheck.com/kptm-omaha-news-bias/,www.fox42kptm.com,right-center,high,high credibility
People Magazine – Bias and Credibility,https://mediabiasfactcheck.com/people-magazine/,www.people.com,left,high,high credibility
KPTP – Sioux City News – Bias and Credibility,https://mediabiasfactcheck.com/kptp-sioux-city-news/,www.siouxlandnews.com,right-center,high,high credibility
KSNV – Las Vegas – Bias and Credibility,https://mediabiasfactcheck.com/ksnv-las-vegas/,www.news3lv.com,right-center,high,high credibility
Progressive Change Campaign Committee – Bias and Credibility,https://mediabiasfactcheck.com/progressive-change-campaign-committee/,www.boldprogressives.org,left,mixed,medium credibility
Raw Story – Bias and Credibility,https://mediabiasfactcheck.com/raw-story/,www.rawstory.com,left,high,high credibility
Refinery29 – Bias and Credibility,https://mediabiasfactcheck.com/refinery29/,www.refinery29.com,left,mostly,high credibility
Resolute Square – Bias and Credibility,https://mediabiasfactcheck.com/resolute-square-bias/,www.resolutesquare.com,left,high,high credibility
Liberty Courier-Tribune – Bias and Credibility,https://mediabiasfactcheck.com/liberty-courier-tribune-bias/,www.mycouriertribune.com,right-center,high,high credibility
Los Angeles Daily News – Bias and Credibility,https://mediabiasfactcheck.com/los-angeles-daily-news/,www.dailynews.com,right-center,high,high credibility
Smirking Chimp – Bias and Credibility,https://mediabiasfactcheck.com/smirking-chimp/,www.smirkingchimp.com,left,mixed,medium credibility
Marginal Revolution – Bias and Credibility,https://mediabiasfactcheck.com/marginal-revolution/,www.marginalrevolution.com,right-center,high,high credibility
Mayerthorpe Freelancer – Bias and Credibility,https://mediabiasfactcheck.com/mayerthorpe-freelancer/,www.mayerthorpefreelancer.com,right-center,high,high credibility
The Advocate – Bias and Credibility,https://mediabiasfactcheck.com/advocate/,www.advocate.com,left,high,high credibility
Mobile Press-Register – Bias and Credibility,https://mediabiasfactcheck.com/mobile-press-register-bias/,www.al.com,right-center,high,high credibility
The Daily Banter – Bias and Credibility,https://mediabiasfactcheck.com/the-daily-banter/,www.thedailybanter.com,left,mixed,no credibility rating available
The Dworkin Report – Bias and Credibility,https://mediabiasfactcheck.com/the-dworkin-report/,www.dworkinreport.com,left,mixed,medium credibility
(New York) Observer – Bias and Credibility,https://mediabiasfactcheck.com/new-york-observer/,www.observer.com,right-center,high,high credibility
The Lever – Bias and Credibility,https://mediabiasfactcheck.com/the-daily-poster/,www.levernews.com,left,high,high credibility
Newsweek – Bias and Credibility,https://mediabiasfactcheck.com/newsweek/,www.newsweek.com,right-center,mostly,high credibility
NJ1015.com – Bias and Credibility,https://mediabiasfactcheck.com/nj1015-com/,www.nj1015.com,right-center,high,no credibility rating available
The Phnom Penh Post – Bias and Credibility,https://mediabiasfactcheck.com/the-phnom-penh-post/,www.phnompenhpost.com,left,mixed,medium credibility
The Texas Observer – Bias and Credibility,https://mediabiasfactcheck.com/the-texas-observer/,www.texasobserver.org,left,high,high credibility
The Week (USA) – Bias and Credibility,https://mediabiasfactcheck.com/the-week/,www.theweek.com,left,high,high credibility
Peace River Record-Gazette – Bias and Credibility,https://mediabiasfactcheck.com/peace-river-record-gazette-bias/,www.prrecordgazette.com,right-center,high,high credibility
Pittsburgh Tribune Review – Bias and Credibility,https://mediabiasfactcheck.com/pittsburgh-tribune-review/,www.triblive.com,right-center,high,high credibility
Vanity Fair – Bias and Credibility,https://mediabiasfactcheck.com/vanity-fair/,www.vanityfair.com,left,mostly,high credibility
Providence Journal-Enterprise – Bias and Credibility,https://mediabiasfactcheck.com/providence-journal-enterprise-bias/,www.the-messenger.com,right-center,high,high credibility
RealClearMarkets – Bias and Credibility,https://mediabiasfactcheck.com/realclearmarkets-bias/,www.realclearmarkets.com,right-center,mostly,high credibility
Red River Valley News – Bias and Credibility,https://mediabiasfactcheck.com/red-river-valley-news/,www.valleynewslive.com,right-center,high,high credibility
1600 Daily – Bias and Credibility,https://mediabiasfactcheck.com/1600-daily/,www.whitehouse.gov,left-center,mostly,no credibility rating available
Above the Law – Bias and Credibility,https://mediabiasfactcheck.com/above-the-law/,www.abovethelaw.com,left-center,high,high credibility
Sanford Herald – Bias and Credibility,https://mediabiasfactcheck.com/sanford-herald-bias/,www.sanfordherald.com,right-center,high,high credibility
Africa News – Bias and Credibility,https://mediabiasfactcheck.com/africa-news/,www.africanews.com,left-center,mostly,high credibility
Sherwood Park News – Bias and Credibility,https://mediabiasfactcheck.com/sherwood-park-news-bias/,www.sherwoodparknews.com,right-center,high,high credibility
St. John’s Telegram – Bias and Credibility,https://mediabiasfactcheck.com/st-johns-telegram-bias/,www.saltwire.com,right-center,high,high credibility
Tablet Magazine – Bias and Credibility,https://mediabiasfactcheck.com/tablet-magazine/,www.tabletmag.com,right-center,mostly,high credibility
America Magazine – Bias and Credibility,https://mediabiasfactcheck.com/america-magazine/,www.americamagazine.org,left-center,high,high credibility
The Brunswick News – Bias and Credibility,https://mediabiasfactcheck.com/the-brunswick-news/,www.thebrunswicknews.com,right-center,high,high credibility
Anderson Herald Bulletin – Bias and Credibility,https://mediabiasfactcheck.com/anderson-herald-bulletin-bias/,www.heraldbulletin.com,left-center,high,high credibility
The Elkhart Truth – Bias and Credibility,https://mediabiasfactcheck.com/the-elkhart-truth/,www.elkharttruth.com,right-center,high,high credibility
The Independent Institute – Bias and Credibility,https://mediabiasfactcheck.com/the-independent-review/,www.independent.org,right-center,mostly,high credibility
The Libertarian Republic – Bias and Credibility,https://mediabiasfactcheck.com/the-libertarian-republic/,www.thelibertarianrepublic.com,right-center,mostly,high credibility
The Objective Standard – Bias and Credibility,https://mediabiasfactcheck.com/the-objective-standard/,www.theobjectivestandard.com,right-center,high,high credibility
Assiniboia Times – Bias and Credibility,https://mediabiasfactcheck.com/assiniboia-times-bias/,www.sasktoday.ca,left-center,high,high credibility
Athens Banner-Herald – Bias and Credibility,https://mediabiasfactcheck.com/athens-banner-herald-bias/,www.onlineathens.com,left-center,high,high credibility
People’s Policy Project – Bias and Credibility,https://mediabiasfactcheck.com/peoples-policy-project-bias/,www.peoplespolicyproject.org,left,mostly,medium credibility
PoliticusUSA – Bias and Credibility,https://mediabiasfactcheck.com/politicususa/,www.politicususa.com,left,high,high credibility
Project Censored – Bias and Credibility,https://mediabiasfactcheck.com/project-censored/,www.projectcensored.org,left,high,high credibility
Queerty – Bias and Credibility,https://mediabiasfactcheck.com/queerty/,www.queerty.com,left,high,high credibility
L’Observateur – Bias and Credibility,https://mediabiasfactcheck.com/lobservateur-bias/,www.lobservateur.com,right-center,high,high credibility
Lebanon Democrat – Bias and Credibility,https://mediabiasfactcheck.com/lebanon-democrat-bias/,www.lebanondemocrat.com,right-center,high,high credibility
Ring of Fire – Bias and Credibility,https://mediabiasfactcheck.com/ring-of-fire/,www.trofire.com,left,mixed,medium credibility
London Evening Standard – Bias and Credibility,https://mediabiasfactcheck.com/london-evening-standard/,www.standard.co.uk,right-center,mostly,high credibility
Mackinac Center for Public Policy – Bias and Credibility,https://mediabiasfactcheck.com/mackinac-center-for-public-policy/,www.mackinac.org,right-center,mostly,medium credibility
The Manila Times – Bias and Credibility,https://mediabiasfactcheck.com/the-manila-times/,www.manilatimes.net,right-center,mixed,medium credibility
Mat-Su Valley Frontiersman – Bias and Credibility,https://mediabiasfactcheck.com/mat-su-valley-frontiersman-bias/,www.frontiersman.com,right-center,high,high credibility
The 19th News – Bias and Credibility,https://mediabiasfactcheck.com/the-19th-news/,www.19thnews.org,left,high,high credibility
The Baffler – Bias and Credibility,https://mediabiasfactcheck.com/the-baffler/,www.thebaffler.com,left,high,high credibility
Daily 49er – Bias and Credibility,https://mediabiasfactcheck.com/daily-49er/,www.daily49er.com,left,high,high credibility
The Dodo – Bias and Credibility,https://mediabiasfactcheck.com/dodo-bias-rating/,www.thedodo.com,left,mostly,high credibility
New York Post – Bias and Credibility,https://mediabiasfactcheck.com/new-york-post/,www.nypost.com,right-center,mixed,medium credibility
NH Journal – Bias and Credibility,https://mediabiasfactcheck.com/nh-journal-bias/,www.nhjournal.com,right-center,mostly,medium credibility
The Narwhal – Bias and Credibility,https://mediabiasfactcheck.com/the-narwhal-bias/,www.thenarwhal.ca,left,high,high credibility
Ny Teknik – Bias and Credibility,https://mediabiasfactcheck.com/ny-teknik-bias/,www.nyteknik.se,right-center,mostly,high credibility
Opposing Views – Bias and Credibility,https://mediabiasfactcheck.com/opposing-views/,www.opposingviews.com,right-center,mixed,medium credibility
Pacific Research Institute – Bias and Credibility,https://mediabiasfactcheck.com/pacific-research-institute/,www.pacificresearch.org,right-center,mostly,high credibility
Park Rapids Enterprise – Bias and Credibility,https://mediabiasfactcheck.com/park-rapids-enterprise-bias/,www.parkrapidsenterprise.com,right-center,high,high credibility
Peru Tribune – Bias and Credibility,https://mediabiasfactcheck.com/peru-tribune-bias/,www.perutribune.com,right-center,high,high credibility
Uproxx – Bias and Credibility,https://mediabiasfactcheck.com/uproxx/,www.uproxx.com,left,mixed,medium credibility
Wall Street on Parade – Bias and Credibility,https://mediabiasfactcheck.com/wall-street-on-parade/,www.wallstreetonparade.com,left,high,high credibility
R Street Institute – Bias and Credibility,https://mediabiasfactcheck.com/r-street-institute/,www.rstreet.org,right-center,high,high credibility
Workers World – Bias and Credibility,https://mediabiasfactcheck.com/workers-world/,www.workers.org,left,mixed,medium credibility
100 Mile Free Press – Bias and Credibility,https://mediabiasfactcheck.com/100-mile-free-press-bias/,www.100milefreepress.net,left-center,high,high credibility
ABC News Australia – Bias and Credibility,https://mediabiasfactcheck.com/abc-news-australia/,www.abc.net.au,left-center,high,high credibility
AceShowbiz (ASB) – Bias and Credibility,https://mediabiasfactcheck.com/aceshowbiz-asb/,www.aceshowbiz.com,left-center,mixed,medium credibility
Affinity Magazine – – Bias and Credibility,https://mediabiasfactcheck.com/affinity-magazine/,www.affinitymagazine.us,left-center,mixed,mixed credibility
Airdrie City View – Bias and Credibility,https://mediabiasfactcheck.com/airdrie-city-view-bias/,www.airdrietoday.com,left-center,high,high credibility
Al Monitor – Bias and Credibility,https://mediabiasfactcheck.com/al-monitor/,www.al-monitor.com,left-center,high,high credibility
Alberta Views – Bias and Credibility,https://mediabiasfactcheck.com/alberta-views-bias/,www.albertaviews.ca,left-center,high,high credibility
Tax Foundation – Bias and Credibility,https://mediabiasfactcheck.com/tax-foundation/,www.taxfoundation.org,right-center,high,high credibility
The Birmingham News – Bias and Credibility,https://mediabiasfactcheck.com/the-birmingham-news-bias/,www.al.com,right-center,high,high credibility
Ancaster News – Bias and Credibility,https://mediabiasfactcheck.com/ancaster-news-bias/,www.thespec.com,left-center,high,high credibility
Anthropocene Magazine – Bias and Credibility,https://mediabiasfactcheck.com/conservation-magazine/,www.anthropocenemagazine.org,left-center,high,high credibility
The Graphic Leader – Bias and Credibility,https://mediabiasfactcheck.com/the-graphic-leader/,www.thegraphicleader.com,right-center,high,high credibility
Arizona Daily Sun – Bias and Credibility,https://mediabiasfactcheck.com/arizona-daily-sun/,www.azdailysun.com,left-center,high,high credibility
ARTE – Bias and Credibility,https://mediabiasfactcheck.com/arte/,www.arte.tv,left-center,mostly,high credibility
Aspenia Online – Bias and Credibility,https://mediabiasfactcheck.com/aspenia-online/,www.aspeniaonline.it,left-center,high,high credibility
The Spectator World – Bias and Credibility,https://mediabiasfactcheck.com/the-spectator-world-bias/,www.spectatorworld.com,right-center,mostly,high credibility
The Sumter Item – Bias and Credibility,https://mediabiasfactcheck.com/the-sumter-item/,www.theitem.com,right-center,high,high credibility
Washington Institute for Near East Policy – Bias and Credibility,https://mediabiasfactcheck.com/washington-institute-for-near-east-policy/,www.washingtoninstitute.org,right-center,mixed,medium credibility
Balkan Insight – Bias and Credibility,https://mediabiasfactcheck.com/balkan-insight/,www.balkaninsight.com,left-center,high,high credibility
KRCG – Jefferson City – Bias and Credibility,https://mediabiasfactcheck.com/krcg-jefferson-city-bias/,www.krcgtv.com,right-center,high,high credibility
Political Tribune (DC Tribune) – Bias and Credibility,https://mediabiasfactcheck.com/dc-tribune/,www.polinews.org,left,mixed,medium credibility
KUTV Salt Lake City – Bias and Credibility,https://mediabiasfactcheck.com/kutv-salt-lake-city/,www.kutv.com,right-center,high,high credibility
Rantt Media – Bias and Credibility,https://mediabiasfactcheck.com/rantt-media/,www.rantt.com,left,high,no credibility rating available
Laredo Morning Times – Bias and Credibility,https://mediabiasfactcheck.com/laredo-morning-times-bias-credibility-rating/,www.lmtonline.com,right-center,high,high credibility
Le Figaro – Bias and Credibility,https://mediabiasfactcheck.com/le-figaro-bias/,www.lefigaro.fr,right-center,high,no credibility rating available
Rolling Stone – Bias and Credibility,https://mediabiasfactcheck.com/rolling-stone/,www.rollingstone.com,left,high,high credibility
Shadow Proof – Bias and Credibility,https://mediabiasfactcheck.com/shadow-proof/,www.shadowproof.com,left,high,high credibility
Socialist Standard – Bias and Credibility,https://mediabiasfactcheck.com/socialist-standard/,www.worldsocialism.org,left,mixed,medium credibility
Marion Chronicle-Tribune – Bias and Credibility,https://mediabiasfactcheck.com/marion-chronicle-tribune-bias/,www.chronicle-tribune.com,right-center,high,high credibility
Mayfield Messenger – Bias and Credibility,https://mediabiasfactcheck.com/mayfield-messenger-bias/,www.mayfield-messenger.com,right-center,high,high credibility
Miami Valley Today – Bias and Credibility,https://mediabiasfactcheck.com/miami-valley-today-bias/,www.miamivalleytoday.com,right-center,high,high credibility
The Canary (UK) – Bias and Credibility,https://mediabiasfactcheck.com/the-canary-uk/,www.thecanary.co,left,mostly_factual,medium credibility
Mountain Democrat – Bias and Credibility,https://mediabiasfactcheck.com/mountain-democrat/,www.mtdemocrat.com,right-center,high,high credibility
The Florida Squeeze – Bias and Credibility,https://mediabiasfactcheck.com/the-florida-squeeze/,www.thefloridasqueeze.com,left,mixed,medium credibility
New Bern Sun Journal – Bias and Credibility,https://mediabiasfactcheck.com/new-bern-sun-journal/,www.newbernsj.com,right-center,high,high credibility
Champaign News-Gazette,https://mediabiasfactcheck.com/news-gazette/,www.news-gazette.com,right-center,high,high credibility
The Mary Sue – Bias and Credibility,https://mediabiasfactcheck.com/the-mary-sue/,www.themarysue.com,left,mostly,high credibility
The Nation – Bias and Credibility,https://mediabiasfactcheck.com/the-nation/,www.thenation.com,left,high,high credibility
Odessa American – Bias and Credibility,https://mediabiasfactcheck.com/odessa-american/,www.oaoa.com,right-center,high,high credibility
The Stranger – Bias and Credibility,https://mediabiasfactcheck.com/the-stranger/,www.thestranger.com,left,high,high credibility
The Washington Spectator – Bias and Credibility,https://mediabiasfactcheck.com/the-washington-spectator/,www.washingtonspectator.org,left,high,high credibility
Peace Country Sun – Bias and Credibility,https://mediabiasfactcheck.com/peace-country-sun-bias/,www.peacecountrysun.com,right-center,high,high credibility
Pittsburgh Post-Gazette – Bias and Credibility,https://mediabiasfactcheck.com/pittsburgh-post-gazette/,www.post-gazette.com,right-center,high,high credibility
Venezuela Analysis – Bias and Credibility,https://mediabiasfactcheck.com/venezuela-analysis-bias/,www.venezuelanalysis.com,left,mixed,medium credibility
Punjabi Tribune – Bias and Credibility,https://mediabiasfactcheck.com/punjabi-tribune-bias/,www.punjabitribuneonline.com,right-center,mixed,medium credibility
Wonkette – Bias and Credibility,https://mediabiasfactcheck.com/wonkette/,www.wonkette.com,left,mixed,medium credibility
Reason – Bias and Credibility,https://mediabiasfactcheck.com/reason/,www.reason.com,right-center,high,high credibility
Richmond Times-Dispatch – Bias and Credibility,https://mediabiasfactcheck.com/richmond-times-dispatch/,www.richmond.com,right-center,high,no credibility rating available
Saint John Telegraph-Journal – Bias and Credibility,https://mediabiasfactcheck.com/saint-john-telegraph-journal-bias/,www.tj.news,right-center,high,high credibility
Ada News – Bias and Credibility,https://mediabiasfactcheck.com/ada-news-bias/,www.theadanews.com,left-center,high,high credibility
Seeking Alpha – Bias and Credibility,https://mediabiasfactcheck.com/seeking-alpha-bias/,www.seekingalpha.com,right-center,high,high credibility
Ajax News Advertiser – Bias and Credibility,https://mediabiasfactcheck.com/ajax-news-advertiser-bias/,www.durhamregion.com,left-center,high,high credibility
Alamogordo Daily News – Bias and Credibility,https://mediabiasfactcheck.com/alamogordo-daily-news-bias/,www.alamogordonews.com,left-center,high,high credibility
Aldergrove Star – Bias and Credibility,https://mediabiasfactcheck.com/aldergrove-star-bias/,www.aldergrovestar.com,left-center,high,high credibility
Tharawat Magazine – Bias and Credibility,https://mediabiasfactcheck.com/tharawat-magazine/,www.tharawat-magazine.com,right-center,high,medium credibility
America’s Health Rankings – Bias and Credibility,https://mediabiasfactcheck.com/americas-health-rankings/,www.americashealthrankings.org,left-center,high,high credibility
The Courier-Mail (Australia) – Bias and Credibility,https://mediabiasfactcheck.com/the-courier-mail/,www.couriermail.com.au,right-center,high,high credibility
AOL – Bias and Credibility,https://mediabiasfactcheck.com/aol/,www.aol.com,left-center,high,high credibility
The Japan News – Bias and Credibility,https://mediabiasfactcheck.com/the-japan-news/,japannews.yomiuri.co.jp,right-center,high,high credibility
Arkansas Times – Bias and Credibility,https://mediabiasfactcheck.com/arkansas-times/,www.arktimes.com,left-center,high,high credibility
The Oklahoman – Bias and Credibility,https://mediabiasfactcheck.com/the-oklahoman/,www.oklahoman.com,right-center,high,high credibility
Associated Press (AP News) – Bias and Credibility,https://mediabiasfactcheck.com/associated-press/,www.apnews.com,left-center,high,high credibility
Athens Daily Review – Bias and Credibility,https://mediabiasfactcheck.com/athens-daily-review-bias/,www.athensreview.com,left-center,high,high credibility
Atlantic Media – Bias and Credibility,https://mediabiasfactcheck.com/atlantic-media/,www.atlanticmedia.com,left-center,high,high credibility
People’s World – Bias and Credibility,https://mediabiasfactcheck.com/peoples-world-bias/,www.peoplesworld.org,left,mostly,medium credibility
Politizoom – Bias and Credibility,https://mediabiasfactcheck.com/politizoom/,www.politizoom.com,left,mixed,medium credibility
KVII – Amarillo News – Bias and Credibility,https://mediabiasfactcheck.com/kvii-amarillo-news-bias/,www.abc7amarillo.com,right-center,high,high credibility
Lake Charles American Press – Bias and Credibility,https://mediabiasfactcheck.com/lake-charles-american-press-bias/,www.americanpress.com,right-center,high,high credibility
Reading the Pictures – Bias and Credibility,https://mediabiasfactcheck.com/reading-the-pictures/,www.readingthepictures.org,left,mostly,medium credibility
Resilience (Post Carbon Institute) – Bias and Credibility,https://mediabiasfactcheck.com/resilience-post-carbon-institute/,www.resilience.org,left,mixed,no credibility rating available
Lexington Institute – Bias and Credibility,https://mediabiasfactcheck.com/lexington-institute/,www.lexingtoninstitute.org,right-center,high,high credibility
Log Cabin Democrat – Bias and Credibility,https://mediabiasfactcheck.com/log-cabin-democrat-bias/,www.thecabin.net,right-center,high,high credibility
Lowndes Signal – Bias and Credibility,https://mediabiasfactcheck.com/lowndes-signal-bias/,www.lowndessignal.com,right-center,high,high credibility
Malay Mail – Bias and Credibility,https://mediabiasfactcheck.com/malay-mail-bias/,www.malaymail.com,right-center,mostly,high credibility
MarketWatch – Bias and Credibility,https://mediabiasfactcheck.com/marketwatch/,www.marketwatch.com,right-center,high,high credibility
Tennessee Holler – Bias and Credibility,https://mediabiasfactcheck.com/tennessee-holler/,www.tnholler.com,left,high,high credibility
The American Prospect – Bias and Credibility,https://mediabiasfactcheck.com/the-american-prospect/,www.prospect.org,left,high,high credibility
The Climate Reality Project – Bias and Credibility,https://mediabiasfactcheck.com/the-climate-reality-project/,www.climaterealityproject.org,left,mostly,high credibility
Mount Carmel Register – Bias and Credibility,https://mediabiasfactcheck.com/mount-carmel-register-bias/,www.hometownregister.com,right-center,high,high credibility
The Gaily Grind – Bias and Credibility,https://mediabiasfactcheck.com/the-gaily-grind-bias/,www.thegailygrind.com,left,mixed,medium credibility
The Good Men Project – Bias and Credibility,https://mediabiasfactcheck.com/the-good-men-project/,www.goodmenproject.com,left,high,high credibility
The Lily – Bias and Credibility,https://mediabiasfactcheck.com/the-lily/,www.thelily.com,left,high,high credibility
The Monthly (Australia) – Bias and Credibility,https://mediabiasfactcheck.com/the-monthly-australia/,www.themonthly.com.au,left,high,high credibility
Noticias R7– Bias and Credibility,https://mediabiasfactcheck.com/noticias-r7-bias-and-credibility/,www.no url available,right-center,mostly,high credibility
Omaha World-Herald – Bias and Credibility,https://mediabiasfactcheck.com/omaha-world-herald/,www.omaha.com,right-center,high,high credibility
Ottawa Sun – Bias and Credibility,https://mediabiasfactcheck.com/ottawa-sun/,www.ottawasun.com,right-center,high,high credibility
TheGrio – Bias and Credibility,https://mediabiasfactcheck.com/thegrio/,www.thegrio.com,left,mostly,high credibility
Peninsula Daily News – Bias and Credibility,https://mediabiasfactcheck.com/peninsula-daily-news/,www.peninsuladailynews.com,right-center,high,high credibility
Point Pleasant Register – Bias and Credibility,https://mediabiasfactcheck.com/point-pleasant-register-bias/,www.mydailyregister.com,right-center,high,high credibility
Rochester Post-Bulletin – Bias and Credibility,https://mediabiasfactcheck.com/post-bulletin/,www.postbulletin.com,right-center,high,high credibility
Washingtonian – Bias and Credibility,https://mediabiasfactcheck.com/washingtonian-bias-credibility-rating/,www.washingtonian.com,left,high,high credibility
Real Clear Investigations – Bias and Credibility,https://mediabiasfactcheck.com/real-clear-investigations/,www.realclearinvestigations.com,right-center,mostly,high credibility
The Young Turks – Bias and Credibility,https://mediabiasfactcheck.com/the-young-turks/,www.tyt.com,left,mixed,medium credibility
604 Now – Bias and Credibility,https://mediabiasfactcheck.com/604-now/,www.604now.com,left-center,mostly,high credibility
ABC11 Eyewitness News – Bias and Credibility,https://mediabiasfactcheck.com/abc11-eyewitness-news/,www.abc11.com,left-center,high,high credibility
American Civil Liberties Union (ACLU) – Bias and Credibility,https://mediabiasfactcheck.com/american-civil-liberties-union-aclu/,www.aclu.org,left-center,mixed,medium credibility
Searcy Daily Citizen – Bias and Credibility,https://mediabiasfactcheck.com/searcy-daily-citizen-bias/,www.thedailycitizen.com,right-center,high,high credibility
Aitkin Independent Age – Bias and Credibility,https://mediabiasfactcheck.com/aitkin-independent-age-bias/,www.messagemedia.co,left-center,high,high credibility
Al-Sura – Bias and Credibility,https://mediabiasfactcheck.com/al-sura/,www.al-sura.com,left-center,mixed,medium credibility
Stony Plain Reporter – Bias and Credibility,https://mediabiasfactcheck.com/stony-plain-reporter-bias/,www.stonyplainreporter.com,right-center,high,high credibility
AM New York – Bias and Credibility,https://mediabiasfactcheck.com/am-new-york/,www.amny.com,left-center,high,high credibility
American Purpose – Bias and Credibility,https://mediabiasfactcheck.com/american-purpose/,www.americanpurpose.com,left-center,high,high credibility
The Citizen (South Africa) – Bias and Credibility,https://mediabiasfactcheck.com/the-citizen-south-africa/,citizen.co.za,right-center,high,high credibility
The Durango Herald – Bias and Credibility,https://mediabiasfactcheck.com/the-durango-herald/,www.durangoherald.com,right-center,high,high credibility
APTN News – Bias and Credibility,https://mediabiasfactcheck.com/aptn-news/,www.aptnnews.ca,left-center,high,high credibility
The Journal (West Virginia) – Bias and Credibility,https://mediabiasfactcheck.com/the-journal-west-virginia/,www.journal-news.net,right-center,high,no credibility rating available
The News (New Glasgow) – Bias and Credibility,https://mediabiasfactcheck.com/the-news-new-glasgow-bias/,www.saltwire.com,right-center,high,high credibility
Aspen Institute – Bias and Credibility,https://mediabiasfactcheck.com/aspen-institute/,www.aspeninstitute.org,left-center,high,high credibility
KRNV – Reno News – Bias and Credibility,https://mediabiasfactcheck.com/krnv-reno-news-bias/,www.mynews4.com,right-center,high,high credibility
Popular Information – Bias and Credibility,https://mediabiasfactcheck.com/popular-information/,www.popular.info,left,high,high credibility
KVIH – Clovis News – Bias and Credibility,https://mediabiasfactcheck.com/kvih-clovis-news-bias/,www.abc7amarillo.com,right-center,high,high credibility
Rabble.ca – Bias and Credibility,https://mediabiasfactcheck.com/rabble-ca/,www.rabble.ca,left,high,no credibility rating available
Real News Network – Bias and Credibility,https://mediabiasfactcheck.com/real-news-network/,www.therealnews.com,left,high,high credibility
Leduc Representative – Bias and Credibility,https://mediabiasfactcheck.com/leduc-representative-bias/,www.leducrep.com,right-center,high,high credibility
Right Wing Watch – Bias and Credibility,https://mediabiasfactcheck.com/right-wing-watch/,www.rightwingwatch.org,left,high,high credibility
Scary Mommy – Bias and Credibility,https://mediabiasfactcheck.com/scary-mommy/,www.scarymommy.com,left,mixed,medium credibility
Slate – Bias and Credibility,https://mediabiasfactcheck.com/slate/,www.slate.com,left,mostly,high credibility
Manchester Union Leader – Bias and Credibility,https://mediabiasfactcheck.com/manchester-union-leader/,www.unionleader.com,right-center,high,high credibility
Marshall County Tribune-Courier – Bias and Credibility,https://mediabiasfactcheck.com/marshall-county-tribune-courier-bias/,www.tribunecourier.com,right-center,high,high credibility
Media Entertainment Arts WorldWide (meaww.com) – Bias and Credibility,https://mediabiasfactcheck.com/media-entertainment-arts-worldwide-meaww-com/,www.meaww.com,right-center,mixed,medium credibility
Middlesboro Daily News – Bias and Credibility,https://mediabiasfactcheck.com/middlesboro-daily-news-bias/,www.middlesboronews.com,right-center,high,high credibility
Monroe Enquirer Journal – Bias and Credibility,https://mediabiasfactcheck.com/monroe-enquirer-journal-bias/,www.enquirerjournal.com,right-center,high,high credibility
The Daily Vox – Bias and Credibility,https://mediabiasfactcheck.com/the-daily-vox/,www.thedailyvox.co.za,left,high,high credibility
The (Gay) Center – Bias and Credibility,https://mediabiasfactcheck.com/the-gay-center-bias/,www.gaycenter.org,left,high,high credibility
News.com.au – Bias and Credibility,https://mediabiasfactcheck.com/news-com-au/,www.news.com.au,right-center,mostly,high credibility
The Maple – Bias and Credibility,https://mediabiasfactcheck.com/the-maple-bias/,www.readthemaple.com,left,high,high credibility
Nine.com.au – Bias and Credibility,https://mediabiasfactcheck.com/nine-com-au-bias/,www.nine.com.au,right-center,high,high credibility
Now Entertainment – Bias and Credibility,https://mediabiasfactcheck.com/now-entertainment/,www.nowentertainment.net,right-center,high,high credibility
Open Doors – Bias and Credibility,https://mediabiasfactcheck.com/open-doors/,www.opendoorsus.org,right-center,mixed,medium credibility
The Voice UK – Bias and Credibility,https://mediabiasfactcheck.com/the-voice-uk/,www.voice-online.co.uk,left,mostly,high credibility
Parkersburg News and Sentinel – Bias and Credibility,https://mediabiasfactcheck.com/parkersburg-news-and-sentinel/,www.newsandsentinel.com,right-center,high,high credibility
TreeHugger – Bias and Credibility,https://mediabiasfactcheck.com/treehugger/,www.treehugger.com,left,high,high credibility
Unicorn Riot – Bias and Credibility,https://mediabiasfactcheck.com/unicorn-riot/,www.unicornriot.ninja,left,high,high credibility
Prime 9ja Online – Bias and Credibility,https://mediabiasfactcheck.com/prime-9ja-online-bias/,www.prime9ja.com.ng,right-center,mostly,medium credibility
We Hunted the Mammoth – Bias and Credibility,https://mediabiasfactcheck.com/we-hunted-the-mammoth/,www.wehuntedthemammoth.com,left,high,high credibility
Real Clear Politics – Bias and Credibility,https://mediabiasfactcheck.com/real-clear-politics/,www.realclearpolitics.com,right-center,mostly,high credibility
Znetwork – Bias and Credibility,https://mediabiasfactcheck.com/z-magazine/,www.znetwork.org,left,high,high credibility
Republic World – Bias and Credibility,https://mediabiasfactcheck.com/republic-world/,www.republicworld.com,right-center,mixed,low credibility
RTL Nieuws – Bias and Credibility,https://mediabiasfactcheck.com/rtl-nieuws-bias/,www.rtlnieuws.nl,right-center,high,high credibility
San Bernardino Sun – Bias and Credibility,https://mediabiasfactcheck.com/san-bernardino-sun/,www.sbsun.com,right-center,high,no credibility rating available
African Arguments – Bias and Credibility,https://mediabiasfactcheck.com/african-arguments/,www.africanarguments.org,left-center,high,high credibility
Shelbyville News – Bias and Credibility,https://mediabiasfactcheck.com/shelbyville-news-bias/,www.shelbynews.com,right-center,high,high credibility
Spruce Grove Examiner – Bias and Credibility,https://mediabiasfactcheck.com/spruce-grove-examiner-bias/,www.sprucegroveexaminer.com,right-center,high,high credibility
Stanford Interior Journal – Bias and Credibility,https://mediabiasfactcheck.com/stanford-interior-journal-bias/,www.theinteriorjournal.com,right-center,high,high credibility
All That’s Interesting – Bias and Credibility,https://mediabiasfactcheck.com/all-thats-interesting-bias/,www.allthatsinteresting.com,left-center,mostly,high credibility
American Public Media – Bias and Credibility,https://mediabiasfactcheck.com/american-public-media/,www.americanpublicmedia.org,left-center,high,high credibility
Amnesty International – Bias and Credibility,https://mediabiasfactcheck.com/amnesty-international/,www.amnesty.org,left-center,high,high credibility
The Dispatch – Bias and Credibility,https://mediabiasfactcheck.com/the-dispatch/,www.thedispatch.com,right-center,high,high credibility
Apple News – Bias and Credibility,https://mediabiasfactcheck.com/apple-news-bias/,www.apple.com,left-center,mostly,high credibility
The Jewish Press – Bias and Credibility,https://mediabiasfactcheck.com/the-jewish-press/,www.jewishpress.com,right-center,high,high credibility
The News International – Bias and Credibility,https://mediabiasfactcheck.com/the-news-international/,www.thenews.com.pk,right-center,mixed,medium credibility
Asia Sentinel – Bias and Credibility,https://mediabiasfactcheck.com/asia-sentinel/,www.asiasentinel.com,left-center,mixed,medium credibility
Atavist Magazine – Bias and Credibility,https://mediabiasfactcheck.com/atavist-magazine/,magazine.atavist.com,left-center,very high,high credibility
KRXI – Fox 11 – Bias and Credibility,https://mediabiasfactcheck.com/krxi-fox-11/,www.foxreno.com,right-center,high,high credibility
KTUL – Tulsa News – Bias and Credibility,https://mediabiasfactcheck.com/ktul-tulsa-news/,www.ktul.com,right-center,high,high credibility
KWNB – NTV ABC – Bias and Credibility,https://mediabiasfactcheck.com/kwnb-ntv-abc-bias/,www.nebraska.tv,right-center,high,high credibility
Lanett Valley Times-News – Bias and Credibility,https://mediabiasfactcheck.com/lanett-valley-times-news-bias/,www.valleytimes-news.com,right-center,high,high credibility
Learn Liberty – Bias and Credibility,https://mediabiasfactcheck.com/learn-liberty/,www.learnliberty.org,right-center,high,high credibility
Rewire News Group – Bias and Credibility,https://mediabiasfactcheck.com/rewire/,www.rewirenewsgroup.com,left,high,no credibility rating available
San Francisco Bay View – Bias and Credibility,https://mediabiasfactcheck.com/san-francisco-bay-view/,www.sfbayview.com,left,mostly,medium credibility
Shondaland – Bias and Credibility,https://mediabiasfactcheck.com/shondaland/,www.shondaland.com,left,mostly,medium credibility
SocialistWorker.org – Bias and Credibility,https://mediabiasfactcheck.com/socialistworker-org/,www.socialistworker.org,left,high,high credibility
Southern Poverty Law Center (SPLC) – Bias and Credibility,https://mediabiasfactcheck.com/southern-poverty-law-center/,www.splcenter.org,left,high,high credibility
Mercatus Center – Bias and Credibility,https://mediabiasfactcheck.com/mercatus-center/,www.mercatus.org,right-center,high,no credibility rating available
The Austin Chronicle – Bias and Credibility,https://mediabiasfactcheck.com/the-austin-chronicle/,www.austinchronicle.com,left,high,high credibility
The Cut – Bias and Credibility,https://mediabiasfactcheck.com/the-cut/,www.thecut.com,left,mostly,high credibility
The Democratic Hub – Bias and Credibility,https://mediabiasfactcheck.com/the-democratic-hub/,www.democratichub.com,left,mixed,medium credibility
Netherlands Radio and Television Association (NOS) – Bias and Credibility,https://mediabiasfactcheck.com/netherlands-radio-and-television-association-nos/,www.nos.nl,right-center,high,high credibility
The Intellectualist – Bias and Credibility,https://mediabiasfactcheck.com/the-intellectualist/,www.mavenroundtable.io,left,mixed,medium credibility
Nikkei Asian Review – Bias and Credibility,https://mediabiasfactcheck.com/nikkei-asian-review/,asia.nikkei.com,right-center,high,high credibility
The National Memo – Bias and Credibility,https://mediabiasfactcheck.com/the-national-memo/,www.nationalmemo.com,left,mostly,medium credibility
The Source Newspaper (La Source) – Bias and Credibility,https://mediabiasfactcheck.com/source-newspaper-la-source/,www.thelasource.com,left,mostly,medium credibility
The Walrus – Bias and Credibility,https://mediabiasfactcheck.com/the-walrus/,www.thewalrus.ca,left,high,high credibility
Them.us – Bias and Credibility,https://mediabiasfactcheck.com/them-us/,www.them.us,left,high,high credibility
Pincher Creek Echo – Bias and Credibility,https://mediabiasfactcheck.com/pincher-creek-echo-bias/,www.pinchercreekecho.com,right-center,high,high credibility
Upworthy – Bias and Credibility,https://mediabiasfactcheck.com/upworthy/,www.upworthy.com,left,mostly,high credibility
Washington Press – Bias and Credibility,https://mediabiasfactcheck.com/washington-press/,www.washingtonpress.com,left,mixed,medium credibility
Wisconsin Examiner – Bias and Credibility,https://mediabiasfactcheck.com/wisconsin-examiner-bias/,www.wisconsinexaminer.com,left,high,high credibility
Yes Magazine – Bias and Credibility,https://mediabiasfactcheck.com/yes-magazine/,www.yesmagazine.org,left,high,high credibility
+972 Magazine – Bias and Credibility,https://mediabiasfactcheck.com/972-magazine/,www.972mag.com,left-center,high,high credibility
Abbotsford News – Bias and Credibility,https://mediabiasfactcheck.com/abbotsford-news-bias/,www.abbynews.com,left-center,high,high credibility
Savannah Morning News – Bias and Credibility,https://mediabiasfactcheck.com/savannah-morning-news/,www.savannahnow.com,right-center,high,no credibility rating available
Ahval News – Bias and Credibility,https://mediabiasfactcheck.com/ahval-news/,www.ahvalnews.com,left-center,mixed,medium credibility
Al Jazeera – Bias and Credibility,https://mediabiasfactcheck.com/al-jazeera/,www.aljazeera.com,left-center,mixed,medium credibility
Albany Times-Union – Bias and Credibility,https://mediabiasfactcheck.com/albany-times-union/,www.timesunion.com,left-center,high,high credibility
Almaguin News – Bias and Credibility,https://mediabiasfactcheck.com/almaguin-news-bias/,www.northbaynipissing.com,left-center,high,high credibility
Ames Tribune – Bias and Credibility,https://mediabiasfactcheck.com/ames-tribune-bias/,www.amestrib.com,left-center,high,high credibility
Anoka County Union Herald – Bias and Credibility,https://mediabiasfactcheck.com/anoka-county-union-herald-bias/,www.hometownsource.com,left-center,high,high credibility
The Globe and Mail – Bias and Credibility,https://mediabiasfactcheck.com/the-globe-and-mail/,www.theglobeandmail.com,right-center,high,high credibility
Arizona Republic (AZ Central) – Bias and Credibility,https://mediabiasfactcheck.com/arizona-republic/,www.azcentral.com,left-center,high,high credibility
Ashcroft-Cache Creek Journal – Bias and Credibility,https://mediabiasfactcheck.com/ashcroft-cache-creek-journal-bias/,www.ashcroftcachecreekjournal.com,left-center,high,high credibility
The Press-Enterprise – Bias and Credibility,https://mediabiasfactcheck.com/the-press-enterprise/,www.pe.com,right-center,high,high credibility
The Straits Times – Bias and Credibility,https://mediabiasfactcheck.com/the-straits-times/,www.straitstimes.com,right-center,mostly,high credibility
ATTN: – Bias and Credibility,https://mediabiasfactcheck.com/attn/,www.attn.com,left-center,high,high credibility
The Yomiuri Shimbun – Bias and Credibility,https://mediabiasfactcheck.com/the-yomiuri-shimbun/,www.yomiuri.co.jp,right-center,high,high credibility
Transparent California – Bias and Credibility,https://mediabiasfactcheck.com/transparent-california/,www.transparentcalifornia.com,right-center,mostly,high credibility
BBC – Bias and Credibility,https://mediabiasfactcheck.com/bbc/,www.bbc.com,left-center,high,high credibility
Berkeleyside – Bias and Credibility,https://mediabiasfactcheck.com/berkeleyside/,www.berkeleyside.com,left-center,high,high credibility
PinkNews – Bias and Credibility,https://mediabiasfactcheck.com/pink-news/,www.thepinknews.com,left,high,high credibility
Popular Resistance – Bias and Credibility,https://mediabiasfactcheck.com/popular-resistance/,www.popularresistance.org,left,mostly,high credibility
LaGrange Daily News – Bias and Credibility,https://mediabiasfactcheck.com/lagrange-daily-news-bias/,www.lagrangenews.com,right-center,high,high credibility
La Porte County Herald-Dispatch – Bias and Credibility,https://mediabiasfactcheck.com/la-porte-county-herald-dispatch-bias/,www.lpheralddispatch.com,right-center,high,high credibility
Lenoir News-Topic – Bias and Credibility,https://mediabiasfactcheck.com/lenoir-news-topic-bias/,www.newstopicnews.com,right-center,high,high credibility
San Antonio Current – Bias and Credibility,https://mediabiasfactcheck.com/san-antonio-current-bias/,www.sacurrent.com,left,high,high credibility
Seventeen – Bias and Credibility,https://mediabiasfactcheck.com/seventeen/,www.seventeen.com,left,high,high credibility
Madisonville Messenger – Bias and Credibility,https://mediabiasfactcheck.com/madisonville-messenger-bias/,www.the-messenger.com,right-center,high,high credibility
South Dakota Searchlight – Bias and Credibility,https://mediabiasfactcheck.com/south-dakota-searchlight-bias/,www.southdakotasearchlight.com,left,high,high credibility
Teen Vogue – Bias and Credibility,https://mediabiasfactcheck.com/teen-vogue/,www.teenvogue.com,left,mostly,high credibility
The American Independent – Bias and Credibility,https://mediabiasfactcheck.com/american-independent-institute/,www.americanindependent.com,left,mixed,medium credibility
Moncton Times & Transcript – Bias and Credibility,https://mediabiasfactcheck.com/moncton-times-transcript-bias/,www.tj.news,right-center,high,high credibility
The Daily Buzz – Bias and Credibility,https://mediabiasfactcheck.com/the-daily-buzz/,www.the-daily.buzz,left,mixed,no credibility rating available
National Interest – Bias and Credibility,https://mediabiasfactcheck.com/national-interest/,www.nationalinterest.org,right-center,high,high credibility
The Ghion Journal – Bias and Credibility,https://mediabiasfactcheck.com/the-ghion-journal/,www.ghionjournal.com,left,mostly,medium credibility
The London Economic – Bias and Credibility,https://mediabiasfactcheck.com/the-london-economic/,www.thelondoneconomic.com,left,mostly,high credibility
The Morning Star – Bias and Credibility,https://mediabiasfactcheck.com/the-morning-star/,morningstaronline.co.uk,left,mostly,high credibility
The Palestine Chronicle – Bias and Credibility,https://mediabiasfactcheck.com/the-palestine-chronicle/,www.palestinechronicle.com,left,high,high credibility
The Straight Dope – Bias and Credibility,https://mediabiasfactcheck.com/the-straight-dope-bias/,www.straightdope.com,left,mostly,no credibility rating available
Owensboro Messenger-Inquirer – Bias and Credibility,https://mediabiasfactcheck.com/owensboro-messenger-inquirer-bias/,www.messenger-inquirer.com,right-center,high,high credibility
The Zero Hour – Bias and Credibility,https://mediabiasfactcheck.com/the-zero-hour/,www.thisisthezerohour.com,left,high,high credibility
Truthdig – Bias and Credibility,https://mediabiasfactcheck.com/truthdig/,www.truthdig.com,left,high,high credibility
PolicyEd – Bias and Credibility,https://mediabiasfactcheck.com/policyed/,www.policyed.org,right-center,high,high credibility
Prince George Post – Bias and Credibility,https://mediabiasfactcheck.com/prince-george-post/,www.princegeorgepost.com,right-center,high,high credibility
Rasmussen Reports – Bias and Credibility,https://mediabiasfactcheck.com/rasmussen-reports/,www.rasmussenreports.com,right-center,high,high credibility
Xtra Magazine – Bias and Credibility,https://mediabiasfactcheck.com/xtra-magazine-bias-and-credibility/,www.xtramagazine.com,left,high,high credibility
Regulation Magazine – Bias and Credibility,https://mediabiasfactcheck.com/regulation-magazine/,www.cato.org,right-center,high,no credibility rating available
Rochester Sentinel – Bias and Credibility,https://mediabiasfactcheck.com/rochester-sentinel-bias/,www.rochsent.com,right-center,high,high credibility
Salem Radio Network News (SRN News) – Bias and Credibility,https://mediabiasfactcheck.com/salem-radio-network-news-srn-news/,www.srnnews.com,right-center,high,no credibility rating available
Scope Ratings – Bias and Credibility,https://mediabiasfactcheck.com/scope-ratings/,www.scoperatings.com,right-center,mostly,high credibility
Shelby County Reporter – Bias and Credibility,https://mediabiasfactcheck.com/shelby-county-reporter-bias/,www.shelbycountyreporter.com,right-center,high,high credibility
Southwest Daily News – Bias and Credibility,https://mediabiasfactcheck.com/southwest-daily-news-bias/,www.southwestdailynews.com,right-center,high,high credibility
St. Joseph Herald-Palladium – Bias and Credibility,https://mediabiasfactcheck.com/st-joseph-herald-palladium-bias/,www.heraldpalladium.com,right-center,high,high credibility
Tallapoosa Journal – Bias and Credibility,https://mediabiasfactcheck.com/tallapoosa-journal-bias/,www.times-georgian.com,right-center,high,high credibility
The American Conservative – Bias and Credibility,https://mediabiasfactcheck.com/the-american-conservative/,www.theamericanconservative.com,right-center,mostly,high credibility
The Chattanoogan – Bias and Credibility,https://mediabiasfactcheck.com/the-chattanoogan-bias/,www.chattanoogan.com,right-center,mostly,high credibility
The Dickinson Press – Bias and Credibility,https://mediabiasfactcheck.com/the-dickinson-press-bias/,www.thedickinsonpress.com,right-center,high,high credibility
APM Reports – Bias and Credibility,https://mediabiasfactcheck.com/apm-reports/,www.apmreports.org,left-center,high,high credibility
Arizona Daily Star – Bias and Credibility,https://mediabiasfactcheck.com/arizona-daily-star/,www.tucson.com,left-center,high,high credibility
The New Atlantis – Bias and Credibility,https://mediabiasfactcheck.com/the-new-atlantis/,www.thenewatlantis.com,right-center,high,high credibility
The Pantagraph – Bias and Credibility,https://mediabiasfactcheck.com/the-pantagraph/,www.pantagraph.com,right-center,high,high credibility
The Spectator (USA) – Bias and Credibility,https://mediabiasfactcheck.com/the-spectator-usa/,www.spectator.us,right-center,mostly,high credibility
Atlanta Black Star – Bias and Credibility,https://mediabiasfactcheck.com/atlanta-black-star/,www.atlantablackstar.com,left-center,mostly,high credibility
KSAS – Wichita News – Bias and Credibility,https://mediabiasfactcheck.com/ksas-wichita-news-bias/,www.foxkansas.com,right-center,high,high credibility
Post Carbon Institute – Bias and Credibility,https://mediabiasfactcheck.com/post-carbon-institute-bias/,www.postcarbon.org,left,mixed,medium credibility
La Nacion (Costa Rica) – Bias and Credibility,https://mediabiasfactcheck.com/la-nacion-bias/,www.nacion.com,right-center,mostly,high credibility
Las Vegas Review-Journal – Bias and Credibility,https://mediabiasfactcheck.com/las-vegas-review-journal/,www.reviewjournal.com,right-center,high,high credibility
Leicester Mercury – Bias and Credibility,https://mediabiasfactcheck.com/leicester-mercury/,www.leicestermercury.co.uk,right-center,high,high credibility
Salon – Bias and Credibility,https://mediabiasfactcheck.com/salon/,www.salon.com,left,mixed,medium credibility
Second Nexus – Bias and Credibility,https://mediabiasfactcheck.com/second-nexus/,www.secondnexus.com,left,mixed,no credibility rating available
Sludge – Bias and Credibility,https://mediabiasfactcheck.com/sludge/,www.readsludge.com,left,high,high credibility
SourceWatch – Bias and Credibility,https://mediabiasfactcheck.com/sourcewatch/,www.sourcewatch.org,left,mostly,medium credibility
Talking Points Memo – Bias and Credibility,https://mediabiasfactcheck.com/talking-points-memo/,www.talkingpointsmemo.com,left,mostly,high credibility
Metropolis Planet – Bias and Credibility,https://mediabiasfactcheck.com/metropolis-planet-bias/,www.metropolisplanet.com,right-center,high,high credibility
The Burning Spear – Bias and Credibility,https://mediabiasfactcheck.com/the-burning-spear/,www.theburningspear.com,left,high,high credibility
Moscow 24 – Bias and Credibility,https://mediabiasfactcheck.com/moscow-24/,www.m24.ru,right-center,mixed,medium credibility
National Affairs Magazine – Bias and Credibility,https://mediabiasfactcheck.com/national-affairs-magazine/,www.nationalaffairs.com,right-center,high,high credibility
New Castle Courier-Times – Bias and Credibility,https://mediabiasfactcheck.com/new-castle-courier-times-bias/,www.thecouriertimes.com,right-center,high,high credibility
Newstalk ZB – Bias and Credibility,https://mediabiasfactcheck.com/newstalk-zb-bias/,www.newstalkzb.co.nz,right-center,high,high credibility
Niles Daily Star – Bias and Credibility,https://mediabiasfactcheck.com/niles-daily-star-bias/,www.leaderpub.com,right-center,high,high credibility
The New Civil Rights Movement – Bias and Credibility,https://mediabiasfactcheck.com/the-new-civil-rights-movement/,www.thenewcivilrightsmovement.com,left,mixed,medium credibility
OilPrice – Bias and Credibility,https://mediabiasfactcheck.com/oil-price/,www.oilprice.com,right-center,mostly,high credibility
Ottawa Citizen – Bias and Credibility,https://mediabiasfactcheck.com/ottawa-citizen/,www.ottawacitizen.com,right-center,high,high credibility
Paragould Daily Press – Bias and Credibility,https://mediabiasfactcheck.com/paragould-daily-press-bias/,www.paragoulddailypress.com,right-center,high,high credibility
Towleroad – Bias and Credibility,https://mediabiasfactcheck.com/towleroad/,www.towleroad.com,left,high,high credibility
TruthOut – Bias and Credibility,https://mediabiasfactcheck.com/truth-out/,www.truthout.org,left,mixed,medium credibility
Portsmouth Daily Times – Bias and Credibility,https://mediabiasfactcheck.com/portsmouth-daily-times-bias/,www.portsmouth-dailytimes.com,right-center,high,high credibility
Princeton Daily Clarion – Bias and Credibility,https://mediabiasfactcheck.com/princeton-daily-clarion-bias/,www.pdclarion.com,right-center,high,high credibility
RealClearDefense – Bias and Credibility,https://mediabiasfactcheck.com/real-clear-defense/,www.realcleardefense.com,right-center,mostly,no credibility rating available
RealClearReligion – Bias and Credibility,https://mediabiasfactcheck.com/realclearreligion/,www.realclearreligion.org,right-center,mostly,no credibility rating available
1News -New Zealand – Bias and Credibility,https://mediabiasfactcheck.com/1news-new-zealand/,www.1news.co.nz,left-center,high,high credibility
Roanoke Rapids Daily Herald – Bias and Credibility,https://mediabiasfactcheck.com/roanoke-rapids-daily-herald-bias/,www.rrdailyherald.com,right-center,high,high credibility
Saint John Times-Globe – Bias and Credibility,https://mediabiasfactcheck.com/saint-john-times-globe-bias/,www.tj.news,right-center,high,high credibility
Saskatoon StarPhoenix – Bias and Credibility,https://mediabiasfactcheck.com/saskatoon-starphoenix/,www.thestarphoenix.com,right-center,high,no credibility rating available
Agassiz-Harrison Observer – Bias and Credibility,https://mediabiasfactcheck.com/agassiz-harrison-observer-bias/,www.agassizharrisonobserver.com,left-center,high,high credibility
Akron Beacon Journal – Bias and Credibility,https://mediabiasfactcheck.com/akron-beacon-journal/,www.beaconjournal.com,left-center,high,high credibility
Alan Guttmacher Institute – Bias and Credibility,https://mediabiasfactcheck.com/alan-guttmacher-institute/,www.guttmacher.org,left-center,high,high credibility
AllGov – Bias and Credibility,https://mediabiasfactcheck.com/allgov/,www.allgov.com,left-center,high,high credibility
The Algemeiner Journal – Bias and Credibility,https://mediabiasfactcheck.com/the-algemeiner-journal/,www.algemeiner.com,right-center,high,high credibility
The Bulwark – Bias and Credibility,https://mediabiasfactcheck.com/the-bulwark/,www.thebulwark.com,right-center,high,high credibility
Andover Townsman – Bias and Credibility,https://mediabiasfactcheck.com/andover-townsman-bias/,www.andovertownsman.com,left-center,high,high credibility
The Fiscal Times – Bias and Credibility,https://mediabiasfactcheck.com/the-fiscal-times/,www.thefiscaltimes.com,right-center,high,high credibility
Arizona Capitol Times – Bias and Credibility,https://mediabiasfactcheck.com/arizona-capitol-times/,www.azcapitoltimes.com,left-center,high,high credibility
The Nation Pakistan – Bias and Credibility,https://mediabiasfactcheck.com/the-nation-pakistan/,nation.com.pk,right-center,mixed,medium credibility
Asheville Citizen-Times – Bias and Credibility,https://mediabiasfactcheck.com/asheville-citizen-times/,www.citizen-times.com,left-center,high,high credibility
The Seymour Tribune – Bias and Credibility,https://mediabiasfactcheck.com/the-seymour-tribune-bias/,www.tribtown.com,right-center,high,high credibility
The Standard (Kenya) – Bias and Credibility,https://mediabiasfactcheck.com/the-standard-kenya/,www.standardmedia.co.ke,right-center,mixed,medium credibility
KSCC – Corpus Christi News – Bias and Credibility,https://mediabiasfactcheck.com/kscc-corpus-christi-news-bias/,www.fox38corpuschristi.com,right-center,high,high credibility
Press Progress – Bias and Credibility,https://mediabiasfactcheck.com/press-progress/,www.pressprogress.ca,left,high,high credibility
La Nacion (Argentina) – Bias and Credibility,https://mediabiasfactcheck.com/la-nacion-argentina-bias/,www.lanacion.com.ar,right-center,high,high credibility
Red Pepper – Bias and Credibility,https://mediabiasfactcheck.com/red-pepper/,www.redpepper.org.uk,left,high,no credibility rating available
Revcom.us – Bias and Credibility,https://mediabiasfactcheck.com/revcom-us/,www.revcom.us,left,mixed,no credibility rating available
ListVerse – Bias and Credibility,https://mediabiasfactcheck.com/listverse/,www.listverse.com,right-center,mostly,high credibility
London Free Press – Bias and Credibility,https://mediabiasfactcheck.com/london-free-press/,www.lfpress.com,right-center,mostly,high credibility
Luverne Journal – Bias and Credibility,https://mediabiasfactcheck.com/luverne-journal-bias/,www.luvernejournal.com,right-center,high,high credibility
Source New Mexico – Bias and Credibility,https://mediabiasfactcheck.com/source-new-mexico-bias/,www.sourcenm.com,left,high,high credibility
St. Pete for Peace – Bias and Credibility,https://mediabiasfactcheck.com/st-pete-for-peace/,www.stpete4peace.org,left,mixed, credibility
Metabunk – Bias and Credibility,https://mediabiasfactcheck.com/metabunk/,www.metabunk.org,right-center,high,high credibility
Mitchell Daily Republic – Bias and Credibility,https://mediabiasfactcheck.com/mitchell-daily-republic-bias/,www.mitchellrepublic.com,right-center,high,high credibility
Montreal Gazette – Bias and Credibility,https://mediabiasfactcheck.com/montreal-gazette/,www.montrealgazette.com,right-center,high,high credibility
MyNorthwest – Bias and Credibility,https://mediabiasfactcheck.com/mynorthwest/,www.mynorthwest.com,right-center,high,high credibility
National Post – Bias and Credibility,https://mediabiasfactcheck.com/national-post/,www.nationalpost.com,right-center,high,high credibility
The Gravel Institute – Bias and Credibility,https://mediabiasfactcheck.com/gravel-institute-bias/,www.gravelinstitute.org,left,mixed,medium credibility
Newsroom New Zealand – Bias and Credibility,https://mediabiasfactcheck.com/newsroom-new-zealand-bias/,www.newsroom.co.nz,right-center,high,high credibility
The Militant – Bias and Credibility,https://mediabiasfactcheck.com/the-militant/,www.themilitant.com,left,mixed,medium credibility
Northwest Arkansas Democrat-Gazette – Bias and Credibility,https://mediabiasfactcheck.com/northwest-arkansas-democrat-gazette/,www.nwaonline.com,right-center,high,high credibility
The Progressive – Bias and Credibility,https://mediabiasfactcheck.com/the-progressive/,www.progressive.org,left,mostly,high credibility
Orange County Register – Bias and Credibility,https://mediabiasfactcheck.com/orange-county-register/,www.ocregister.com,right-center,high,high credibility
Paducah Sun – Bias and Credibility,https://mediabiasfactcheck.com/paducah-sun-bias/,www.paducahsun.com,right-center,high,high credibility
This Magazine – Bias and Credibility,https://mediabiasfactcheck.com/this-magazine/,www.this.org,left,mostly_factual,high credibility
TheTruth.com (Truth Initiative) – Bias and Credibility,https://mediabiasfactcheck.com/thetruth-com-bias/,www.thetruth.com,left,high,high credibility
Pomeroy Daily Sentinel – Bias and Credibility,https://mediabiasfactcheck.com/pomeroy-daily-sentinel-bias/,www.mydailysentinel.com,right-center,high,high credibility
Washington Babylon – Bias and Credibility,https://mediabiasfactcheck.com/washington-babylon/,www.washingtonbabylon.com,left,high,high credibility
Who.What.Why – Bias and Credibility,https://mediabiasfactcheck.com/who-what-why/,www.whowhatwhy.org,left,mixed,medium credibility
World Socialist Web Site – Bias and Credibility,https://mediabiasfactcheck.com/world-socialist-web-site/,www.wsws.org,left,mostly,high credibility
Regina Leader-Post – Bias and Credibility,https://mediabiasfactcheck.com/regina-leader-post/,www.leaderpost.com,right-center,high,no credibility rating available
ABC News – Bias and Credibility,https://mediabiasfactcheck.com/abc-news/,abcnews.go.com,left-center,high,high credibility
Acadiana Advocate – Bias and Credibility,https://mediabiasfactcheck.com/acadiana-advocate-bias/,www.theadvocate.com,left-center,high,high credibility
Aeon – Bias and Credibility,https://mediabiasfactcheck.com/aeon/,www.aeon.co,left-center,high,high credibility
Sevierville Mountain Press – Bias and Credibility,https://mediabiasfactcheck.com/sevierville-mountain-press-bias/,www.themountainpress.com,right-center,high,high credibility
Sol (Newspaper) – Bias and Credibility,https://mediabiasfactcheck.com/sol-sun-newspaper-bias/,sol.sapo.pt,right-center,high,high credibility
Alaska Highway News – Bias and Credibility,https://mediabiasfactcheck.com/alaska-highway-news-bias/,www.alaskahighwaynews.ca,left-center,high,high credibility
Alliston Herald – Bias and Credibility,https://mediabiasfactcheck.com/alliston-herald-bias/,www.simcoe.com,left-center,high,high credibility
American Immigration Council – Bias and Credibility,https://mediabiasfactcheck.com/american-immigration-council/,www.americanimmigrationcouncil.org,left-center,high,high credibility
The Chosun Ilbo – Bias and Credibility,https://mediabiasfactcheck.com/the-chosun-ilbo/,english.chosun.com,right-center,mixed,medium credibility
Anniston Star – Bias and Credibility,https://mediabiasfactcheck.com/anniston-star/,www.annistonstar.com,left-center,high,high credibility
The Gazette (Cedar Rapids) – Bias and Credibility,https://mediabiasfactcheck.com/the-gazette-cedar-rapids/,www.thegazette.com,right-center,high,high credibility
The Jerusalem Report – Bias and Credibility,https://mediabiasfactcheck.com/the-jerusalem-report/,www.jpost.com,right-center,high,high credibility
Arnprior Chronicle-Guide – Bias and Credibility,https://mediabiasfactcheck.com/arnprior-chronicle-guide-bias/,www.insideottawavalley.com,left-center,high,high credibility
Ashland Times-Gazette – Bias and Credibility,https://mediabiasfactcheck.com/ashland-times-gazette-bias/,www.times-gazette.com,left-center,high,high credibility
The Spectator (UK) – Bias and Credibility,https://mediabiasfactcheck.com/the-spectator-uk/,www.spectator.co.uk,right-center,mostly,high credibility
Athens News Courier – Bias and Credibility,https://mediabiasfactcheck.com/athens-news-courier-bias/,www.enewscourier.com,left-center,high,high credibility
KTVL – Medford News – Bias and Credibility,https://mediabiasfactcheck.com/ktvl-medford-news-bias/,www.ktvl.com,right-center,high,high credibility
Psyche – Bias and Credibility,https://mediabiasfactcheck.com/psyche-bias/,www.psyche.co,left,high,high credibility
Reader Supported News (RSN) – Bias and Credibility,https://mediabiasfactcheck.com/reader-supported-news-rsn/,www.rsn.org,left,mixed,low credibility
Republic Report – Bias and Credibility,https://mediabiasfactcheck.com/republic-report/,www.republicreport.org,left,high,no credibility rating available
Libertarianism.org – Bias and Credibility,https://mediabiasfactcheck.com/libertarianism-org/,www.libertarianism.org,right-center,high,high credibility
Leading Britain’s Conversation (LBC) – Bias and Credibility,https://mediabiasfactcheck.com/london-broadcasting-company-lbc/,www.lbc.co.uk,right-center,mixed,medium credibility
Lubbock Avalanche-Journal – Bias and Credibility,https://mediabiasfactcheck.com/lubbock-avalanche-journal/,www.lubbockonline.com,right-center,high,high credibility
Malaysia Today – Bias and Credibility,https://mediabiasfactcheck.com/malaysia-today/,www.malaysia-today.net,right-center,mixed,medium credibility
St. Louis Riverfront Times – Bias and Credibility,https://mediabiasfactcheck.com/st-louis-riverfront-times-bias/,www.riverfronttimes.com,left,high,high credibility
Tennessee Lookout – Bias and Credibility,https://mediabiasfactcheck.com/tennessee-lookout-bias/,www.tennesseelookout.com,left,high,high credibility
Miramichi Leader – Bias and Credibility,https://mediabiasfactcheck.com/miramichi-leader-bias/,www.tj.news,right-center,high,high credibility
Morocco World News – Bias and Credibility,https://mediabiasfactcheck.com/morocco-world-news-bias/,www.moroccoworldnews.com,right-center,no factual reporting rating,medium credibility
Nanton News – Bias and Credibility,https://mediabiasfactcheck.com/nanton-news-bias/,www.nantonnews.com,right-center,high,high credibility
The Indypendent – Bias and Credibility,https://mediabiasfactcheck.com/the-indypendent/,www.indypendent.org,left,high,high credibility
NHK (Nippon Hoso Kyokai) – Bias and Credibility,https://mediabiasfactcheck.com/nhk-nippon-hoso-kyokai/,www.nhk.or.jp,right-center,high,high credibility
Northwest Signal – Bias and Credibility,https://mediabiasfactcheck.com/northwest-signal-bias/,www.northwestsignal.net,right-center,high,high credibility
The Root – Bias and Credibility,https://mediabiasfactcheck.com/the-root/,www.theroot.com,left,mostly,high credibility
The Village Voice – Bias and Credibility,https://mediabiasfactcheck.com/the-village-voice/,www.villagevoice.com,left,high,high credibility
The World Can’t Wait – Bias and Credibility,https://mediabiasfactcheck.com/world-cant-wait/,www.worldcantwait.net,left,mixed,medium credibility
Pelham Reporter – Bias and Credibility,https://mediabiasfactcheck.com/pelham-reporter-bias/,www.shelbycountyreporter.com,right-center,high,high credibility
Truth Theory – Bias and Credibility,https://mediabiasfactcheck.com/truth-theory/,www.truththeory.com,left,high,high credibility
Vox – Bias and Credibility,https://mediabiasfactcheck.com/vox/,www.vox.com,left,high,high credibility
Wear Your Voice – Bias and Credibility,https://mediabiasfactcheck.com/wear-your-voice/,www.wearyourvoicemag.com,left,high,high credibility
Real Clear Policy – Bias and Credibility,https://mediabiasfactcheck.com/real-clear-policy/,www.realclearpolicy.com,right-center,mostly,no credibility rating available
Remington Research Group – Bias and Credibility,https://mediabiasfactcheck.com/remington-research-group/,www.remingtonresearchgroup.com,right-center,high,high credibility
Russellville Courier – Bias and Credibility,https://mediabiasfactcheck.com/russellville-courier-bias/,www.couriernews.com,right-center,high,high credibility
Ada Derana – Bias and Credibility,https://mediabiasfactcheck.com/ada-derana-bias/,www.adaderana.lk,left-center,mixed,medium credibility
Selma Times-Journal – Bias and Credibility,https://mediabiasfactcheck.com/selma-times-journal-bias/,www.selmatimesjournal.com,right-center,high,high credibility
SOFREP – Bias and Credibility,https://mediabiasfactcheck.com/sofrep/,www.sofrep.com,right-center,mostly,high credibility
St. Paul Pioneer Press – Bias and Credibility,https://mediabiasfactcheck.com/st-paul-pioneer-press/,www.twincities.com,right-center,high,high credibility
Tallassee Tribune – Bias and Credibility,https://mediabiasfactcheck.com/tallassee-tribune-bias/,www.tallasseetribune.com,right-center,high,high credibility
The Australian – Bias and Credibility,https://mediabiasfactcheck.com/the-australian/,www.theaustralian.com.au,right-center,mixed,medium credibility
The Chronicle Herald – Bias and Credibility,https://mediabiasfactcheck.com/the-chronicle-herald/,www.saltwire.com,right-center,high,high credibility
Anti-Defamation League (ADL) – Bias and Credibility,https://mediabiasfactcheck.com/anti-defamation-league/,www.adl.org,left-center,high,high credibility
Areo Magazine – Bias and Credibility,https://mediabiasfactcheck.com/areo-magazine/,www.areomagazine.com,left-center,high,high credibility
Arms Control Association – Bias and Credibility,https://mediabiasfactcheck.com/arms-control-association/,www.armscontrol.org,left-center,high,high credibility
"The Post-Journal (Jamestown, New York) – Bias and Credibility",https://mediabiasfactcheck.com/the-post-journal-jamestown-new-york/,www.post-journal.com,right-center,high,high credibility
Athabasca Advocate – Bias and Credibility,https://mediabiasfactcheck.com/athabasca-advocate-bias/,www.townandcountrytoday.com,left-center,high,high credibility
Atlanta Journal-Constitution – Bias and Credibility,https://mediabiasfactcheck.com/atlanta-journal-constitution/,www.ajc.com,left-center,high,high credibility
Austin Daily Herald (Minnesota) – Bias and Credibility,https://mediabiasfactcheck.com/austin-daily-herald-minnesota/,www.austindailyherald.com,left-center,high,high credibility
Toledo Blade – Bias and Credibility,https://mediabiasfactcheck.com/toledo-blade/,www.toledoblade.com,right-center,high,high credibility
Troy Messenger – Bias and Credibility,https://mediabiasfactcheck.com/troy-messenger-bias/,www.troymessenger.com,right-center,high,high credibility
Van Buren County Democrat – Bias and Credibilty,https://mediabiasfactcheck.com/van-buren-county-democrat-bias/,www.thecabin.net,right-center,high,high credibility
Villa Rican – Bias and Credibility,https://mediabiasfactcheck.com/villa-rican-bias/,www.times-georgian.com,right-center,high,high credibility
The Spokesman-Review – Bias and Credibility,https://mediabiasfactcheck.com/the-spokesman-review/,www.spokesman.com,right-center,high,high credibility
The Times Herald (Port Huron) – Bias and Credibility,https://mediabiasfactcheck.com/the-times-herald-port-huron/,www.thetimesherald.com,right-center,high,high credibility
Austin American-Statesman – Bias and Credibility,https://mediabiasfactcheck.com/austin-american-statesman/,www.statesman.com,left-center,high,high credibility
Times-News (Pennsylvania) – Bias and Credibility,https://mediabiasfactcheck.com/times-news-pennsylvania/,www.tnonline.com,right-center,high,high credibility
Barrie Advance – Bias and Credibility,https://mediabiasfactcheck.com/barrie-advance-bias/,www.simcoe.com,left-center,high,high credibility
Bay Nature Magazine – Bias and Credibility,https://mediabiasfactcheck.com/bay-nature-magazine-bias/,www.baynature.org,left-center,high,high credibility
ValueWalk – Bias and Credibility,https://mediabiasfactcheck.com/valuewalk/,www.valuewalk.com,right-center,mostly,high credibility
Vatican Radio/News – Bias and Credibility,https://mediabiasfactcheck.com/vatican-radio/,www.vaticannews.va,right-center,high,high credibility
Blackburn News – Bias and Credibility,https://mediabiasfactcheck.com/blackburn-news-bias-and-credibility/,www.blackburnnews.com,left-center,high,high credibility
Bloomington-Richfield Sun Current – Bias and Credibility,https://mediabiasfactcheck.com/bloomington-richfield-sun-current-bias/,www.hometownsource.com,left-center,high,high credibility
Bored Panda – Bias and Credibility,https://mediabiasfactcheck.com/bored-panda-bias/,www.boredpanda.com,left-center,high,high credibility
West Central Tribune – Bias and Credibility,https://mediabiasfactcheck.com/west-central-tribune/,www.wctrib.com,right-center,high,high credibility
WGTQ – Sault Ste Marie – Bias and Credibility,https://mediabiasfactcheck.com/wgtq-sault-ste-marie/,www.upnorthlive.com,right-center,high,high credibility
WICS – Springfield News – Bias and Credibility,https://mediabiasfactcheck.com/wics-springfield-news-bias/,www.newschannel20.com,right-center,high,high credibility
Buzzfeed – Bias and Credibility,https://mediabiasfactcheck.com/buzzfeed/,www.buzzfeed.com,left-center,mixed,medium credibility
Caledon Enterprise – Bias and Credibility,https://mediabiasfactcheck.com/caledon-enterprise-bias/,www.caledonenterprise.com,left-center,high,high credibility
WLOS (ABC13News) – Bias and Credibility,https://mediabiasfactcheck.com/wlos-abc13news/,www.wlos.com,right-center,high,high credibility
Carbon County News – Bias and Credibility,https://mediabiasfactcheck.com/carbon-county-news-bias/,www.carboncountynews.com,left-center,high,high credibility
Carlyle Observer – Bias and Credibility,https://mediabiasfactcheck.com/carlyle-observer-bias/,www.sasktoday.ca,left-center,high,high credibility
WRLH – Richmond News – Bias and Credibility,https://mediabiasfactcheck.com/wrlh-richmond-news-bias/,www.foxrichmond.com,right-center,high,high credibility
CBS Seattle – CW 11 – Bias and Credibility,https://mediabiasfactcheck.com/cbs-seattle-cw-11-bias/,seattle.cbslocal.com,left-center,high,high credibility
Center for Inquiry – Bias and Credibility,https://mediabiasfactcheck.com/center-for-inquiry/,www.centerforinquiry.org,left-center,high,high credibility
The Center on Budget and Policy Priorities – Bias and Credibility,https://mediabiasfactcheck.com/the-center-on-budget-and-policy-priorities/,www.cbpp.org,left-center,high,high credibility
Charleston Gazette-Mail – Bias and Credibility,https://mediabiasfactcheck.com/charleston-gazette-mail/,www.wvgazettemail.com,left-center,high,high credibility
Chemainus Valley Courier – Bias and Credibility,https://mediabiasfactcheck.com/chemainus-valley-courier-bias/,www.chemainusvalleycourier.ca,left-center,high,high credibility
Chilliwack Progress – Bias and Credibility,https://mediabiasfactcheck.com/chilliwack-progress-bias/,www.theprogress.com,left-center,high,high credibility
CityLab – Bias and Credibility,https://mediabiasfactcheck.com/citylab/,www.bloomberg.com,left-center,high,high credibility
Clarion Ledger – Bias and Credibility,https://mediabiasfactcheck.com/clarion-ledger/,www.clarionledger.com,left-center,high,no credibility rating available
CNBC – Bias and Credibility,https://mediabiasfactcheck.com/cnbc/,www.cnbc.com,left-center,mostly,high credibility
Coldwater Daily Reporter – Bias and Credibility,https://mediabiasfactcheck.com/coldwater-daily-reporter-bias/,www.thedailyreporter.com,left-center,high,high credibility
Armstrong Economics – Bias and Credibility,https://mediabiasfactcheck.com/armstrong-economics/,www.armstrongeconomics.com,right,mixed,medium credibility
Connecticut Post – Bias and Credibility,https://mediabiasfactcheck.com/connecticut-post/,www.ctpost.com,left-center,high,high credibility
Bounding Into Comics – Bias and Credibility,https://mediabiasfactcheck.com/bounding-into-comics/,www.boundingintocomics.com,right,mixed,medium credibility
Crow River News – Bias and Credibility,https://mediabiasfactcheck.com/crow-river-news-bias/,www.hometownsource.com,left-center,high,high credibility
Center for Freedom and Prosperity – Bias and Credibility,https://mediabiasfactcheck.com/center-for-freedom-and-prosperity/,www.freedomandprosperity.org,right,mixed,medium credibility
Christian Headlines – Bias and Credibility,https://mediabiasfactcheck.com/christian-headlines/,www.christianheadlines.com,right,mixed,medium credibility
DCist – Bias and Credibility,https://mediabiasfactcheck.com/dcist/,www.dcist.com,left-center,high,high credibility
Delaware Online – The News Journal – Bias and Credibility,https://mediabiasfactcheck.com/delaware-online-news-journal/,www.delawareonline.com,left-center,high,high credibility
Conservative Fighters – Bias and Credibility,https://mediabiasfactcheck.com/conservative-fighters/,www.conservativefighters.co,right,mixed,medium credibility
Conservative Partnership Institute – Bias and Credibility,https://mediabiasfactcheck.com/conservative-partnership-institute/,www.cpi.org,right,mostly,medium credibility
Cumulus Media – Bias and Credibility,https://mediabiasfactcheck.com/cumulus-media-bias/,www.cumulusmedia.com,right,mixed,medium credibility
Drug Policy Alliance (DPA) – Bias and Credibility,https://mediabiasfactcheck.com/drug-policy-alliance-bias/,www.drugpolicy.org,left-center,high,high credibility
Deutsche Welle (DW) News – Bias and Credibility,https://mediabiasfactcheck.com/dw-news/,www.dw.com,left-center,high,high credibility
TheStreet – Bias and Credibility,https://mediabiasfactcheck.com/thestreet/,www.thestreet.com,right-center,high,high credibility
Aurora Banner – Bias and Credibility,https://mediabiasfactcheck.com/aurora-banner-bias/,www.yorkregion.com,left-center,high,high credibility
Times-Georgian – Bias and Credibility,https://mediabiasfactcheck.com/times-georgian-bias/,www.times-georgian.com,right-center,high,high credibility
To Vima – Bias and Credibility,https://mediabiasfactcheck.com/to-vima/,www.tovima.gr,right-center,mixed,medium credibility
The Baxter Bulletin – Bias and Credibility,https://mediabiasfactcheck.com/the-baxter-bulletin/,www.baxterbulletin.com,left-center,high,high credibility
Valley Journal Advertiser – Bias and Credibility,https://mediabiasfactcheck.com/valley-journal-advertiser-bias/,www.saltwire.com,right-center,high,high credibility
Berliner Zeitung – Bias and Credibility,https://mediabiasfactcheck.com/berliner-zeitung/,www.berliner-zeitung.de,left-center,mostly,high credibility
Vulcan Advocate – Bias and Credibility,https://mediabiasfactcheck.com/vulcan-advocate-bias/,www.vulcanadvocate.com,right-center,high,high credibility
The Center Square – Bias and Credibility,https://mediabiasfactcheck.com/watchdog-org/,www.thecentersquare.com,right-center,mostly,high credibility
WCIV – Charleston News – Bias and Credibility,https://mediabiasfactcheck.com/wciv-charleston-news-bias/,www.abcnews4.com,right-center,high,high credibility
Boy Genius Report (BGR) – Bias and Credibility,https://mediabiasfactcheck.com/boy-genius-report-bgr/,www.bgr.com,left-center,high,high credibility
Brennan Center for Justice – Bias and Credibility,https://mediabiasfactcheck.com/brennan-center-for-justice/,www.brennancenter.org,left-center,high,high credibility
Whitecourt Star – Bias and Credibility,https://mediabiasfactcheck.com/whitecourt-star-bias/,www.whitecourtstar.com,right-center,high,high credibility
Burns Lake Lakes District News – Bias and Credibility,https://mediabiasfactcheck.com/burns-lake-lakes-district-news-bias/,www.burnslakelakesdistrictnews.com,left-center,high,high credibility
WJAC NBC 6 – Bias and Credibility,https://mediabiasfactcheck.com/wjac-nbc-6-bias/,www.wjactv.com,right-center,high,high credibility
Cambridge Times – Bias and Credibility,https://mediabiasfactcheck.com/cambridge-times-bias/,www.cambridgetimes.ca,left-center,high,high credibility
WOAI – San Antonio News – Bias and Credibility,https://mediabiasfactcheck.com/woai-san-antonio-news-bias/,www.news4sanantonio.com,right-center,high,high credibility
WPEC – CBS12.com – Bias and Credibility,https://mediabiasfactcheck.com/wpec-cbs12-com/,www.cbs12.com,right-center,high,high credibility
Carriage Towne News – Bias and Credibility,https://mediabiasfactcheck.com/carriage-towne-news-bias/,www.carriagetownenews.com,left-center,high,high credibility
WSTM – CNYCentral – Bias and Credibility,https://mediabiasfactcheck.com/wstm-cnycentral-bias/,www.cnycentral.com,right-center,high,high credibility
WTTE – Columbus News – Bias and Credibility,https://mediabiasfactcheck.com/wtte-columbus-news/,www.myfox28columbus.com,right-center,high,high credibility
WUHF – Rochester – Bias and Credibility,https://mediabiasfactcheck.com/wuhf-rochester-bias/,www.foxrochester.com,right-center,high,high credibility
Yankee Institute for Public Policy – Bias and Credibility,https://mediabiasfactcheck.com/yankee-institute-bias-rating/,www.yankeeinstitute.org,right-center,high,high credibility
2ndVote – Bias and Credibility,https://mediabiasfactcheck.com/2ndvote/,www.2ndvote.com,right,mixed,medium credibility
China Global South Project – Bias and Credibility,https://mediabiasfactcheck.com/the-china-africa-project-cap/,www.chinaglobalsouth.com,left-center,high,high credibility
City and State New York – Bias and Credibility,https://mediabiasfactcheck.com/city-and-state-new-york/,www.cityandstateny.com,left-center,high,high credibility
Americans for Prosperity – Bias and Credibility,https://mediabiasfactcheck.com/americans-for-prosperity/,www.americansforprosperity.org,right,mixed,low credibility
Cleburne Times Review – Bias and Credibility,https://mediabiasfactcheck.com/cleburne-times-review-bias/,www.cleburnetimesreview.com,left-center,high,high credibility
ColoradoPolitics – Bias and Credibility,https://mediabiasfactcheck.com/coloradopolitics-bias/,www.coloradopolitics.com,left-center,high,high credibility
Asian Dawn – Bias and Credibility,https://mediabiasfactcheck.com/asian-dawn/,www.asian-dawn.com,right,mixed,medium credibility
Birmingham’s Real Talk – Bias and Credibility,https://mediabiasfactcheck.com/birminghams-real-talk-bias/,www.talk995.com,right,mixed,medium credibility
Corpus Christi Caller-Times – Bias and Credibility,https://mediabiasfactcheck.com/corpus-christi-caller-times/,www.caller.com,left-center,high,high credibility
Campus Reform – Bias and Credibility,https://mediabiasfactcheck.com/campus-reform/,www.campusreform.org,right,mixed,medium credibility
Center of the American Experiment – Bias and Credibility,https://mediabiasfactcheck.com/center-of-the-american-experiment/,www.americanexperiment.org,right,mixed,low credibility
Dawn (Pakistan) – Bias and Credibility,https://mediabiasfactcheck.com/dawn/,www.dawn.com,left-center,mostly,medium credibility
City Journal – Bias and Credibility,https://mediabiasfactcheck.com/city-journal/,www.city-journal.org,right,mostly,high credibility
Delta Optimist – Bias and Credibility,https://mediabiasfactcheck.com/delta-optimist-bias/,www.delta-optimist.com,left-center,high,high credibility
Denver Post – Bias and Credibility,https://mediabiasfactcheck.com/denver-post/,www.denverpost.com,left-center,high,high credibility
Conservative Today – Bias and Credibility,https://mediabiasfactcheck.com/conservative-today/,www.conservativetoday.com,right,mixed,no credibility rating available
Daily Express – Bias and Credibility,https://mediabiasfactcheck.com/daily-express/,www.express.co.uk,right,mixed,medium credibility
DC Enquirer – Bias and Credibility,https://mediabiasfactcheck.com/dc-enquirer-bias/,www.dcenquirer.com,right,mixed,medium credibility
Earth Institute – Bias and Credibility,https://mediabiasfactcheck.com/earth-institute/,earth.columbia.edu,left-center,high,high credibility
Egypt Today – Bias and Credibility,https://mediabiasfactcheck.com/egypt-today-bias-credibility/,www.egypttoday.com,right,mixed,medium credibility
Effingham Daily News – Bias and Credibility,https://mediabiasfactcheck.com/effingham-daily-news-bias/,www.effinghamdailynews.com,left-center,high,high credibility
The Atlantic – Bias and Credibility,https://mediabiasfactcheck.com/the-atlantic/,www.theatlantic.com,left-center,high,high credibility
The West Australian – Bias and Credibility,https://mediabiasfactcheck.com/the-west-australian/,thewest.com.au,right-center,high,high credibility
Baltimore Sun – Bias and Credibility,https://mediabiasfactcheck.com/baltimore-sun/,www.baltimoresun.com,left-center,high,high credibility
Barrie Today – Bias and Credibility,https://mediabiasfactcheck.com/barrie-today/,www.barrietoday.com,left-center,high,high credibility
Bedford Times-Mail – Bias and Credibility,https://mediabiasfactcheck.com/bedford-times-mail-bias/,www.tmnews.com,left-center,high,high credibility
Vancouver Province – Bias and Credibility,https://mediabiasfactcheck.com/vancouver-province-bias/,www.theprovince.com,right-center,high,high credibility
Big Timber Pioneer – Bias and Credibility,https://mediabiasfactcheck.com/big-timber-pioneer-bias/,www.bigtimberpioneer.net,left-center,high,high credibility
BlackPressUSA – Bias and Credibility,https://mediabiasfactcheck.com/black-press-usa-bias/,www.blackpressusa.com,left-center,high,high credibility
Bluefield Daily Telegraph – Bias and Credibility,https://mediabiasfactcheck.com/bluefield-daily-telegraph-bias/,www.bdtonline.com,left-center,high,high credibility
Borgen Magazine – Bias and Credibility,https://mediabiasfactcheck.com/borgen-magazine-bias/,www.borgenmagazine.com,left-center,high,high credibility
Bowen Island Undercurrent – Bias and Credibility,https://mediabiasfactcheck.com/bowen-island-undercurrent-bias/,www.bowenislandundercurrent.com,left-center,high,high credibility
WGME – CBS 13 – Bias and Credibility,https://mediabiasfactcheck.com/wgme-cbs-13/,www.wgme.com,right-center,high,high credibility
Bulletin of the Atomic Scientists – Bias and Credibility,https://mediabiasfactcheck.com/bulletin-of-the-atomic-scientists/,www.thebulletin.org,left-center,high,high credibility
Burnsville-Eagan Sun ThisWeek – Bias and Credibility,https://mediabiasfactcheck.com/burnsville-eagan-sun-thisweek-bias/,www.hometownsource.com,left-center,high,high credibility
Caledonia Courier – Bias and Credibility,https://mediabiasfactcheck.com/caledonia-courier-bias/,www.caledoniacourier.com,left-center,high,high credibility
WNWO 24 News – Bias and Credibility,https://mediabiasfactcheck.com/wnwo-24-news-bias/,www.nbc24.com,right-center,high,high credibility
Carleton Place Canadian Gazette – Bias and Credibility,https://mediabiasfactcheck.com/carleton-place-canadian-gazette/,www.insideottawavalley.com,left-center,high,high credibility
WRGT – Dayton News – Bias and Credibility,https://mediabiasfactcheck.com/wrgt-dayton-news-bias/,www.dayton247now.com,right-center,high,high credibility
WSYX – ABC6onYourSide.com – Bias and Credibility,https://mediabiasfactcheck.com/wsyx-abc6onyourside-com-bias/,www.kpic.com,right-center,high,high credibility
WTVC – ABC Chattanooga – Bias and Credibility,https://mediabiasfactcheck.com/wtvc-abc-chattanooga-bias/,www.newschannel9.com,right-center,high,high credibility
Center for Public Integrity – Bias and Credibility,https://mediabiasfactcheck.com/center-for-public-integrity/,www.publicintegrity.org,left-center,high,high credibility
Channel 4 News (UK) – Bias and Credibility,https://mediabiasfactcheck.com/channel-4-news-uk/,www.channel4.com,left-center,high,high credibility
Cheboygan Daily Tribune – Bias and Credibility,https://mediabiasfactcheck.com/cheboygan-daily-tribune-bias/,www.cheboygannews.com,left-center,high,high credibility
Aish.com – Bias and Credibility,https://mediabiasfactcheck.com/aish-com/,www.aish.com,right,mixed,medium credibility
America Rising PAC – Bias and Credibility,https://mediabiasfactcheck.com/america-rising-pac/,www.americarisingpac.org,right,mixed,medium credibility
American Enterprise Institute – Bias and Credibility,https://mediabiasfactcheck.com/american-enterprise-institute/,www.aei.org,right,mixed,medium credibility
American Journal Daily – Bias and Credibility,https://mediabiasfactcheck.com/american-journal-daily-bias/,www.americanjournaldaily.com,right,mixed,medium credibility
Columbia Daily Tribune – Bias and Credibility,https://mediabiasfactcheck.com/columbia-daily-tribune-bias/,www.columbiatribune.com,left-center,high,high credibility
Common Cause – Bias and Credibility,https://mediabiasfactcheck.com/common-cause/,www.commoncause.org,left-center,high,high credibility
Bearing Arms – Bias and Credibility,https://mediabiasfactcheck.com/bearing-arms/,www.bearingarms.com,right,mixed,medium credibility
Cooperstown Crier – Bias and Credibility,https://mediabiasfactcheck.com/cooperstown-crier-bias/,www.coopercrier.com,left-center,high,high credibility
Calgary Sun – Bias and Credibility,https://mediabiasfactcheck.com/calgary-sun/,www.calgarysun.com,right,mostly,high credibility
CapX – Bias and Credibility,https://mediabiasfactcheck.com/capx-bias/,www.capx.co,right,mostly,medium credibility
The Daily Nation – Bias and Credibility,https://mediabiasfactcheck.com/the-daily-nation/,www.nation.africa,left-center,mixed,medium credibility
Dawson Creek Mirror – Bias and Credibility,https://mediabiasfactcheck.com/dawson-creek-mirror-bias/,www.dawsoncreekmirror.ca,left-center,high,high credibility
Debunking Denialism – Bias and Credibility,https://mediabiasfactcheck.com/debunking-denialism/,www.debunkingdenialism.com,left-center,high,high credibility
Conservative Brief – Bias and Credibility,https://mediabiasfactcheck.com/conservative-brief-bias/,www.conservativebrief.com,right,mostly,high credibility
ConservativeOpinion.com – Bias and Credibility,https://mediabiasfactcheck.com/conservativeopinion-com/,www.conservativeopinion.com,right,mixed,medium credibility
Crisis Magazine – Bias and Credibility,https://mediabiasfactcheck.com/crisis-magazine/,www.crisismagazine.com,right,mixed,medium credibility
Daily Reckoning – Bias and Credibility,https://mediabiasfactcheck.com/daily-reckoning/,www.dailyreckoning.com,right,mixed,medium credibility
Dutch Review – Bias and Credibility,https://mediabiasfactcheck.com/dutch-review/,www.dutchreview.com,left-center,mostly,high credibility
DML News (TeamDML) – Bias and Credibility,https://mediabiasfactcheck.com/dml-news/,www.teamdml.com,right,mixed,medium credibility
Economics.Help – Bias and Credibility,https://mediabiasfactcheck.com/economics-help/,www.economicshelp.org,left-center,high,high credibility
Egyptian Streets – Bias and Credibility,https://mediabiasfactcheck.com/egyptian-streets/,www.egyptianstreets.com,left-center,mixed,medium credibility
Times of India – Bias and Credibility,https://mediabiasfactcheck.com/times-of-india/,timesofindia.indiatimes.com,right-center,mixed,medium credibility
AV Club – Bias and Credibility,https://mediabiasfactcheck.com/av-club/,www.avclub.com,left-center,high,high credibility
Times of South Africa (Times Live) – Bias and Credibility,https://mediabiasfactcheck.com/times-of-south-africa-times-live/,www.timeslive.co.za,right-center,mostly,high credibility
Tribunnews.com – Bias and Credibility,https://mediabiasfactcheck.com/tribunnews-com/,www.tribunnews.com,right-center,mixed,medium credibility
Bellingcat – Bias and Credibility,https://mediabiasfactcheck.com/bellingcat/,www.bellingcat.com,left-center,mostly,high credibility
"Berkley Center for Religion, Peace and World Affairs – Bias and Credibility",https://mediabiasfactcheck.com/berkley-center-for-religion-peace-and-world-affairs/,berkleycenter.georgetown.edu,left-center,high,high credibility
Birmingham Mail – Bias and Credibility,https://mediabiasfactcheck.com/birmingham-mail/,www.birminghammail.co.uk,left-center,mostly,high credibility
Bleacher Report – Bias and Credibility,https://mediabiasfactcheck.com/bleacher-report/,www.bleacherreport.com,left-center,mostly,high credibility
Bluestem Prairie – Bias and Credibility,https://mediabiasfactcheck.com/bluestem-prairie/,www.bluestemprairie.com,left-center,high,high credibility
WCYB – Bristol News – Bias and Credibility,https://mediabiasfactcheck.com/wcyb-bristol-news-bias/,www.wcyb.com,right-center,high,high credibility
Wetaskiwin Times – Bias and Credibility,https://mediabiasfactcheck.com/wetaskiwin-times-bias/,www.wetaskiwintimes.com,right-center,high,high credibility
WGTU – Traverse City News – Bias and Credibility,https://mediabiasfactcheck.com/wgtu-traverse-city-news/,www.upnorthlive.com,right-center,high,high credibility
WHP – Harrisburg News – Bias and Credibility,https://mediabiasfactcheck.com/whp-harrisburg-news/,www.local21news.com,right-center,high,high credibility
Business Insider – Bias and Credibility,https://mediabiasfactcheck.com/business-insider/,www.businessinsider.com,left-center,high,high credibility
WJBC – 1230AM – Bloomington – Bias and Credibility,https://mediabiasfactcheck.com/wjbc-1230am-bloomington-bias-and-credibility/,www.wjbc.com,right-center,mostly,high credibility
WLUK Fox 11 – Bias and Credibility,https://mediabiasfactcheck.com/wluk-fox-11/,www.fox11online.com,right-center,high,high credibility
Capital Gazette – Bias and Credibility,https://mediabiasfactcheck.com/capital-gazette/,www.capitalgazette.com,left-center,high,high credibility
WPFO – Portland News – Bias and Credibility,https://mediabiasfactcheck.com/wpfo-portland-news-bias/,www.fox23maine.com,right-center,high,high credibility
CBC News (Canadian Broadcasting) – Bias and Credibility,https://mediabiasfactcheck.com/cbc-news-canadian-broadcasting/,www.cbc.ca,left-center,high,high credibility
WTGS – Savannah – Bias and Credibility,https://mediabiasfactcheck.com/wtgs-savannah-bias/,www.fox28media.com,right-center,high,high credibility
WTVC – Chattanooga – Bias and Credibility,https://mediabiasfactcheck.com/wtvc-chattanooga-bias/,www.foxchattanooga.com,right-center,high,high credibility
WVAH – Charleston News – Bias and Credibility,https://mediabiasfactcheck.com/wvah-charleston-news-bias/,www.wvah.com,right-center,high,high credibility
Yonhap News Agency – Bias and Credibility,https://mediabiasfactcheck.com/yonhap-news-agency-bias/,en.yna.co.kr,right-center,mostly,high credibility
Acton Institute – Bias and Credibility,https://mediabiasfactcheck.com/acton-institute/,www.acton.org,right,mixed,medium credibility
AltNewsMedia.net – Bias and Credibility,https://mediabiasfactcheck.com/altnewsmedia-net/,www.altnewsmedia.net,right,mixed,low credibility
Claremore Daily Progress – Bias and Credibility,https://mediabiasfactcheck.com/claremore-daily-progress-bias/,www.claremoreprogress.com,left-center,high,high credibility
Clearwater Times – Bias and Credibility,https://mediabiasfactcheck.com/clearwater-times-bias/,www.clearwatertimes.com,left-center,high,high credibility
American Wire News – Bias and Credibility,https://mediabiasfactcheck.com/american-wire-news/,www.americanwirenews.com,right,mixed,medium credibility
Colombia Reports – Bias and Credibility,https://mediabiasfactcheck.com/columbia-reports/,www.colombiareports.com,left-center,mixed,medium credibility
Commonweal Magazine – Bias and Credibility,https://mediabiasfactcheck.com/commonweal-magazine/,www.commonwealmagazine.org,left-center,high,high credibility
Constitution Project – Bias and Credibility,https://mediabiasfactcheck.com/constitution-project/,www.pogo.org,left-center,mostly,high credibility
Cowichan Valley Citizen – Bias and Credibility,https://mediabiasfactcheck.com/cowichan-valley-citizen-bias/,www.cowichanvalleycitizen.com,left-center,high,high credibility
CT Mirror – Bias and Credibility,https://mediabiasfactcheck.com/ct-mirror/,www.ctmirror.org,left-center,high,high credibility
Daily Mirror – Bias and Credibility,https://mediabiasfactcheck.com/daily-mirror/,www.mirror.co.uk,left-center,mixed,medium credibility
Christian Post – Bias and Credibility,https://mediabiasfactcheck.com/christian-post/,www.christianpost.com,right,mixed,medium credibility
Deadline Hollywood – Bias and Credibility,https://mediabiasfactcheck.com/deadline-hollywood/,www.deadline.com,left-center,high,high credibility
Commentary Magazine – Bias and Credibility,https://mediabiasfactcheck.com/commentary-magazine/,www.commentarymagazine.com,right,mostly,medium credibility
Denton Times-Record – Bias and Credibility,https://mediabiasfactcheck.com/denton-times-record-bias/,www.myeasternshoremd.com,left-center,high,high credibility
Detroit Free Press – Bias and Credibility,https://mediabiasfactcheck.com/detroit-free-press/,www.freep.com,left-center,high,high credibility
Diply – Bias and Credibility,https://mediabiasfactcheck.com/diply/,www.diply.com,left-center,mixed,medium credibility
Duncan Banner – Bias and Credibility,https://mediabiasfactcheck.com/duncan-banner-bias/,www.duncanbanner.com,left-center,high,high credibility
De Telegraaf – Bias and Credibility,https://mediabiasfactcheck.com/de-telegraaf/,www.telegraaf.nl,right,mostly,high credibility
Econofact – Bias and Credibility,https://mediabiasfactcheck.com/econofact/,www.econofact.org,left-center,high,high credibility
Explain America – Bias and Credibility,https://mediabiasfactcheck.com/explain-america-bias/,www.explainamerica.com,right,mostly,medium credibility
The Times UK and The Sunday Times – Bias and Credibility,https://mediabiasfactcheck.com/the-times-of-london/,www.thetimes.co.uk,right-center,high,high credibility
Axios – Bias and Credibility,https://mediabiasfactcheck.com/axios/,www.axios.com,left-center,high,high credibility
TND – The National Desk – Bias and Credibility,https://mediabiasfactcheck.com/tnd-the-national-news-desk-bias/,www.thenationaldesk.com,right-center,high,high credibility
Baton Rouge Advocate – Bias and Credibility,https://mediabiasfactcheck.com/baton-rouge-advocate-bias/,www.theadvocate.com,left-center,high,high credibility
Tyler Morning Telegraph – Bias and Credibility,https://mediabiasfactcheck.com/tyler-morning-telegraph-bias/,www.tylerpaper.com,right-center,high,high credibility
Berkshire Eagle – Bias and Credibility,https://mediabiasfactcheck.com/berkshire-eagle/,www.berkshireeagle.com,left-center,high,high credibility
Vincennes Sun-Commercial – Bias and Credibility,https://mediabiasfactcheck.com/vincennes-sun-commercial-bias/,www.suncommercial.com,right-center,high,high credibility
WACH – Columbia News – Bias and Credibility,https://mediabiasfactcheck.com/wach-columbia-news/,www.wach.com,right-center,high,high credibility
WBMA – Birmingham News – Bias and Credibility,https://mediabiasfactcheck.com/wbma-birmingham-news/,www.abc3340.com,right-center,high,high credibility
WDKY – Lexington News – Bias and Credibility,https://mediabiasfactcheck.com/wdky-lexington-news/,www.foxlexington.com,right-center,high,high credibility
Bracebridge Examiner – Bias and Credibility,https://mediabiasfactcheck.com/bracebridge-examiner-bias/,www.muskokaregion.com,left-center,high,high credibility
Brockton Enterprise – Bias and Credibility,https://mediabiasfactcheck.com/brockton-enterprise-bias/,www.enterprisenews.com,left-center,high,high credibility
Burlington County Times – Bias and Credibility,https://mediabiasfactcheck.com/burlington-county-times-bias/,www.burlingtoncountytimes.com,left-center,high,high credibility
Wilmington News Journal – Bias and Credibility,https://mediabiasfactcheck.com/wilmington-news-journal-bias/,www.wnewsj.com,right-center,high,high credibility
Byline Times – Bias and Credibility,https://mediabiasfactcheck.com/byline-times/,www.bylinetimes.com,left-center,high,high credibility
WKRC – Cincinnati – Bias and Credibility,https://mediabiasfactcheck.com/wkrc-cincinnati-bias/,www.local12.com,right-center,high,high credibility
WNBW – Gainesville News – Bias and Credibility,https://mediabiasfactcheck.com/wnbw-gainesville-news-bias/,www.mycbs4.com,right-center,high,high credibility
WPDE – Florence News – Bias and Credibility,https://mediabiasfactcheck.com/wpde-florence-news-bias/,www.wpde.com,right-center,high,high credibility
WRGB – Albany – Bias and Credibility,https://mediabiasfactcheck.com/wrgb-albany-bias/,www.turnto10.com,right-center,high,high credibility
WSMH – Flint – Bias and Credibility,https://mediabiasfactcheck.com/wsmh-flint-bias/,www.nbc25news.com,right-center,high,high credibility
CBS New York (WCBS-TV) (WLNY-TV) – Bias and Credibility,https://mediabiasfactcheck.com/cbs-new-york-wcbs-tv-wlny-tv/,newyork.cbslocal.com,left-center,high,high credibility
WTOV Steubenville-Wheeling – Bias and Credibility,https://mediabiasfactcheck.com/wtov-steubenville-wheeling/,www.wtov9.com,right-center,high,high credibility
Center for Popular Democracy – Bias and Credibility,https://mediabiasfactcheck.com/center-popular-democracy/,www.populardemocracy.org,left-center,high,high credibility
Charlotte Observer – Bias and Credibility,https://mediabiasfactcheck.com/charlotte-observer/,www.charlotteobserver.com,left-center,high,high credibility
Abort73 – Bias and Credibility,https://mediabiasfactcheck.com/abort73/,www.abort73.com,right,mixed,medium credibility
Against Crony Capitialism – Bias and Credibility,https://mediabiasfactcheck.com/against-crony-capitialism/,www.ac2news.com,right,mostly,medium credibility
Citizens for Tax Justice – Bias and Credibility,https://mediabiasfactcheck.com/citizens-for-tax-justice/,www.ctj.org,left-center,mostly,high credibility
CKNX News Today – Bias and Credibility,https://mediabiasfactcheck.com/cknx-news-today-bias/,www.cknxnewstoday.ca,left-center,high,high credibility
American Foreign Policy Council (AFPC) – Bias and Credibility,https://mediabiasfactcheck.com/american-foreign-policy-council/,www.afpc.org,right,mostly,medium credibility
Coast Mountain News – Bias and Credibility,https://mediabiasfactcheck.com/coast-mountain-news-bias/,www.coastmountainnews.com,left-center,high,high credibility
Columbia Journalism Review – Bias and Credibility,https://mediabiasfactcheck.com/columbia-journalism-review/,www.cjr.org,left-center,high,high credibility
The Badger Institute – Bias and Credibility,https://mediabiasfactcheck.com/the-badger-institute/,www.badgerinstitute.org,right,mixed,medium credibility
BlabberBuzz – Bias and Credibility,https://mediabiasfactcheck.com/blabber-buzz/,www.blabber.buzz,right,mixed,medium credibility
Brownstone Institute – Bias and Credibility,https://mediabiasfactcheck.com/brownstone-institute-bias/,www.brownstone.org,right,mixed,medium credibility
Cullman Times – Bias and Credibility,https://mediabiasfactcheck.com/cullman-times-bias/,www.cullmantimes.com,left-center,high,high credibility
Daily Monitor (Uganda) – Bias and Credibility,https://mediabiasfactcheck.com/daily-monitor-uganda-bias/,www.monitor.co.ug,left-center,mostly,medium credibility
Danville Commercial-News – Bias and Credibility,https://mediabiasfactcheck.com/danville-commercial-news-bias/,www.commercial-news.com,left-center,high,high credibility
Citizens United – Bias and Credibility,https://mediabiasfactcheck.com/citizens-united/,www.citizensunited.org,right,mixed,medium credibility
Delo – Bias and Credibility,https://mediabiasfactcheck.com/delo/,www.delo.si,left-center,mostly,high credibility
Conservative Home – Bias and Credibility,https://mediabiasfactcheck.com/conservative-home/,www.conservativehome.com,right,high,high credibility
Conservative Review – Bias and Credibility,https://mediabiasfactcheck.com/conservative-review/,www.conservativereview.com,right,mixed,medium credibility
Daily Caller – Bias and Credibility,https://mediabiasfactcheck.com/daily-caller/,www.dailycaller.com,right,mixed,medium credibility
Daily Telegraph (UK) – Bias and Credibility,https://mediabiasfactcheck.com/daily-telegraph/,www.telegraph.co.uk,right,mixed,medium credibility
Eagle Valley News – Bias and Credibility,https://mediabiasfactcheck.com/eagle-valley-news-bias/,www.eaglevalleynews.com,left-center,high,high credibility
The Tribune (India) – Bias and Credibility,https://mediabiasfactcheck.com/the-tribune-india-bias/,www.tribuneindia.com,right-center,mixed,medium credibility
BackChannel – Bias and Credibility,https://mediabiasfactcheck.com/backchannel/,www.wired.com,left-center,high,high credibility
Baptist News Global – Bias and Credibility,https://mediabiasfactcheck.com/baptist-news-global/,www.baptistnews.com,left-center,high,high credibility
Battle Creek Enquirer – Bias and Credibility,https://mediabiasfactcheck.com/battle-creek-enquirer/,www.battlecreekenquirer.com,left-center,high,high credibility
Tulsa World – Bias and Credibility,https://mediabiasfactcheck.com/tulsa-world/,www.tulsaworld.com,right-center,high,high credibility
Belltower.News – Bias and Credibility,https://mediabiasfactcheck.com/belltower-news-bias/,www.belltower.news,left-center,mostly,medium credibility
Bighorn County News – Bias and Credibility,https://mediabiasfactcheck.com/bighorn-county-news-bias/,www.bighorncountynews.com,left-center,high,high credibility
Black Enterprise Magazine – Bias and Credibility,https://mediabiasfactcheck.com/black-enterprise-magazine-bias/,www.blackenterprise.com,left-center,high,high credibility
Washington C H Record Herald – Bias and Credibility,https://mediabiasfactcheck.com/washington-c-h-record-herald-bias/,www.recordherald.com,right-center,high,high credibility
WBFF – Baltimore News – Bias and Credibility,https://mediabiasfactcheck.com/wbff-baltimore-news-bias/,www.foxbaltimore.com,right-center,high,high credibility
Boston.com – Bias and Credibility,https://mediabiasfactcheck.com/boston-com/,www.boston.com,left-center,high,high credibility
Brampton Guardian – Bias and Credibility,https://mediabiasfactcheck.com/brampton-guardian/,www.bramptonguardian.com,left-center,high,high credibility
WGXA News – Bias and Credibility,https://mediabiasfactcheck.com/wgxa-news-bias/,www.wgxa.tv,right-center,high,high credibility
Burlington Post – Bias and Credibility,https://mediabiasfactcheck.com/burlington-post-bias/,www.insidehalton.com,left-center,high,high credibility
Winchester Sun – Bias and Credibility,https://mediabiasfactcheck.com/winchester-sun-bias/,www.winchestersun.com,right-center,high,high credibility
WJAR – Providence News – Bias and Credibility,https://mediabiasfactcheck.com/wjar-providence-news/,www.turnto10.com,right-center,high,high credibility
CalMatters – Bias and Credibility,https://mediabiasfactcheck.com/calmatters-bias/,www.calmatters.org,left-center,high,high credibility
Canary Media – Bias and Credibility,https://mediabiasfactcheck.com/canary-media-bias/,www.canarymedia.com,left-center,high,high credibility
Caribbean Life News – Bias and Credibility,https://mediabiasfactcheck.com/caribbean-life-news/,www.caribbeanlifenews.com,left-center,high,high credibility
Carolina Public Press – Bias and Credibility,https://mediabiasfactcheck.com/carolina-public-press/,www.carolinapublicpress.org,left-center,high,high credibility
CBS News – Bias and Credibility,https://mediabiasfactcheck.com/cbs-news/,www.cbsnews.com,left-center,high,high credibility
Center for Global Development – Bias and Credibility,https://mediabiasfactcheck.com/center-for-global-development/,www.cgdev.org,left-center,high,high credibility
WUTV – Buffalo News – Bias and Credibility,https://mediabiasfactcheck.com/wutv-buffalo-news-bias/,www.wutv29.com,right-center,high,high credibility
Xenia Gazette – Bias and Credibility,https://mediabiasfactcheck.com/xenia-gazette-bias/,www.xeniagazette.com,right-center,high,high credibility
Cheddar – Bias and Credibility,https://mediabiasfactcheck.com/cheddar/,www.cheddar.com,left-center,high,high credibility
Chicago Sun-Times – Bias and Credibility,https://mediabiasfactcheck.com/chicago-sun-times/,chicago.suntimes.com,left-center,high,high credibility
Citizens for Responsibility and Ethics in Washington (CREW) – Bias and Credibility,https://mediabiasfactcheck.com/citizens-responsibility-ethics-washington-crew/,www.citizensforethics.org,left-center,mostly,medium credibility
American Conservative Union (ACU) – Bias and Credibility,https://mediabiasfactcheck.com/american-conservative-union-acu-bias/,www.conservative.org,right,mixed,medium credibility
Cloverdale Reporter – Bias and Credibility,https://mediabiasfactcheck.com/cloverdale-reporter-bias/,www.cloverdalereporter.com,left-center,high,high credibility
Anadolu Agency – Bias and Credibility,https://mediabiasfactcheck.com/anadolu-agency/,www.aa.com.tr,right,mixed,medium credibility
AsiaNews.it – Bias and Credibility,https://mediabiasfactcheck.com/asiannews-it/,www.asianews.it,right,mixed,medium credibility
Bizpac Review – Bias and Credibility,https://mediabiasfactcheck.com/bizpac-review/,www.bizpacreview.com,right,mixed,medium credibility
C2C Journal – Bias and Credibility,https://mediabiasfactcheck.com/c2c-journal/,www.c2cjournal.ca,right,mostly,medium credibility
Capital Research Center – Bias and Credibility,https://mediabiasfactcheck.com/capital-research-center/,www.capitalresearch.org,right,mixed,medium credibility
Chicks on the Right – Bias and Credibility,https://mediabiasfactcheck.com/chicks-on-the-right/,www.chicksontheright.com,right,mixed,medium credibility
Christian Today – Bias and Credibility,https://mediabiasfactcheck.com/christian-today/,www.christiantoday.com,right,mixed,medium credibility
Deccan Herald – Bias and Credibility,https://mediabiasfactcheck.com/deccan-herald/,www.deccanherald.com,left-center,mixed,medium credibility
Democracy 21 – Bias and Credibility,https://mediabiasfactcheck.com/democracy-21/,www.democracy21.org,left-center,high,high credibility
Denver Westword – Bias and Credibility,https://mediabiasfactcheck.com/denver-westword/,www.westword.com,left-center,high,high credibility
Crime Prevention Research Center – Bias and Credibility,https://mediabiasfactcheck.com/crime-prevention-research-center/,www.crimeresearch.org,right,mixed,medium credibility
Dorchester Star – Bias and Credibility,https://mediabiasfactcheck.com/dorchester-star-bias/,www.myeasternshoremd.com,left-center,high,high credibility
Dundas Star – Bias and Credibility,https://mediabiasfactcheck.com/dundas-star-bias/,www.thespec.com,left-center,high,high credibility
EarthJustice – Bias and Credibility,https://mediabiasfactcheck.com/earthjustice/,www.earthjustice.org,left-center,high,high credibility
Economic Policy Institute – Bias and Credibility,https://mediabiasfactcheck.com/economic-policy-institute/,www.epi.org,left-center,high,high credibility
The Winchester Star – Bias and Credibility,https://mediabiasfactcheck.com/the-winchester-star/,www.winchesterstar.com,right-center,high,high credibility
Bangor Daily News – Bias and Credibility,https://mediabiasfactcheck.com/bangor-daily-news/,www.bangordailynews.com,left-center,high,high credibility
Tri-County Vanguard – Bias and Credibility,https://mediabiasfactcheck.com/tri-county-vanguard-bias/,www.saltwire.com,right-center,high,high credibility
Unherd – Bias and Credibility,https://mediabiasfactcheck.com/unherd-bias/,www.unherd.com,right-center,mostly,high credibility
Vancouver Sun – Bias and Credibility,https://mediabiasfactcheck.com/vancouver-sun/,www.vancouversun.com,right-center,high,high credibility
Bing News – Bias and Credibility,https://mediabiasfactcheck.com/bing-news/,www.bing.com,left-center,high,high credibility
Wall Street Journal – Bias and Credibility,https://mediabiasfactcheck.com/wall-street-journal/,www.wsj.com,right-center,mostly,high credibility
Waterbury Republican-American – Bias and Credibility,https://mediabiasfactcheck.com/waterbury-republican-american/,www.rep-am.com,right-center,high,high credibility
WCTI – New Bern News – Bias and Credibility,https://mediabiasfactcheck.com/wcti-new-bern-news/,www.wcti12.com,right-center,high,high credibility
Wetumpka Herald – Bias and Credibility,https://mediabiasfactcheck.com/wetumpka-herald-bias/,www.thewetumpkaherald.com,right-center,high,high credibility
Brookings Institution – Bias and Credibility,https://mediabiasfactcheck.com/brookings-institute/,www.brookings.edu,left-center,very high,high credibility
Willoughby News-Herald – Bias and Credibility,https://mediabiasfactcheck.com/willoughby-news-herald/,www.news-herald.com,right-center,high,high credibility
Windsor Star – Bias and Credibility,https://mediabiasfactcheck.com/windsor-star/,www.windsorstar.com,right-center,high,high credibility
WKEF – Dayton News – Bias and Credibility,https://mediabiasfactcheck.com/wkef-dayton-news-bias/,www.dayton247now.com,right-center,high,high credibility
Canora Courier – Bias and Credibility,https://mediabiasfactcheck.com/canora-courier-bias/,www.sasktoday.ca,left-center,high,high credibility
Carlsbad Current-Argus – Bias and Credibility,https://mediabiasfactcheck.com/carlsbad-current-argus-bias/,www.currentargus.com,left-center,high,high credibility
Catch News – Bias and Credibility,https://mediabiasfactcheck.com/catch-news-bias-rating/,www.catchnews.com,left-center,mostly,medium credibility
CBS Los Angeles (KCBS) – Bias and Credibility,https://mediabiasfactcheck.com/cbs-los-angeles-kcbs/,www.cbsnews.com,left-center,high,high credibility
Center for Advanced Defense Studies – Bias and Credibility,https://mediabiasfactcheck.com/center-for-advanced-defense-studies/,www.c4ads.org,left-center,high,high credibility
WTWC – Tallahassee News – Bias and Credibility,https://mediabiasfactcheck.com/wtwc-tallahassee-news-bias/,www.wtwc40.com,right-center,high,high credibility
Central News Agency (CNA) / Focus Taiwan – Bias and Credibility,https://mediabiasfactcheck.com/central-news-agency-cna-focus-taiwan/,www.focustaiwan.tw,left-center,high,high credibility
Accuracy in Academia (AIA) – Bias and Credibility,https://mediabiasfactcheck.com/accuracy-in-academia-aia/,www.academia.org,right,mixed,medium credibility
The Christian Century Magazine – Bias and Credibility,https://mediabiasfactcheck.com/the-christian-century-magazine-bias/,www.christiancentury.org,left-center,high,high credibility
CK NewsToday – Bias and Credibility,https://mediabiasfactcheck.com/ck-newstoday-bias/,www.cknewstoday.ca,left-center,high,high credibility
Americans for Tax Reform (ATR) – Bias and Credibility,https://mediabiasfactcheck.com/americans-for-tax-reform/,www.atr.org,right,mixed,no credibility rating available
American Legislative Exchange Council (ALEC) – Bias and Credibility,https://mediabiasfactcheck.com/american-legislative-exchange-council-alec/,www.alec.org,right,mixed,medium credibility
Ami Magazine – Bias and Credibility,https://mediabiasfactcheck.com/ami-magazine/,www.amimagazine.org,right,mostly,medium credibility
Columbus Dispatch – Bias and Credibility,https://mediabiasfactcheck.com/columbus-dispatch/,www.dispatch.com,left-center,high,high credibility
Assyrian International News Agency – Bias and Credibility,https://mediabiasfactcheck.com/assyrian-international-news-agency/,www.aina.org,right,mixed,medium credibility
Complex – Bias and Credibility,https://mediabiasfactcheck.com/complex/,www.complex.com,left-center,mostly,high credibility
Blue Lives Matter (Police Tribune) – Bias and Credibility,https://mediabiasfactcheck.com/blue-lives-matter/,www.policetribune.com,right,mixed,medium credibility
Crosscut.com – Bias and Credibility,https://mediabiasfactcheck.com/crosscut-com/,www.crosscut.com,left-center,high,high credibility
Cumberland Times-News – Bias and Credibility,https://mediabiasfactcheck.com/cumberland-times-news-bias/,www.times-news.com,left-center,high,high credibility
Christian Coalition of America (CCA) – Bias and Credibility,https://mediabiasfactcheck.com/christian-coalition-of-america-cca-bias-rating/,www.cc.org,right,mixed,medium credibility
Chronicles Magazine (Rockford) – Bias and Credibility,https://mediabiasfactcheck.com/chronicles-magazine-rockford/,www.chroniclesmagazine.org,right,mixed,medium credibility
Civitas Institute – Bias and Credibility,https://mediabiasfactcheck.com/civitas-institute/,www.nccivitas.org,right,mixed,medium credibility
Rochester Democrat and Chronicle – Bias and Credibility,https://mediabiasfactcheck.com/democrat-and-chronicle/,www.democratandchronicle.com,left-center,high,high credibility
Derry News – Bias and Credibility,https://mediabiasfactcheck.com/derry-news-bias/,www.derrynews.com,left-center,high,high credibility
Digg – Bias and Credibility,https://mediabiasfactcheck.com/digg/,www.digg.com,left-center,mostly,high credibility
Dover Times-Reporter – Bias and Credibility,https://mediabiasfactcheck.com/dover-times-reporter-bias/,www.timesreporter.com,left-center,high,high credibility
Daily Torch – Bias and Credibility,https://mediabiasfactcheck.com/daily-torch/,www.dailytorch.com,right,high,high credibility
From the Desk of Donald J. Trump – Bias and Credibility,https://mediabiasfactcheck.com/donaldjtrump-com/,www.donaldjtrump.com,right,low,low credibility
Ethics and Public Policy Center (EPPC) – Bias and Credibility,https://mediabiasfactcheck.com/ethics-public-policy-center-eppc/,www.eppc.org,right,mixed,medium credibility
Barrhead Leader – Bias and Credibility,https://mediabiasfactcheck.com/barrhead-leader-bias/,www.townandcountrytoday.com,left-center,high,high credibility
Truro Daily News – Bias and Credibility,https://mediabiasfactcheck.com/truro-daily-news-bias/,www.saltwire.com,right-center,high,high credibility
Bellingham Herald – Bias and Credibility,https://mediabiasfactcheck.com/bellingham-herald/,www.bellinghamherald.com,left-center,high,high credibility
Vermilion Standard – Bias and Credibility,https://mediabiasfactcheck.com/vermilion-standard-bias/,www.vermilionstandard.com,right-center,high,high credibility
Wabash Plain Dealer – Bias and Credibility,https://mediabiasfactcheck.com/wabash-plain-dealer-bias/,www.wabashplaindealer.com,right-center,high,high credibility
Blooming Prairie Leader – Bias and Credibility,https://mediabiasfactcheck.com/blooming-prairie-leader-bias/,www.southernminn.com,left-center,high,high credibility
BNN Bloomberg – Bias and Credibility,https://mediabiasfactcheck.com/bnn-bloomberg-bias/,www.bnnbloomberg.ca,left-center,high,high credibility
Borgen Project – Bias and Credibility,https://mediabiasfactcheck.com/borgen-project-bias/,www.borgenproject.org,left-center,high,high credibility
WEYI – Saginaw News – Bias and Credibility,https://mediabiasfactcheck.com/weyi-saginaw-news-bias/,www.nbc25news.com,right-center,high,high credibility
Brooklyn Center Sun Post – Bias and Credibility,https://mediabiasfactcheck.com/brooklyn-center-sun-post-bias/,www.hometownsource.com,left-center,high,high credibility
Willcox Range News – Bias and Credibility,https://mediabiasfactcheck.com/willcox-range-news-bias/,www.myheraldreview.com,right-center,high,high credibility
Bustle Magazine – Bias and Credibility,https://mediabiasfactcheck.com/bustle-magazine/,www.bustle.com,left-center,mostly,high credibility
WJLA – ABC 7 – Bias and Credibility,https://mediabiasfactcheck.com/wjla-abc-7-bias/,www.wjla.com,right-center,high,high credibility
Canadaland – Bias and Credibility,https://mediabiasfactcheck.com/canadaland/,www.canadaland.com,left-center,high,high credibility
Worthington Globe – Bias and Credibility,https://mediabiasfactcheck.com/worthington-globe-bias/,www.dglobe.com,right-center,high,high credibility
Carnegie Endowment for International Peace (CEIP) – Bias and Credibility,https://mediabiasfactcheck.com/carnegie-endowment-for-international-peace/,www.carnegieendowment.org,left-center,high,high credibility
WSET – Lynchburg News – Bias and Credibility,https://mediabiasfactcheck.com/wset-lynchburg-news-bias/,www.wset.com,right-center,high,high credibility
Censor.NET – Bias and Credibility,https://mediabiasfactcheck.com/censor-net/,www.censor.net,left-center,mostly,high credibility
Center for a New American Security – Bias and Credibility,https://mediabiasfactcheck.com/center-for-a-new-american-security/,www.cnas.org,left-center,high,high credibility
WXLV – Winston-Salem – Bias and Credibility,https://mediabiasfactcheck.com/wxlv-winston-salem-bias/,www.wcyb.com,right-center,high,high credibility
Zebra Fact Check – Bias and Credibility,https://mediabiasfactcheck.com/zebra-fact-check/,www.zebrafactcheck.com,right-center,high,high credibility
Chickasha Express-Star – Bias and Credibility,https://mediabiasfactcheck.com/chickasha-express-star-bias/,www.chickashanews.com,left-center,high,high credibility
America First Action SuperPAC – Bias and Credibility,https://mediabiasfactcheck.com/america-first-action-superpac/,www.a1apac.org,right,mixed,medium credibility
Clarington This Week – Bias and Credibility,https://mediabiasfactcheck.com/clarington-this-week-bias/,www.durhamregion.com,left-center,high,high credibility
Clinton Herald – Bias and Credibility,https://mediabiasfactcheck.com/clinton-herald-bias/,www.clintonherald.com,left-center,high,high credibility
Ammoland – Bias and Credibility,https://mediabiasfactcheck.com/ammoland/,www.ammoland.com,right,mostly,high credibility
Committee to Investigate Russia – Bias and Credibility,https://mediabiasfactcheck.com/committee-investigate-russia/,www.investigaterussia.org,left-center,high,high credibility
Beliefnet – Bias and Credibility,https://mediabiasfactcheck.com/beliefnet/,www.beliefnet.com,right,mixed,medium credibility
Corsicana Daily Sun – Bias and Credibility,https://mediabiasfactcheck.com/corsicana-daily-sun-bias/,www.corsicanadailysun.com,left-center,high,high credibility
Campaign Life Coalition – Bias and Credibility,https://mediabiasfactcheck.com/campaign-life-coalition/,www.campaignlifecoalition.com,right,mixed,medium credibility
Daily Hampshire Gazette – Bias and Credibility,https://mediabiasfactcheck.com/daily-hampshire-gazette/,www.gazettenet.com,left-center,high,high credibility
Christian News Alerts – Bias and Credibility,https://mediabiasfactcheck.com/christian-news-alerts/,www.christiannewsalerts.com,right,mixed,medium credibility
Citizen Free Press – Bias and Credibility,https://mediabiasfactcheck.com/citizen-free-press/,www.citizenfreepress.com,right,mixed,medium credibility
Claremont Institute – Bias and Credibility,https://mediabiasfactcheck.com/claremont-institute/,www.claremont.org,right,mixed,medium credibility
Demos – Bias and Credibility,https://mediabiasfactcheck.com/demos/,www.demos.org,left-center,high,high credibility
Der Standard – Bias and Credibility,https://mediabiasfactcheck.com/der-standard-bias/,www.no url available,left-center,high,no credibility rating available
Dillon Tribune – Bias and Credibility,https://mediabiasfactcheck.com/dillon-tribune-bias/,www.dillontribune.com,left-center,high,high credibility
Daily Signal – Bias and Credibility,https://mediabiasfactcheck.com/daily-signal/,www.dailysignal.com,right,mostly,high credibility
DennisMichaelLynch.com – Bias and Credibility,https://mediabiasfactcheck.com/dennismichaellynch-com-bias/,www.dennismichaellynch.com,right,mixed,medium credibility
East Gwillimbury Express – Bias and Credibility,https://mediabiasfactcheck.com/east-gwillimbury-express-bias/,www.thestar.com,left-center,high,high credibility
Ethics & Religious Liberty Commission (ERLC) – Bias and Credibility,https://mediabiasfactcheck.com/ethics-religious-liberty-commission-erlc/,www.erlc.com,right,mixed,medium credibility
Federalist Society – Bias and Credibility,https://mediabiasfactcheck.com/federalist-society/,www.fedsoc.org,right,mixed,medium credibility
Elk River Star – Bias and Credibility,https://mediabiasfactcheck.com/elk-river-star-bias/,www.hometownsource.com,left-center,high,high credibility
Villages-News – Bias and Credibility,https://mediabiasfactcheck.com/villages-news-bias/,www.villages-news.com,right-center,high,high credibility
Bloomberg News – Bias and Credibility,https://mediabiasfactcheck.com/bloomberg/,www.bloomberg.com,left-center,mostly,high credibility
WCHS – Charleston News – Bias and Credibility,https://mediabiasfactcheck.com/wchs-charleston-news-bias/,www.wchstv.com,right-center,high,high credibility
Boston Globe – Bias and Credibility,https://mediabiasfactcheck.com/boston-globe/,www.bostonglobe.com,left-center,high,high credibility
WFXL – Albany GA – Bias and Credibility,https://mediabiasfactcheck.com/wfxl-albany-ga/,www.wfxl.com,right-center,high,high credibility
Brown Political Review – Bias and Credibility,https://mediabiasfactcheck.com/brown-political-review-bias/,www.brownpoliticalreview.org,left-center,high,high credibility
Burnaby Now – Bias and Credibility,https://mediabiasfactcheck.com/burnaby-now-bias/,www.burnabynow.com,left-center,high,high credibility
Winnipeg Sun – Bias and Credibility,https://mediabiasfactcheck.com/winnipeg-sun-bias/,www.winnipegsun.com,right-center,high,high credibility
Canadaigua Daily Messenger- Bias and Credibility,https://mediabiasfactcheck.com/canadaigua-daily-messenger-bias/,www.mpnnow.com,left-center,high,high credibility
Canton Repository – Bias and Credibility,https://mediabiasfactcheck.com/canton-repository-bias/,www.cantonrep.com,left-center,high,high credibility
WPGH – Pittsburgh News – Bias and Credibility,https://mediabiasfactcheck.com/wpgh-pittsburgh-news/,www.wpgh53.com,right-center,high,high credibility
WSBT 22 News – Bias and Credibility,https://mediabiasfactcheck.com/wsbt-22-news-bias/,www.wsbt.com,right-center,high,high credibility
Cecil Whig – Bias and Credibility,https://mediabiasfactcheck.com/cecil-whig-bias/,www.cecildaily.com,left-center,high,high credibility
Center for International Policy – Bias and Credibility,https://mediabiasfactcheck.com/center-for-international-policy/,www.internationalpolicy.org,left-center,high,high credibility
Chalkbeat – Bias and Credibility,https://mediabiasfactcheck.com/chalkbeat-bias/,www.chalkbeat.org,left-center,high,high credibility
Accuracy in Media (AIM) – Bias and Credibility,https://mediabiasfactcheck.com/accuracy-in-media-aim/,www.aim.org,right,mixed,low credibility
Citizen Truth – Bias and Credibility,https://mediabiasfactcheck.com/citizen-truth/,www.citizentruth.org,left-center,mostly,medium credibility
AMAC (Association of Mature American Citizens) – Bias and Credibility,https://mediabiasfactcheck.com/amac-association-of-mature-american-citizens/,www.amac.us,right,mixed,medium credibility
American Consequences – Bias and Credibility,https://mediabiasfactcheck.com/american-consequences/,www.americanconsequences.com,right,mixed,low credibility
American Greatness – Bias and Credibility,https://mediabiasfactcheck.com/american-greatness/,www.amgreatness.com,right,mixed,medium credibility
COED.com – Bias and Credibility,https://mediabiasfactcheck.com/coed-com/,www.coed.com,left-center,mostly,medium credibility
Arizona Daily Independent – Bias and Credibility,https://mediabiasfactcheck.com/arizona-daily-independent/,www.arizonadailyindependent.com,right,mixed,medium credibility
Commonwealth Fund – Bias and Credibility,https://mediabiasfactcheck.com/commonwealth-fund/,www.commonwealthfund.org,left-center,high,high credibility
Black Community News (BCN) – Bias and Credibility,https://mediabiasfactcheck.com/black-community-news-bias/,www.blackcommunitynews.com,right,mixed,medium credibility
CAMERA – Committee for Accuracy in Middle East Reporting and Analysis – Bias and Credibility,https://mediabiasfactcheck.com/camera-committee-for-accuracy-in-middle-east-reporting-and-analysis/,www.camera.org,right,mostly_factual,medium credibility
Catholic World Report – Bias and Credibility,https://mediabiasfactcheck.com/catholic-world-report-bias/,www.catholicworldreport.com,right,mixed,medium credibility
Dakota County Tribune – Bias and Credibility,https://mediabiasfactcheck.com/dakota-county-tribune-bias/,www.hometownsource.com,left-center,high,high credibility
DCReport.org – Bias and Credibility,https://mediabiasfactcheck.com/dcreport-org/,www.dcreport.org,left-center,high,high credibility
Concealed Nation – Bias and Credibility,https://mediabiasfactcheck.com/concealed-nation-bias/,www.concealednation.org,right,high,high credibility
Conservative Institute – Bias and Credibility,https://mediabiasfactcheck.com/conservative-institute/,www.conservativeinstitute.org,right,mostly,high credibility
Die Zeit – Bias and Credibility,https://mediabiasfactcheck.com/die-zeit/,www.zeit.de,left-center,high,high credibility
The Daily Liberator – Bias and Credibility,https://mediabiasfactcheck.com/the-daily-liberator/,www.thedailyliberator.com,right,mixed,no credibility rating available
DC Statesman – Bias and Credibility,https://mediabiasfactcheck.com/dc-statesman/,www.dcstatesman.com,right,mixed,no credibility rating available
Eagle Pass News Leader – Bias and Credibility,https://mediabiasfactcheck.com/eagle-pass-news-leader/,www.epnewsleader.com,right,mixed,medium credibility
Edina Sun Current – Bias and Credibility,https://mediabiasfactcheck.com/edina-sun-current-bias/,www.hometownsource.com,left-center,high,high credibility
elDiario.es – Bias and Credibility,https://mediabiasfactcheck.com/eldiario-es/,www.eldiario.es,left-center,high,high credibility
Emerging Europe – Bias and Credibility,https://mediabiasfactcheck.com/emerging-europe/,www.emerging-europe.com,left-center,mostly,medium credibility
ESPN – Bias and Credibility,https://mediabiasfactcheck.com/espn/,www.espn.com,left-center,high,high credibility
Euronews – Bias and Credibility,https://mediabiasfactcheck.com/euronews/,www.euronews.com,left-center,high,high credibility
Investors Business Daily – Bias and Credibility,https://mediabiasfactcheck.com/investors-business-daily/,www.investors.com,right,mixed,medium credibility
Judicial Crisis Network – Bias and Credibility,https://mediabiasfactcheck.com/judicial-crisis-network/,www.judicialnetwork.com,right,mixed,no credibility rating available
Foreign Policy in Focus – Bias and Credibility,https://mediabiasfactcheck.com/foreign-policy-focus/,www.fpif.org,left-center,high,high credibility
Liberty Nation – Bias and Credibility,https://mediabiasfactcheck.com/liberty-nation/,www.libertynation.com,right,mixed,medium credibility
Gainesville Daily Register – Bias and Credibility,https://mediabiasfactcheck.com/gainesville-daily-register-bias/,www.gainesvilleregister.com,left-center,high,high credibility
Warrick County Standard – Bias and Credibility,https://mediabiasfactcheck.com/warrick-county-standard-bias/,www.warricknews.com,right-center,high,high credibility
Bonnyville Nouvelle – Bias and Credibility,https://mediabiasfactcheck.com/bonnyville-nouvelle-bias/,www.lakelandtoday.ca,left-center,high,high credibility
WEAR TV – Pensacola News – Bias and Credibility,https://mediabiasfactcheck.com/wear-tv-pensacola-news-bias/,www.weartv.com,right-center,high,high credibility
BreakingNews.ie – Bias and Credibility,https://mediabiasfactcheck.com/breakingnews-ie-bias/,www.breakingnews.ie,left-center,high,high credibility
WHAM – Rochester News – Bias and Credibility,https://mediabiasfactcheck.com/wham-rochester-news-bias/,www.13wham.com,right-center,high,high credibility
Williamsport Sun-Gazette – Bias and Credibility,https://mediabiasfactcheck.com/williamsport-sun-gazette/,www.sungazette.com,right-center,high,high credibility
Buzzfeed News – Bias and Credibility,https://mediabiasfactcheck.com/buzzfeed-news/,www.buzzfeednews.com,left-center,mostly,high credibility
Campbell River Mirror – Bias and Credibility,https://mediabiasfactcheck.com/campbell-river-mirror-bias/,www.campbellrivermirror.com,left-center,high,high credibility
WOLF – Fox56 – Bias and Credibility,https://mediabiasfactcheck.com/wolf-fox56-bias/,www.fox56.com,right-center,high,high credibility
WPMI – Mobile News – Bias and Credibility,https://mediabiasfactcheck.com/wpmi-mobile-news/,www.mynbc15.com,right-center,high,high credibility
CBS Boston – WBZ-TV – Bias and Credibility,https://mediabiasfactcheck.com/cbs-boston-wbz-tv/,www.cbsnews.com,left-center,high,high credibility
WPBN – Traverse City News – Bias and Credibility,https://mediabiasfactcheck.com/wtom-lansing-news-bias/,www.upnorthlive.com,right-center,high,high credibility
WTVH – CNYCentral – Bias and Credibility,https://mediabiasfactcheck.com/wtvh-cnycentral-bias/,www.cnycentral.com,right-center,high,high credibility
WZTV – Nashville – Bias and Credibility,https://mediabiasfactcheck.com/wztv-nashville-bias/,www.fox17.com,right-center,high,high credibility
Cherry Hill Courier-Post – Bias and Credibility,https://mediabiasfactcheck.com/cherry-hill-courier-post-bias/,www.courierpostonline.com,left-center,high,high credibility
Alberta Press Leader – Bias and Credibility,https://mediabiasfactcheck.com/alberta-press-leader/,www.albertapressleader.ca,right,mixed,medium credibility
American Center for Law and Justice (ACLJ) – Bias and Credibility,https://mediabiasfactcheck.com/american-center-law-justice-aclj/,www.aclj.org,right,mixed,medium credibility
Clean Technica – Bias and Credibility,https://mediabiasfactcheck.com/clean-technica/,www.cleantechnica.com,left-center,high,high credibility
American Spectator – Bias and Credibility,https://mediabiasfactcheck.com/american-spectator/,www.spectator.org,right,mixed,medium credibility
Ann Arbor’s Talk 1290 WLBY – Bias and Credibility,https://mediabiasfactcheck.com/ann-arbors-talk-1290-wlby-bias/,www.1290wlby.com,right,mixed,medium credibility
Comox Valley Record – Bias and Credibility,https://mediabiasfactcheck.com/comox-valley-record-bias/,www.comoxvalleyrecord.com,left-center,high,high credibility
Corning Leader – Bias and Credibility,https://mediabiasfactcheck.com/corning-leader-bias/,www.the-leader.com,left-center,high,high credibility
Crossville Chronicle – Bias and Credibility,https://mediabiasfactcheck.com/crossville-chronicle-bias/,www.crossville-chronicle.com,left-center,high,high credibility
Daily Commercial – Bias and Credibility,https://mediabiasfactcheck.com/daily-commercial-bias/,www.dailycommercial.com,left-center,high,high credibility
Daily News Journal – Bias and Credibility,https://mediabiasfactcheck.com/daily-news-journal/,www.dnj.com,left-center,high,high credibility
Citizens Against Government Waste (CAGW) – Bias and Credibility,https://mediabiasfactcheck.com/citizens-against-government-waste-cagw/,www.cagw.org,right,mostly,medium credibility
Cold Dead Hands – Bias and Credibility,https://mediabiasfactcheck.com/cold-dead-hands/,www.colddeadhands.us,right,mixed,no credibility rating available
Conservative HQ – Bias and Credibility,https://mediabiasfactcheck.com/conservative-hq/,www.conservativehq.org,right,mixed,medium credibility
Didsbury Review – Bias and Credibility,https://mediabiasfactcheck.com/didsbury-review-bias/,www.mountainviewtoday.ca,left-center,high,high credibility
DiversityInc – Bias and Credibility,https://mediabiasfactcheck.com/diversityinc/,www.diversityinc.com,left-center,high,high credibility
Dundalk Eagle – Bias and Credibility,https://mediabiasfactcheck.com/dundalk-eagle-bias/,www.dundalkeagle.com,left-center,high,high credibility
Disrn – Bias and Credibility,https://mediabiasfactcheck.com/disrn/,www.disrn.com,right,mixed,medium credibility
Energy Citizens – Bias and Credibility,https://mediabiasfactcheck.com/energy-citizens/,www.energycitizens.org,right,mixed,medium credibility
EJ Insight (Hong Kong Economic Journal) – Bias and Credibility,https://mediabiasfactcheck.com/ej-insight-eji/,www.ejinsight.com,left-center,mixed,medium credibility
Free Republic – Bias and Credibility,https://mediabiasfactcheck.com/free-republic/,www.freerepublic.com,right,mixed,medium credibility
Entertainment Weekly – Bias and Credibility,https://mediabiasfactcheck.com/entertainment-weekly/,www.ew.com,left-center,high,high credibility
EU Observer – Bias and Credibility,https://mediabiasfactcheck.com/eu-observer/,www.euobserver.com,left-center,high,high credibility
Evansville Courier & Press – Bias and Credibility,https://mediabiasfactcheck.com/evansville-courier-press-bias/,www.courierpress.com,left-center,high,high credibility
Fair Observer – Bias and Credibility,https://mediabiasfactcheck.com/fair-observer/,www.fairobserver.com,left-center,high,high credibility
Fight for the Future – Bias and Credibility,https://mediabiasfactcheck.com/fight-for-the-future/,www.fightforthefuture.org,left-center,high,high credibility
Law & Liberty – Bias and Credibility,https://mediabiasfactcheck.com/law-liberty-bias/,www.lawliberty.org,right,high,high credibility
Freakonomics Radio – Bias and Credibility,https://mediabiasfactcheck.com/freakonomics-radio/,www.freakonomics.com,left-center,high,high credibility
Media Right News – Bias and Credibility,https://mediabiasfactcheck.com/media-right-news-bias/,www.mediarightnews.com,right,mostly,medium credibility
National Catholic Register – Bias and Credibility,https://mediabiasfactcheck.com/national-catholic-register/,www.ncregister.com,right,mixed,medium credibility
East Bay Times – Bias and Credibility,https://mediabiasfactcheck.com/east-bay-times/,www.eastbaytimes.com,left-center,high,high credibility
Eden Prairie Sun Sailor – Bias and Credibility,https://mediabiasfactcheck.com/eden-prairie-sun-sailor/,www.hometownsource.com,left-center,high,high credibility
Fake Hate Crimes – Bias and Credibility,https://mediabiasfactcheck.com/fake-hate-crimes/,www.fakehatecrimes.org,right,mixed, credibility
Electronic Frontier Foundation – Bias and Credibility,https://mediabiasfactcheck.com/electronic-frontier-foundation/,www.eff.org,left-center,high,high credibility
Enid News & Eagle – Bias and Credibility,https://mediabiasfactcheck.com/enid-news-eagle-bias/,www.enidnews.com,left-center,high,high credibility
Eugene Register-Guard – Bias and Credibility,https://mediabiasfactcheck.com/eugene-register-guard/,www.registerguard.com,left-center,high,high credibility
Imprimis (Hillsdale College) – Bias and Credibility,https://mediabiasfactcheck.com/imprimis-hillsdale-college/,imprimis.hillsdale.edu,right,mixed,medium credibility
Fact / Myth – Bias and Credibility,https://mediabiasfactcheck.com/factmyth/,www.factmyth.com,left-center,high,high credibility
Jewish World Review – Bias and Credibility,https://mediabiasfactcheck.com/jewish-world-review/,www.jewishworldreview.com,right,mixed,medium credibility
Latestly – Bias and Credibility,https://mediabiasfactcheck.com/latestly-bias/,www.latestly.com,right,mixed,medium credibility
Liberty Headlines – Bias and Credibility,https://mediabiasfactcheck.com/liberty-headlines/,www.libertyheadlines.com,right,mixed,no credibility rating available
Media Research Center (MRC) – Bias and Credibility,https://mediabiasfactcheck.com/media-research-center-mrc/,www.mrc.org,right,mixed,medium credibility
Georgina Advocate – Bias and Credibility,https://mediabiasfactcheck.com/georgina-advocate-bias/,www.yorkregion.com,left-center,high,high credibility
Global News – Bias and Credibility,https://mediabiasfactcheck.com/global-news/,www.globalnews.ca,left-center,high,high credibility
GMA Network – Bias and Credibility,https://mediabiasfactcheck.com/gma-network-bias/,www.gmanetwork.com,left-center,mixed,medium credibility
One Angry Gamer – Bias and Credibility,https://mediabiasfactcheck.com/one-angry-gamer/,www.oneangrygamer.net,right,mixed,medium credibility
PanAm Post – Bias and Credibility,https://mediabiasfactcheck.com/panam-post/,www.panampost.com,right,mixed,no credibility rating available
Grove City Allied News – Bias and Credibility,https://mediabiasfactcheck.com/grove-city-allied-news-bias/,www.alliednews.com,left-center,high,high credibility
Quadrant Magazine – Bias and Credibility,https://mediabiasfactcheck.com/quadrant-magazine/,quadrant.org.au,right,mixed,low credibility
RedState – Bias and Credibility,https://mediabiasfactcheck.com/red-state/,www.redstate.com,right,mixed,medium credibility
Hechinger Report – Bias and Credibility,https://mediabiasfactcheck.com/hechinger-report-bias/,www.hechingerreport.org,left-center,high,high credibility
Sentinel KSMO – Bias and Credibility,https://mediabiasfactcheck.com/sentinel-ksmo/,www.sentinelksmo.org,right,mostly,medium credibility
HITC (Here is the City) – Bias and Credibility,https://mediabiasfactcheck.com/hitc-here-is-the-city-bias/,www.hitc.com,left-center,mostly,high credibility
Tenth Amendment Center – Bias and Credibility,https://mediabiasfactcheck.com/tenth-amendment-center/,www.tenthamendmentcenter.com,right,mixed,medium credibility
The College Fix – Bias and Credibility,https://mediabiasfactcheck.com/the-college-fix/,www.thecollegefix.com,right,mixed,medium credibility
Hunterdon County Democrat – Bias and Credibility,https://mediabiasfactcheck.com/hunterton-county-democrat-bias/,www.nj.com,left-center,high,high credibility
The New American – Bias and Credibility,https://mediabiasfactcheck.com/the-new-american/,www.thenewamerican.com,right,mixed,medium credibility
Infobae – Bias and Credibility,https://mediabiasfactcheck.com/infobae/,www.infobae.com,left-center,high,high credibility
The US Sun – Bias and Credibility,https://mediabiasfactcheck.com/the-us-sun-bias/,www.the-sun.com,right,mixed,medium credibility
InsideClimate News – Bias and Credibility,https://mediabiasfactcheck.com/insideclimate-news/,www.insideclimatenews.org,left-center,high,high credibility
Valiant News – Bias and Credibility,https://mediabiasfactcheck.com/valiant-news-bias/,www.valiantnews.com,right,mixed,medium credibility
Iowa City Press-Citizen – Bias and Credibility,https://mediabiasfactcheck.com/iowa-city-press-citizen-bias/,www.press-citizen.com,left-center,high,high credibility
Young America’s Foundation (YAF) – Bias and Credibility,https://mediabiasfactcheck.com/young-americas-foundation-yaf/,www.yaf.org,right,mixed,medium credibility
Japan Today – Bias and Credibility,https://mediabiasfactcheck.com/japan-today/,www.japantoday.com,left-center,high,high credibility
JOE.co.uk – Bias and Credibility,https://mediabiasfactcheck.com/joe-co-uk-bias/,www.joe.co.uk,left-center,mostly,high credibility
Judith Basin Press – Bias and Credibility,https://mediabiasfactcheck.com/judith-basin-press-bias/,www.judithbasinpress.net,left-center,high,high credibility
KALW – NPR – San Francisco – Bias and Credibility,https://mediabiasfactcheck.com/kalw-npr-san-francisco-bias/,www.kalw.org,left-center,high,high credibility
American Intelligence Media – Bias and Credibility,https://mediabiasfactcheck.com/american-intelligence-media/,www.aim4truth.org,conspiracy,VeryLow,low credibility
KCBX – NPR – San Luis Obispo – Bias and Credibility,https://mediabiasfactcheck.com/kcbx-npr-san-luis-obispo-bias/,www.kcbx.org,left-center,high,high credibility
Architects & Engineers for 9/11 Truth – Bias and Credibility,https://mediabiasfactcheck.com/architects-engineers-for-9-11-truth/,www.ae911truth.org,conspiracy,mixed,low credibility
Autism Speaks – Bias and Credibility,https://mediabiasfactcheck.com/autism-speaks/,www.autismspeaks.org,conspiracy,mostly,low credibility
Best News Here – Bias and Credibility,https://mediabiasfactcheck.com/best-news-here/,www.bestnewshere.com,conspiracy,VeryLow,low credibility
Biotech Express Magazine – Bias and Credibility,https://mediabiasfactcheck.com/biotech-express-magazine-bias/,www.biotechexpressmag.com,conspiracy,low,low credibility
Knight Foundation – Bias and Credibility,https://mediabiasfactcheck.com/knight-foundation/,www.knightfoundation.org,left-center,high,high credibility
GreenMedInfo – Bias and Credibility,https://mediabiasfactcheck.com/greenmedinfo/,www.greenmedinfo.com,conspiracy,low,low credibility
EconomicPolicyJournal.com – Bias and Credibility,https://mediabiasfactcheck.com/economicpolicyjournal-com/,www.economicpolicyjournal.com,right,high,high credibility
Education Week – Bias and Credibility,https://mediabiasfactcheck.com/education-week-bias/,www.no url available,left-center,high,high credibility
First Things Magazine – Bias and Credibility,https://mediabiasfactcheck.com/first-things-magazine/,www.firstthings.com,right,mixed,medium credibility
Freedom Works – Bias and Credibility,https://mediabiasfactcheck.com/freedom-works/,www.freedomworks.org,right,mixed,medium credibility
Grabien News – Bias and Credibility,https://mediabiasfactcheck.com/grabien-news/,news.grabien.com,right,mixed,medium credibility
Hot Air – Bias and Credibility,https://mediabiasfactcheck.com/hot-air/,www.hotair.com,right,mostly,high credibility
Hurriyet Daily News – Bias and Credibility,https://mediabiasfactcheck.com/hurriyet-daily-news/,www.hurriyetdailynews.com,right,mixed,no credibility rating available
Intellectual Takeout – Bias and Credibility,https://mediabiasfactcheck.com/intellectual-takeout/,www.intellectualtakeout.org,right,mostly,high credibility
Feminist Frequency – Bias and Credibility,https://mediabiasfactcheck.com/feminist-frequency/,www.feministfrequency.com,left-center,high,high credibility
Flin Flon Reminder – Bias and Credibility,https://mediabiasfactcheck.com/flin-flon-reminder-bias/,www.thereminder.ca,left-center,high,high credibility
Le Journal de Montreal – Bias and Credibility,https://mediabiasfactcheck.com/le-journal-de-montreal/,www.journaldemontreal.com,right,mostly,high credibility
Gadsden Times – Bias and Credibility,https://mediabiasfactcheck.com/gadsden-times-bias/,www.gadsdentimes.com,left-center,high,high credibility
MxM News – Bias and Credibility,https://mediabiasfactcheck.com/mxm-news-bias/,www.mxmnews.com,right,mixed,medium credibility
New Boston Post – Bias and Credibility,https://mediabiasfactcheck.com/new-boston-post/,www.newbostonpost.com,right,mixed,medium credibility
Not The Bee – Bias and Credibility,https://mediabiasfactcheck.com/not-the-bee/,www.notthebee.com,right,high,high credibility
Gothamist – Bias and Credibility,https://mediabiasfactcheck.com/gothamist/,www.gothamist.com,left-center,high,high credibility
Gravenhurst Banner – Bias and Credibility,https://mediabiasfactcheck.com/gravenhurst-banner-bias/,www.muskokaregion.com,left-center,high,high credibility
Pluralist – Bias and Credibility,https://mediabiasfactcheck.com/pluralist/,www.pluralist.com,right,mostly,medium credibility
Public Interest Legal Foundation – Bias and Credibility,https://mediabiasfactcheck.com/public-interest-legal-foundation/,www.publicinterestlegal.org,right,mixed,medium credibility
Harvard Political Review – Bias and Credibility,https://mediabiasfactcheck.com/harvard-political-review/,www.harvardpolitics.com,left-center,high,high credibility
Ron Paul Liberty Report – Bias and Credibility,https://mediabiasfactcheck.com/ron-paul-liberty-report/,www.ronpaullibertyreport.com,right,mixed,medium credibility
Herkimer Times-Telegram – Bias and Credibility,https://mediabiasfactcheck.com/herkimer-times-telegram-bias/,www.timestelegram.com,left-center,high,high credibility
History News Network – Bias and Credibility,https://mediabiasfactcheck.com/history-news-network/,www.historynewsnetwork.org,left-center,high,high credibility
Honolulu Star-Advertiser – Bias and Credibility,https://mediabiasfactcheck.com/honolulu-star-advertiser/,www.staradvertiser.com,left-center,high,high credibility
The American Mind – Bias and Credibility,https://mediabiasfactcheck.com/the-american-mind/,www.americanmind.org,right,mixed,medium credibility
Humboldt Journal – Bias and Credibility,https://mediabiasfactcheck.com/humboldt-journal-bias/,www.sasktoday.ca,left-center,high,high credibility
Idaho Press-Tribune – Bias and Credibility,https://mediabiasfactcheck.com/idaho-press-tribune/,www.idahopress.com,left-center,high,high credibility
Punching Bag Post – Bias and Credibility,https://mediabiasfactcheck.com/punchingbag-post/,www.punchingbagpost.com,right,mixed,no credibility rating available
InsideEVs – Bias and Credibility,https://mediabiasfactcheck.com/insideevs-bias/,www.insideevs.com,left-center,high,high credibility
TRT World – Bias and Credibility,https://mediabiasfactcheck.com/trt-world/,www.trtworld.com,right,mixed,medium credibility
International Center for Research on Women – Bias and Credibility,https://mediabiasfactcheck.com/international-center-for-research-on-women/,www.icrw.org,left-center,high,high credibility
Watchdog Report – Bias and Credibility,https://mediabiasfactcheck.com/watchdog-report/,www.watchdogreport.org,right,mixed,medium credibility
WOSH – 1490AM – Appleton – Bias and Credibility,https://mediabiasfactcheck.com/wosh-1490am-appleton-bias/,www.1490wosh.com,right,mixed,medium credibility
Jacksonville Progress – Bias and Credibility,https://mediabiasfactcheck.com/jacksonville-progress-bias/,www.jacksonvilleprogress.com,left-center,high,high credibility
A Call for an Uprising – Bias and Credibility,https://mediabiasfactcheck.com/a-call-for-an-uprising/,www.acallforanuprising.com,conspiracy,low,low credibility
Joint Center for Political and Economic Studies – Bias and Credibility,https://mediabiasfactcheck.com/joint-center-for-political-and-economic-studies/,www.jointcenter.org,left-center,high,high credibility
Just Security – Bias and Credibility,https://mediabiasfactcheck.com/just-security/,www.justsecurity.org,left-center,high,high credibility
AltLeft.news – Bias and Credibility,https://mediabiasfactcheck.com/altleft-news-bias/,www.altleft.news,conspiracy,VeryLow,low credibility
KBSA – NPR – El Dorado – Bias and Credibility,https://mediabiasfactcheck.com/kbsa-npr-el-dorado-bias/,www.redriverradio.org,left-center,high,high credibility
KCLU – NPR – Santa Barbara – Bias and Credibility,https://mediabiasfactcheck.com/kclu-npr-santa-barbara-bias/,www.kclu.org,left-center,high,high credibility
Anya Vien – Bias and Credibility,https://mediabiasfactcheck.com/anya-vien/,www.anyavien.com,conspiracy,VeryLow,low credibility
Assassination Science – Bias and Credibility,https://mediabiasfactcheck.com/assassination-science/,www.assassinationscience.com,conspiracy,low,low credibility
Kenyon Leader – Bias and Credibility,https://mediabiasfactcheck.com/kenyon-leader-bias/,www.southernminn.com,left-center,high,high credibility
Biologos Foundation – Bias and Credibility,https://mediabiasfactcheck.com/biologos-foundation/,www.biologos.org,conspiracy,mixed,low credibility
Facts and Logic About the Middle East (FLAME) – Bias and Credibility,https://mediabiasfactcheck.com/facts-and-logic-about-the-middle-east-flame/,www.factsandlogic.org,right,mixed,medium credibility
Florida Daily – Bias and Credibility,https://mediabiasfactcheck.com/florida-daily-bias/,www.floridadaily.com,right,mixed,medium credibility
Future of Freedom Foundation (FFF) – Bias and Credibility,https://mediabiasfactcheck.com/future-of-freedom-foundation-fff/,www.fff.org,right,mixed,medium credibility
Erin Advocate – Bias and Credibility,https://mediabiasfactcheck.com/erin-advocate-bias/,www.orangeville.com,left-center,high,high credibility
Etobicoke Guardian – Bias and Credibility,https://mediabiasfactcheck.com/etobicoke-guardian-bias/,www.thestar.com,left-center,high,high credibility
Illinois Policy Institute – Bias and Credibility,https://mediabiasfactcheck.com/illinois-policy-institute/,www.illinoispolicy.org,right,mostly,high credibility
Institute for Family Studies – Bias and Credibility,https://mediabiasfactcheck.com/institute-for-family-studies/,www.ifstudies.org,right,mixed,medium credibility
Fast Company Magazine – Bias and Credibility,https://mediabiasfactcheck.com/fast-company-magazine/,www.fastcompany.com,left-center,high,high credibility
Kronen Zeitung – Bias and Credibility,https://mediabiasfactcheck.com/kronen-zeitung-bias/,www.krone.at,right,mostly,high credibility
Fort Worth Weekly – Bias and Credibility,https://mediabiasfactcheck.com/fort-worth-weekly/,www.fwweekly.com,left-center,high,high credibility
Manhattan Institute for Policy Research – Bias and Credibility,https://mediabiasfactcheck.com/manhattan-institute-for-policy-research/,www.manhattan-institute.org,right,mixed,medium credibility
Mises Institute – Bias and Credibility,https://mediabiasfactcheck.com/mises-daily/,www.mises.org,right,mixed,medium credibility
National Review – Bias and Credibility,https://mediabiasfactcheck.com/national-review/,www.nationalreview.com,right,mostly,high credibility
Global Times (China) – Bias and Credibility,https://mediabiasfactcheck.com/global-times-china/,www.globaltimes.cn,left-center,mixed,low credibility
Goldstream News Gazette – Bias and Credibility,https://mediabiasfactcheck.com/goldstream-news-gazette-bias/,www.goldstreamgazette.com,left-center,high,high credibility
Government Executive – Bias and Credibility,https://mediabiasfactcheck.com/government-executive/,www.govexec.com,left-center,high,high credibility
Greenville Herald-Banner – Bias and Credibility,https://mediabiasfactcheck.com/greenville-herald-banner-bias/,www.heraldbanner.com,left-center,high,high credibility
Hagerstown Herald-Mail – Bias and Credibility,https://mediabiasfactcheck.com/hagerstown-herald-mail-bias/,www.heraldmailmedia.com,left-center,high,high credibility
The Hartford Courant – Bias and Credibility,https://mediabiasfactcheck.com/the-hartford-courant/,www.courant.com,left-center,high,high credibility
HealthyWay – Bias and Credibility,https://mediabiasfactcheck.com/healthyway/,www.healthyway.com,left-center,mostly,medium credibility
Henderson Gleaner – Bias and Credibility,https://mediabiasfactcheck.com/henderson-gleaner-bias/,www.thegleaner.com,left-center,high,high credibility
Hillsdale Daily News – Bias and Credibility,https://mediabiasfactcheck.com/hillsdale-daily-news-bias/,www.hillsdale.net,left-center,high,high credibility
Tatum Report – Bias and Credibility,https://mediabiasfactcheck.com/tatum-report/,www.tatumreport.com,right,mixed,medium credibility
Houston Chronicle – Bias and Credibility,https://mediabiasfactcheck.com/houston-chronicle/,www.houstonchronicle.com,left-center,high,high credibility
The First TV – Bias and Credibility,https://mediabiasfactcheck.com/the-first-tv/,www.thefirsttv.com,right,mixed,medium credibility
The National Herald (TNH) – Bias and Credibility,https://mediabiasfactcheck.com/the-national-herald-tnh/,www.thenationalherald.com,right,mixed,medium credibility
Index.hr – Croatia – Bias and Credibility,https://mediabiasfactcheck.com/index-hr-croatia-bias/,www.index.hr,left-center,high,high credibility
The Truth About Guns – Bias and Credibility,https://mediabiasfactcheck.com/the-truth-about-guns/,www.thetruthaboutguns.com,right,mostly,high credibility
Insider.com – Bias and Credibility,https://mediabiasfactcheck.com/insider/,www.insider.com,left-center,high,high credibility
UN Watch – Bias and Credibility,https://mediabiasfactcheck.com/un-watch/,www.unwatch.org,right,mostly,high credibility
Weasel Zippers – Bias and Credibility,https://mediabiasfactcheck.com/weasel-zippers/,www.weaselzippers.us,right,mixed,medium credibility
Ithaca Journal – Bias and Credibility,https://mediabiasfactcheck.com/ithaca-journal-bias/,www.ithacajournal.com,left-center,high,high credibility
Jalopnik – Bias and Credibility,https://mediabiasfactcheck.com/jalopnik-bias/,www.jalopnik.com,left-center,high,high credibility
Jihadica – Bias and Credibility,https://mediabiasfactcheck.com/jihadica/,www.jihadica.com,left-center,high,high credibility
Alliance for Advanced Health – Bias and Credibility,https://mediabiasfactcheck.com/alliance-advanced-health/,www.allianceforadvancedhealth.com,conspiracy,mixed,low credibility
Kaiser Health News – Bias and Credibility,https://mediabiasfactcheck.com/kaiser-health-news-bias/,www.khn.org,left-center,high,high credibility
American Free Press – Bias and Credibility,https://mediabiasfactcheck.com/american-free-press/,www.americanfreepress.net,conspiracy,low,low credibility
America’s Frontline Doctors – Bias and Credibility,https://mediabiasfactcheck.com/americas-frontline-doctors/,www.americasfrontlinedoctors.com,conspiracy,low,low credibility
Answers in Genesis – Bias and Credibility,https://mediabiasfactcheck.com/answers-in-genesis/,www.answersingenesis.org,conspiracy,low,low credibility
Asia-Pacific Research – Bias and Credibility,https://mediabiasfactcheck.com/asia-pacific-research/,www.asia-pacificresearch.com,conspiracy,mixed,low credibility
Kent County News – Bias and Credibility,https://mediabiasfactcheck.com/kent-county-news-bias/,www.myeasternshoremd.com,left-center,high,high credibility
KFSN – ABC30 Fresno News – Bias and Credibility,https://mediabiasfactcheck.com/kfsn-abc30-fresno-news-bias/,www.abc30.com,left-center,high,high credibility
Kilgore News Herald – Bias and Credibility,https://mediabiasfactcheck.com/kilgore-news-herald-bias/,www.kilgorenewsherald.com,left-center,high,high credibility
KMXT – NPR – Kodiak – Bias and Credibility,https://mediabiasfactcheck.com/kmxt-npr-kodiak-bias/,www.kmxt.org,left-center,high,high credibility
FaithWire – Bias and Credibility,https://mediabiasfactcheck.com/faithwire/,www.faithwire.com,right,mixed,medium credibility
Foundation for Defense of Democracies – FDD – Bias and Credibility,https://mediabiasfactcheck.com/foundation-defense-democracies/,www.fdd.org,right,high,high credibility
Get Religion – Bias and Credibility,https://mediabiasfactcheck.com/get-religion/,www.getreligion.org,right,mostly,medium credibility
Human Events – Bias and Credibility,https://mediabiasfactcheck.com/human-events/,www.humanevents.com,right,mixed,medium credibility
Euromaidan Press – Bias and Credibility,https://mediabiasfactcheck.com/euromaidan-press/,www.euromaidanpress.com,left-center,high,high credibility
Influence Watch – Bias and Credibility,https://mediabiasfactcheck.com/influence-watch/,www.influencewatch.org,right,high,high credibility
Issues & Insights – Bias and Credibility,https://mediabiasfactcheck.com/issues-insights/,www.issuesinsights.com,right,mixed,medium credibility
Flamborough Review – Bias and Credibility,https://mediabiasfactcheck.com/flamborough-review-bias/,www.thespec.com,left-center,high,high credibility
Legal Insurrection – Bias and Credibility,https://mediabiasfactcheck.com/legal-insurrection/,www.legalinsurrection.com,right,mostly_factual,high credibility
Fresno Bee – Bias and Credibility,https://mediabiasfactcheck.com/fresno-bee/,www.fresnobee.com,left-center,high,high credibility
Gaston Gazette – Bias and Credibility,https://mediabiasfactcheck.com/gaston-gazette-bias/,www.gastongazette.com,left-center,high,high credibility
Glanbrook Gazette – Bias and Credibility,https://mediabiasfactcheck.com/glanbrook-gazette-bias/,www.thespec.com,left-center,high,high credibility
New York Sun – Bias and Credibility,https://mediabiasfactcheck.com/new-york-sun-bias/,www.nysun.com,right,high,high credibility
NTK Network – Bias and Credibility,https://mediabiasfactcheck.com/ntk-network/,www.ntknetwork.com,right,mixed,no credibility rating available
OpenVaers – Bias and Credibility,https://mediabiasfactcheck.com/openvaers-bias/,www.openvaers.com,right,mixed,medium credibility
Greensburg Daily News – Bias and Credibility,https://mediabiasfactcheck.com/greensburg-daily-news-bias/,www.greensburgdailynews.com,left-center,high,high credibility
Grist – Bias and Credibility,https://mediabiasfactcheck.com/grist/,www.grist.org,left-center,high,high credibility
Gun Violence Archive – Bias and Credibility,https://mediabiasfactcheck.com/gun-violence-archive/,www.gunviolencearchive.org,left-center,high,high credibility
Harper’s Magazine – Bias and Credibility,https://mediabiasfactcheck.com/harpers/,www.harpers.org,left-center,high,high credibility
Health Magazine – Bias and Credibility,https://mediabiasfactcheck.com/health-magazine/,www.health.com,left-center,mixed,medium credibility
Helsinki Times – Bias and Credibility,https://mediabiasfactcheck.com/helsinki-times/,www.helsinkitimes.fi,left-center,high,high credibility
Highline – Bias and Credibility,https://mediabiasfactcheck.com/highline/,highline.huffingtonpost.com,left-center,high,no credibility rating available
Hollywood Reporter – Bias and Credibility,https://mediabiasfactcheck.com/hollywood-reporter/,www.hollywoodreporter.com,left-center,high,high credibility
Houma Courier – Bias and Credibility,https://mediabiasfactcheck.com/houma-courier-bias/,www.houmatoday.com,left-center,high,high credibility
The Daily Wire – Bias and Credibility,https://mediabiasfactcheck.com/the-daily-wire/,www.dailywire.com,right,mixed,medium credibility
The Library of Economics and Liberty (Econlib) – Bias and Credibility,https://mediabiasfactcheck.com/the-library-of-economics-and-liberty-econlib/,www.econlib.org,right,mostly,medium credibility
The Post Millennial – Bias and Credibility,https://mediabiasfactcheck.com/the-post-millennial/,www.thepostmillennial.com,right,mixed,medium credibility
Innisfil Journal – Bias and Credibility,https://mediabiasfactcheck.com/innisfil-journal-bias/,www.simcoe.com,left-center,high,high credibility
Inside Philanthropy – Bias and Credibility,https://mediabiasfactcheck.com/inside-philanthropy/,www.insidephilanthropy.com,left-center,high,high credibility
Institute on Taxation and Economic Policy (ITEP) – Bias and Credibility,https://mediabiasfactcheck.com/institute-on-taxation-and-economic-policy-itep/,www.itep.org,left-center,high,high credibility
Inverse – Bias and Credibility,https://mediabiasfactcheck.com/inverse/,www.inverse.com,left-center,high,high credibility
ISRAEL21c – Bias and Credibility,https://mediabiasfactcheck.com/israel21c/,www.israel21c.org,left-center,high,high credibility
79Days.News – Bias and Credibility,https://mediabiasfactcheck.com/79days-news/,www.79days.news,conspiracy,VeryLow,low credibility
Jersey Journal – Bias and Credibility,https://mediabiasfactcheck.com/jersey-journal-bias/,www.nj.com,left-center,high,high credibility
Newsinstact.com (Alien News) – Bias and Credibility,https://mediabiasfactcheck.com/newsinstact-com-alien-news-bias/,www.newsinstact.com,conspiracy,VeryLow,low credibility
Kaiser Family Foundation – Bias and Credibility,https://mediabiasfactcheck.com/kaiser-family-foundation/,www.kff.org,left-center,high,high credibility
American Digital News – Bias and Credibility,https://mediabiasfactcheck.com/american-digital-news/,www.americandigitalnews.com,conspiracy,mixed,low credibility
KBRW – NPR – Barrow – Bias and Credibility,https://mediabiasfactcheck.com/kbrw-npr-barrow-bias/,www.kbrw.org,left-center,high,high credibility
Anewspost.com – Bias and Credibility,https://mediabiasfactcheck.com/anewspost-com/,www.anewspost.com,conspiracy,mixed,low credibility
KCRW – NPR – Santa Monica – Bias and Credibility,https://mediabiasfactcheck.com/kcrw-npr-santa-monica-bias/,www.kcrw.com,left-center,high,high credibility
Kelowna Capital News – Bias and Credibility,https://mediabiasfactcheck.com/kelowna-capital-news-bias/,www.kelownacapnews.com,left-center,high,high credibility
Banned.Video – Bias and Credibility,https://mediabiasfactcheck.com/banned-video/,www.banned.video,conspiracy,VeryLow,low credibility
KGO – ABC7 News – Bias and Credibility,https://mediabiasfactcheck.com/kgo-abc7-news-bias/,www.abc7news.com,left-center,high,high credibility
Kitimat Northern Sentinel – Bias and Credibility,https://mediabiasfactcheck.com/kitimat-northern-sentinel-bias/,www.northernsentinel.com,left-center,high,high credibility
Health.News – Bias and Credibility,https://mediabiasfactcheck.com/health-news/,www.health.news,conspiracy,VeryLow,low credibility
El Diario NY – Bias and Credibility,https://mediabiasfactcheck.com/el-diario-ny/,www.eldiariony.com,left-center,high,high credibility
Frontiers of Freedom – Bias and Credibility,https://mediabiasfactcheck.com/frontiers-of-freedom/,www.ff.org,right,mixed,medium credibility
Guido Fawkes – Bias and Credibility,https://mediabiasfactcheck.com/guido-fawkes/,www.order-order.com,right,mixed,medium credibility
Hudson Institute – Bias and Credibility,https://mediabiasfactcheck.com/hudson-institute/,www.hudson.org,right,high,high credibility
Eurasia Review – Bias and Credibility,https://mediabiasfactcheck.com/eurasia-review/,www.eurasiareview.com,left-center,high,high credibility
Exposing the Truth – Bias and Credibility,https://mediabiasfactcheck.com/exposing-the-truth/,www.exposingtruth.com,left-center,high,high credibility
Israel Hayom – Bias and Credibility,https://mediabiasfactcheck.com/israel-hayom/,www.israelhayom.com,right,mostly,medium credibility
KKOB – 96.3 – Albuquerque – Bias and Credibility,https://mediabiasfactcheck.com/kkob-96-3-albuquerque-bias/,www.newsradiokkob.com,right,mixed,medium credibility
Fort Erie Post – Bias and Credibility,https://mediabiasfactcheck.com/fort-erie-post-bias/,www.niagarathisweek.com,left-center,high,high credibility
Lozier Institute – Bias and Credibility,https://mediabiasfactcheck.com/lozier-institute/,www.lozierinstitute.org,right,mixed,medium credibility
Milliyet – Bias and Credibility,https://mediabiasfactcheck.com/milliyet/,www.milliyet.com.tr,right,mixed,medium credibility
Glendive Ranger-Review – Bias and Credibility,https://mediabiasfactcheck.com/glendive-ranger-review-bias/,www.rangerreview.com,left-center,high,high credibility
Global Risk Insights (GRI) – Bias and Credibility,https://mediabiasfactcheck.com/global-risk-insights-gri/,www.globalriskinsights.com,left-center,high,high credibility
Numbers USA – Bias and Credibility,https://mediabiasfactcheck.com/numbers-usa/,www.numbersusa.com,right,mixed,medium credibility
Government Accountability Project (GAP) – Bias and Credibility,https://mediabiasfactcheck.com/government-accountability-project-gap/,www.whistleblower.org,left-center,high,high credibility
Patriot News Alerts – Bias and Credibility,https://mediabiasfactcheck.com/patriot-news-alerts/,www.patriotnewsalerts.com,right,mixed,medium credibility
Power Line – Bias and Credibility,https://mediabiasfactcheck.com/power-line/,www.powerlineblog.com,right,mixed,medium credibility
Real America’s Voice – Bias and Credibility,https://mediabiasfactcheck.com/real-americas-voice/,www.americasvoice.news,right,mixed,medium credibility
Ricochet – Bias and Credibility,https://mediabiasfactcheck.com/richochet/,www.ricochet.com,right,mixed,medium credibility
Santa Barbara News-Press – Bias and Credibility,https://mediabiasfactcheck.com/santa-barbara-news-press/,www.newspress.com,right,mixed,medium credibility
Sky News Australia – Bias and Credibility,https://mediabiasfactcheck.com/sky-news-australia/,www.skynews.com.au,right,mixed,medium credibility
Tampa Free Press – Bias and Credibility,https://mediabiasfactcheck.com/tampa-free-press-bias/,www.tampafp.com,right,mixed,medium credibility
The American Cause – Bias and Credibility,https://mediabiasfactcheck.com/the-american-cause/,www.theamericancause.org,right,mostly,medium credibility
Humanium – Bias and Credibility,https://mediabiasfactcheck.com/humanium/,www.humanium.org,left-center,high,high credibility
ICI Radio-Canada – Bias and Credibility,https://mediabiasfactcheck.com/ici-radio-canada-bias/,ici.radio-canada.ca,left-center,high,high credibility
iNews UK – Bias and Credibility,https://mediabiasfactcheck.com/inews/,inews.co.uk,left-center,high,high credibility
Inside Edition – Bias and Credibility,https://mediabiasfactcheck.com/inside-edition/,www.insideedition.com,left-center,high,high credibility
My Daily Freedom – Bias and Credibility,https://mediabiasfactcheck.com/trending-views/,www.mydailyfreedom.com,right,mixed,medium credibility
Interfax- Ukraine – Bias and Credibility,https://mediabiasfactcheck.com/interfax-ukraine-bias/,en.interfax.com.ua,left-center,mixed,medium credibility
Western Standard – Bias and Credibility,https://mediabiasfactcheck.com/western-standard-bias/,www.westernstandard.news,right,mixed,medium credibility
The New Humanitarian – Bias and Credibility,https://mediabiasfactcheck.com/irin-news/,www.thenewhumanitarian.org,left-center,high,high credibility
369News – Bias and Credibility,https://mediabiasfactcheck.com/369news/,www.369news.net,conspiracy,mixed,low credibility
Activist Post – Bias and Credibility,https://mediabiasfactcheck.com/activist-post/,www.activistpost.com,conspiracy,low,low credibility
Alliance for Natural Health International – Bias and Credibility,https://mediabiasfactcheck.com/alliance-for-natural-health-international-bias/,www.anhinternational.org,conspiracy,mixed,low credibility
AlternativeNews.com – Bias and Credibility,https://mediabiasfactcheck.com/alternativenews-com/,www.alternativenews.com,conspiracy,low,low credibility
KAWC – NPR – Yuma – Bias and Credibility,https://mediabiasfactcheck.com/kawc-npr-yuma-bias/,www.kawc.org,left-center,high,high credibility
Ancient Origins – Bias and Credibility,https://mediabiasfactcheck.com/ancient-origins/,www.ancient-origins.net,conspiracy,mixed,low credibility
Apost.com – Bias and Credibility,https://mediabiasfactcheck.com/apost-com/,www.apost.com,conspiracy,mixed,low credibility
Australian National Review – Bias and Credibility,https://mediabiasfactcheck.com/australian-national-review/,www.australiannationalreview.com,conspiracy,low,low credibility
Keremeos Review – Bias and Credibility,https://mediabiasfactcheck.com/keremeos-review-bias/,www.keremeosreview.com,left-center,high,high credibility
Bioscience Resource Project – Bias and Credibility,https://mediabiasfactcheck.com/bioscience-resource-project-bias/,www.bioscienceresource.org,conspiracy,mixed,low credibility
BrightSide – Bias and Credibility,https://mediabiasfactcheck.com/brightside/,www.brightside.me,conspiracy,mixed,low credibility
Kotaku – Bias and Credibility,https://mediabiasfactcheck.com/kotaku/,www.kotaku.com,left-center,high,high credibility
Christian Broadcasting Network (CBN) – Bias and Credibility,https://mediabiasfactcheck.com/christian-broadcasting-network-cbn/,www1.cbn.com,conspiracy,mixed,low credibility
KTOO – NPR – Juneau – Bias and Credibility,https://mediabiasfactcheck.com/ktoo-npr-juneau-bias/,www.ktoo.org,left-center,high,high credibility
SaneVax – Bias and Credibility,https://mediabiasfactcheck.com/sanevax/,www.sanevax.org,conspiracy,low,low credibility
El Pais – Bias and Credibility,https://mediabiasfactcheck.com/el-pais/,www.elpais.com,left-center,high,high credibility
Empty Wheel – Bias and Credibility,https://mediabiasfactcheck.com/empty-wheel/,www.emptywheel.net,left-center,high,high credibility
Environmental Defense Fund – Bias and Credibility,https://mediabiasfactcheck.com/environmental-defense-fund-bias/,www.edf.org,left-center,high,high credibility
Estevan Mercury – Bias and Credibility,https://mediabiasfactcheck.com/estevan-mercury-bias/,www.sasktoday.ca,left-center,high,high credibility
I Bleed Red White and Blue – Bias and Credibility,https://mediabiasfactcheck.com/bleed-red-white-blue/,www.ibleedredwhiteblue.com,right,mixed,medium credibility
Facebook News – Bias and Credibility,https://mediabiasfactcheck.com/facebook-news/,www.facebook.com,left-center,mostly,high credibility
FairVote – Bias and Credibility,https://mediabiasfactcheck.com/fairvote/,www.fairvote.org,left-center,high,high credibility
Kansas Policy Institute (KPI) – Bias and Credibility,https://mediabiasfactcheck.com/kansas-policy-institute-kpi/,www.kansaspolicy.org,right,mixed,medium credibility
Forest Lake Times – Bias and Credibility,https://mediabiasfactcheck.com/forest-lake-times-bias/,www.hometownsource.com,left-center,high,high credibility
FreeThink – Bias and Credibility,https://mediabiasfactcheck.com/freethink-bias/,www.freethink.com,left-center,high,high credibility
Gainesville Sun – Bias and Credibility,https://mediabiasfactcheck.com/gainesville-sun/,www.gainesville.com,left-center,high,high credibility
Glamour Magazine – Bias and Credibility,https://mediabiasfactcheck.com/glamour-magazine/,www.glamour.com,left-center,high,high credibility
NewsPageIndex.com (The Newsroom) – Bias and Credibility,https://mediabiasfactcheck.com/newspageindex-com-the-newsroom-bias/,www.newspageindex.com,right,mixed,medium credibility
NRA – Institute for Legislative Action – Bias and Credibility,https://mediabiasfactcheck.com/nra-institute-for-legislative-action/,www.nraila.org,right,mixed,no credibility rating available
Ontario Proud – Bias and Credibility,https://mediabiasfactcheck.com/ontario-proud/,www.ontarioproud.ca,right,high,high credibility
Pants on Fire News – Bias and Credibility,https://mediabiasfactcheck.com/pants-on-fire-news/,www.pantsonfirenews.com,right,mixed,low credibility
Guelph Mercury Tribune – Bias and Credibility,https://mediabiasfactcheck.com/guelph-mercury-tribune-bias/,www.guelphmercury.com,left-center,high,high credibility
Reader’s Digest – Bias and Credibility,https://mediabiasfactcheck.com/readers-digest/,www.rd.com,right,mixed,medium credibility
Hawaii Tribune-Herald – Bias and Credibility,https://mediabiasfactcheck.com/hawaii-tribune-herald-bias/,www.hawaiitribune-herald.com,left-center,high,high credibility
Sabah – Bias and Credibility,https://mediabiasfactcheck.com/daily-sabah/,www.sabah.com.tr,right,mixed,medium credibility
Sinclair Broadcast Group – Bias and Credibility,https://mediabiasfactcheck.com/sinclair-broadcast-group/,www.sbgi.net,right,mixed,medium credibility
Talk TV – Bias and Credibility,https://mediabiasfactcheck.com/talk-tv-bias/,www.talk.tv,right,mixed,medium credibility
The America First Policy Institute (AFPI) – Bias and Credibility,https://mediabiasfactcheck.com/the-america-first-policy-institute-afpi-bias/,www.americafirstpolicy.com,right,mixed,medium credibility
The Daily Telegraph (Australia) – Bias and Credibility,https://mediabiasfactcheck.com/the-daily-telegraph-australia/,www.dailytelegraph.com.au,right,mixed,medium credibility
TheLeoTerrell.com – Bias and Credibility,https://mediabiasfactcheck.com/theleoterrell-com/,www.theleoterrell.com,right,mixed,no credibility rating available
The New Revere – Bias and Credibility,https://mediabiasfactcheck.com/the-new-revere/,www.thenewrevere.com,right,mixed,no credibility rating available
The Sun UK – Bias and Credibility,https://mediabiasfactcheck.com/the-sun/,www.thesun.co.uk,right,mixed,medium credibility
Inside Higher Ed – Bias and Credibility,https://mediabiasfactcheck.com/inside-higher-ed/,www.insidehighered.com,left-center,high,high credibility
Twitchy – Bias and Credibility,https://mediabiasfactcheck.com/twitchy/,www.twitchy.com,right,mixed,medium credibility
International Crisis Group – Bias and Credibility,https://mediabiasfactcheck.com/international-crisis-group/,www.crisisgroup.org,left-center,very high,high credibility
World Magazine – Bias and Credibility,https://mediabiasfactcheck.com/world-magazine/,world.wng.org,right,mixed,medium credibility
21st Century Wire – Bias and Credibility,https://mediabiasfactcheck.com/21st-century-wire/,www.21stcenturywire.com,conspiracy,mixed,low credibility
Jeffersonville News and Tribune – Bias and Credibility,https://mediabiasfactcheck.com/jeffersonville-news-and-tribune/,www.newsandtribune.com,left-center,high,high credibility
JOE.ie – Bias and Credibility,https://mediabiasfactcheck.com/joe-ie-bias/,www.joe.ie,left-center,mostly,high credibility
Alliance for Natural Health (ANH-USA) – Bias and Credibility,https://mediabiasfactcheck.com/alliance-for-natural-health-bias-junk-science/,www.anh-usa.org,conspiracy,mixed,low credibility
AltHealth Works – Bias and Credibility,https://mediabiasfactcheck.com/althealth-works/,www.althealthworks.com,conspiracy,low,low credibility
KBBI – NPR – Homer – Bias and Credibility,https://mediabiasfactcheck.com/kbbi-npr-homer-bias/,www.kbbi.org,left-center,high,high credibility
AND Magazine – Bias and Credibility,https://mediabiasfactcheck.com/and-magazine/,www.andmagazine.com,conspiracy,mixed,low credibility
KCHU – NPR – Valdez – Bias and Credibility,https://mediabiasfactcheck.com/kchu-npr-valdez-bias/,www.kchu.org,left-center,high,high credibility
Awake Canada – Bias and Credibility,https://mediabiasfactcheck.com/awake-canada-bias/,www.awakecanada.org,conspiracy,VeryLow,low credibility
Big Government News – Bias and Credibility,https://mediabiasfactcheck.com/big-government-news/,www.biggovernment.news,conspiracy,VeryLow,low credibility
Blckbx.tv – Bias and Credibility,https://mediabiasfactcheck.com/blckbx-tv-bias/,www.blckbx.tv,conspiracy,VeryLow,low credibility
Brighteon – Bias and Credibility,https://mediabiasfactcheck.com/brighteon/,www.brighteon.com,conspiracy,VeryLow,low credibility
KOCO News 5 – Bias and Credibility,https://mediabiasfactcheck.com/koco-news-5/,www.koco.com,left-center,high,high credibility
El Paso Times – Bias and Credibility,https://mediabiasfactcheck.com/el-paso-times/,www.elpasotimes.com,left-center,high,high credibility
Engadget – Bias and Credibility,https://mediabiasfactcheck.com/engadget/,www.engadget.com,left-center,high,high credibility
Heritage Foundation – Bias and Credibility,https://mediabiasfactcheck.com/heritage-foundation/,www.heritage.org,right,mixed,medium credibility
Euractiv – Bias and Credibility,https://mediabiasfactcheck.com/euractiv/,www.euractiv.com,left-center,high,high credibility
Independent Women’s Forum (IWF),https://mediabiasfactcheck.com/independent-womens-forum-iwf/,www.iwf.org,right,mostly,medium credibility
Faribault Daily News – Bias and Credibility,https://mediabiasfactcheck.com/faribault-daily-news-bias/,www.southernminn.com,left-center,high,high credibility
FiveThirtyEight – Bias and Credibility,https://mediabiasfactcheck.com/fivethirtyeight/,www.fivethirtyeight.com,left-center,high,high credibility
Law Enforcement Today – Bias and Credibility,https://mediabiasfactcheck.com/law-enforcement-today/,www.lawenforcementtoday.com,right,mixed,medium credibility
Lone Conservative – Bias and Credibility,https://mediabiasfactcheck.com/lone-conservative/,www.loneconservative.com,right,mixed,medium credibility
Mercatornet – Bias and Credibility,https://mediabiasfactcheck.com/mercatornet/,www.mercatornet.com,right,mixed,medium credibility
National Center for Public Policy Research (NCPPR) – Bias and Credibility,https://mediabiasfactcheck.com/national-center-public-policy-research-ncppr/,www.nationalcenter.org,right,mixed,medium credibility
GlobalPost – Bias and Credibility,https://mediabiasfactcheck.com/global-post/,www.theworld.org,left-center,high,high credibility
Golden Star – Bias and Credibility,https://mediabiasfactcheck.com/golden-star-bias/,www.thegoldenstar.net,left-center,high,high credibility
Governing Magazine – Bias and Credibility,https://mediabiasfactcheck.com/governing-magazine/,www.governing.com,left-center,high,high credibility
Greensboro News and Record – Bias and Credibility,https://mediabiasfactcheck.com/greensboro-news-and-record/,www.greensboro.com,left-center,high,high credibility
Politichicks – Bias and Credibility,https://mediabiasfactcheck.com/politichicks/,www.politichicks.com,right,low,low credibility
Hamilton Spectator – Bias and Credibility,https://mediabiasfactcheck.com/hamilton-spectator-bias/,www.thespec.com,left-center,high,high credibility
Regated – Bias and Credibility,https://mediabiasfactcheck.com/regated-news/,www.regated.com,right,mixed,no credibility rating available
Helsingin Sanomat – Bias and Credibility,https://mediabiasfactcheck.com/helsingin-sanomat/,www.hs.fi,left-center,high,high credibility
Shore News Network – Bias and Credibility,https://mediabiasfactcheck.com/shore-news-network-bias/,www.shorenewsnetwork.com,right,mostly,medium credibility
Spiked Magazine – Bias and Credibility,https://mediabiasfactcheck.com/spiked-magazine/,www.spiked-online.com,right,mixed,medium credibility
Hornell Evening Tribune – Bias and Credibility,https://mediabiasfactcheck.com/hornell-evening-tribune-bias/,www.eveningtribune.com,left-center,high,high credibility
Houston Today – Bias and Credibility,https://mediabiasfactcheck.com/houston-today-bias/,www.houston-today.com,left-center,high,high credibility
TheGreggJarrett.com – Bias and Credibility,https://mediabiasfactcheck.com/thegreggjarrett-com/,www.thegreggjarrett.com,right,mixed,medium credibility
If Americans Knew – Bias and Credibility,https://mediabiasfactcheck.com/if-america-knew/,www.ifamericaknew.org,left-center,high,high credibility
The Star (Malaysia) – Bias and Credibility,https://mediabiasfactcheck.com/the-star-malaysia/,www.thestar.com.my,right,mixed,medium credibility
TimCast (Tim Pool) – Bias and Credibility,https://mediabiasfactcheck.com/timcast-tim-pool/,www.timcast.com,right,mixed,medium credibility
Institute for Government – Bias and Credibility,https://mediabiasfactcheck.com/institute-for-government-bias/,www.instituteforgovernment.org.uk,left-center,high,high credibility
Washington Examiner – Bias and Credibility,https://mediabiasfactcheck.com/washington-examiner/,www.washingtonexaminer.com,right,mixed,medium credibility
iPolitics – Bias and Credibility,https://mediabiasfactcheck.com/ipolitics/,www.ipolitics.ca,left-center,high,high credibility
2020ElectionCenter.com – Bias and Credibility,https://mediabiasfactcheck.com/2020electioncenter-com-bias/,www.freeworldnews.tv,conspiracy,VeryLow,low credibility
Jefferson Public Radio – Bias and Credibility,https://mediabiasfactcheck.com/jefferson-public-radio-bias/,www.ijpr.org,left-center,high,high credibility
Actualized.org – Bias and Credibility,https://mediabiasfactcheck.com/actualized-org-bias/,www.actualized.org,conspiracy,low,low credibility
JStor Daily – Bias and Credibility,https://mediabiasfactcheck.com/jstore-daily/,daily.jstor.org,left-center,high,high credibility
Alternative Media Television (AMTV) – Bias and Credibility,https://mediabiasfactcheck.com/alternative-media-television-amtv/,www.amtvmedia.com,conspiracy,low,low credibility
Kawartha Lakes This Week – Bias and Credibility,https://mediabiasfactcheck.com/kawartha-lakes-this-week-bias/,www.thepeterboroughexaminer.com,left-center,high,high credibility
Ancient Code – Bias and Credibility,https://mediabiasfactcheck.com/ancient-code/,www.ancient-code.com,conspiracy,mixed,low credibility
KDKA – CBS Pittsburgh – Bias and Credibility,https://mediabiasfactcheck.com/kdka-cbs-pittsburgh/,www.cbsnews.com,left-center,high,high credibility
Kemptville Advance – Bias and Credibility,https://mediabiasfactcheck.com/kemptville-advance-bias/,www.insideottawavalley.com,left-center,high,high credibility
Behold Israel – Bias and Credibility,https://mediabiasfactcheck.com/behold-israel/,www.beholdisrael.org,conspiracy,mixed,low credibility
KHEC – NPR – Crescent City – Bias and Credibility,https://mediabiasfactcheck.com/khec-npr-crescent-city-bias/,www.ijpr.org,left-center,high,high credibility
KHSU – NPR – Arcata – Bias and Credibility,https://mediabiasfactcheck.com/khsu-npr-arcata-bias/,www.khsu.org,left-center,high,high credibility
KJZZ – NPR – Phoenix – Bias and Credibility,https://mediabiasfactcheck.com/kjzz-npr-phoenix-bias/,www.kjzz.org,left-center,high,high credibility
Bugout.news – Bias and Credibility,https://mediabiasfactcheck.com/bugout-news/,www.bugout.news,conspiracy,VeryLow,low credibility
Government Accountability Institute – Bias and Credibility,https://mediabiasfactcheck.com/government-accountability-institute/,www.g-a-i.org,right,mixed,low credibility
Hurriyet – Bias and Credibility,https://mediabiasfactcheck.com/hurriyet/,www.hurriyet.com.tr,right,mixed,medium credibility
Independent Journal Review – Bias and Credibility,https://mediabiasfactcheck.com/independent-journal-review/,www.ijr.com,right,mostly,high credibility
Fairness & Accuracy in Reporting (FAIR) – Bias and Credibility,https://mediabiasfactcheck.com/fairness-accuracy-in-reporting-fair/,www.fair.org,left-center,high,high credibility
Jewish Policy Center – Bias and Credibility,https://mediabiasfactcheck.com/jewish-policy-center/,www.jewishpolicycenter.org,right,high,high credibility
Food Navigator – Bias and Credibility,https://mediabiasfactcheck.com/food-navigator-bias/,www.foodnavigator.com,left-center,mostly,high credibility
France Info – Bias and Credibility,https://mediabiasfactcheck.com/france-info/,www.francetvinfo.fr,left-center,high,high credibility
Future of Life Institute (FLI) – Bias and Credibility,https://mediabiasfactcheck.com/future-of-life-institute-bias/,www.futureoflife.org,left-center,high,high credibility
Gazeta Wyborcza – Bias and Credibility,https://mediabiasfactcheck.com/gazeta-wyborcza-bias/,www.wyborcza.pl,left-center,high,high credibility
Global Citizen – Bias and Credibility,https://mediabiasfactcheck.com/global-citizen/,www.globalcitizen.org,left-center,high,high credibility
Gloucester Daily Times – Bias and Credibility,https://mediabiasfactcheck.com/gloucester-daily-times-bias/,www.gloucestertimes.com,left-center,high,high credibility
Google News – Bias and Credibility,https://mediabiasfactcheck.com/google-news/,news.google.com,left-center,mostly,high credibility
Grand Rapids Herald-Review – Bias and Credibility,https://mediabiasfactcheck.com/grand-rapids-herald-review-bias/,www.grandrapidsmn.com,left-center,high,high credibility
Patriot News Daily – Bias and Credibility,https://mediabiasfactcheck.com/patriot-news-daily/,www.patriotnewsdaily.com,right,mixed,medium credibility
Proud Conservatives – Bias and Credibility,https://mediabiasfactcheck.com/proud-conservatives/,www.conservativesus.party,right,mixed,no credibility rating available
Reclaim The Net – Bias and Credibility,https://mediabiasfactcheck.com/reclaim-the-net-bias/,www.reclaimthenet.org,right,mixed,medium credibility
Right & Free – Bias and Credibility,https://mediabiasfactcheck.com/right-free/,www.rightandfree.com,right,mixed,medium credibility
Henderson Times-News – Bias and Credibility,https://mediabiasfactcheck.com/henderson-times-news-bias/,www.thetimesnews.com,left-center,high,high credibility
Sonoran News – Bias and Credibility,https://mediabiasfactcheck.com/sonoran-news/,www.sonorannews.com,right,mostly,medium credibility
Honolulu Civil Beat – Bias and Credibility,https://mediabiasfactcheck.com/honolulu-civil-beat/,www.civilbeat.org,left-center,high,high credibility
HotNews Romania – Bias and Credibility,https://mediabiasfactcheck.com/hotnews-romania-bias/,www.hotnews.ro,left-center,high,high credibility
Human Rights Watch – Bias and Credibility,https://mediabiasfactcheck.com/human-rights-watch/,www.hrw.org,left-center,high,high credibility
IceNews – Bias and Credibility,https://mediabiasfactcheck.com/ice-news/,www.icenews.is,left-center,mostly,medium credibility
Independent Australia – Bias and Credibility,https://mediabiasfactcheck.com/independent-australia/,www.independentaustralia.net,left-center,high,high credibility
The Texan – Bias and Credibility,https://mediabiasfactcheck.com/the-texan/,www.thetexan.news,right,high,high credibility
TIPP Insights – Bias and Credibility,https://mediabiasfactcheck.com/tipp-insights-bias/,www.tippinsights.com,right,mixed,medium credibility
Institute for Middle East Understanding (IMEU) – Bias and Credibility,https://mediabiasfactcheck.com/institute-for-middle-east-understanding-imeu/,www.imeu.org,left-center,high,high credibility
Washington Free Beacon – Bias and Credibility,https://mediabiasfactcheck.com/washington-free-beacon/,www.freebeacon.com,right,mixed,medium credibility
Irish Daily Mirror – Bias and Credibility,https://mediabiasfactcheck.com/irish-daily-mirror-bias/,www.irishmirror.ie,left-center,mostly,high credibility
Jackson Sun – Bias and Credibility,https://mediabiasfactcheck.com/jackson-sun/,www.jacksonsun.com,left-center,high,high credibility
ACN Latitudes – Bias and Credibility,https://mediabiasfactcheck.com/acn-latitudes/,www.latitudes.org,conspiracy,mixed,low credibility
Age of Autism – Bias and Credibility,https://mediabiasfactcheck.com/age-of-autism/,www.ageofautism.com,conspiracy,low,low credibility
Altermed Zentrum – Bias and Credibility,https://mediabiasfactcheck.com/altermed-zentrum-bias/,www.altermedzentrum.com,conspiracy,VeryLow,low credibility
Kansas City Star – Bias and Credibility,https://mediabiasfactcheck.com/kansas-city-star/,www.kansascity.com,left-center,high,high credibility
American Media Group – AMG-News – Bias and Credibility,https://mediabiasfactcheck.com/amg-news/,www.amg-news.com,conspiracy,VeryLow,low credibility
KCHO – NPR – Chico – Bias and Credibility,https://mediabiasfactcheck.com/kcho-npr-chico-bias-and-credibility/,www.mynspr.org,left-center,high,high credibility
KDLG – NPR – Dillingham – Bias and Credibility,https://mediabiasfactcheck.com/kdlg-npr-dillingham-bias/,www.kdlg.org,left-center,high,high credibility
Kenosha News – Bias and Credibility,https://mediabiasfactcheck.com/kenosha-news/,www.kenoshanews.com,left-center,high,high credibility
KFSK – NPR – Petersburg – Bias and Credibility,https://mediabiasfactcheck.com/kfsk-npr-petersburg-bias/,www.kfsk.org,left-center,high,high credibility
Blacklisted News – Bias and Credibility,https://mediabiasfactcheck.com/blacklisted-news/,www.blacklistednews.com,conspiracy,mixed,low credibility
Brand New Tube – Bias and Credibility,https://mediabiasfactcheck.com/brand-new-tube/,www.brandnewtube.com,conspiracy,VeryLow,low credibility
KNTV – NBC Bay Area – Bias and Credibility,https://mediabiasfactcheck.com/kntv-nbc-bay-area-bias/,www.nbcdfw.com,left-center,high,high credibility
Kokomo Tribune – Bias and Credibility,https://mediabiasfactcheck.com/kokomo-tribune-bias/,www.kokomotribune.com,left-center,high,high credibility
Christian Apologetics & Research Ministry (CARM) – Bias and Credibility,https://mediabiasfactcheck.com/christian-apologetics-research-ministry-carm/,www.carm.org,conspiracy,low,low credibility
McAlester News-Capital – Bias and Credibility,https://mediabiasfactcheck.com/mcalester-news-capital-bias/,www.mcalesternews.com,left-center,high,high credibility
National Federation of Republican Women – Bias and Credibility,https://mediabiasfactcheck.com/national-federation-of-republican-women/,www.nfrw.org,right,mixed,medium credibility
NGO Monitor – Bias and Credibility,https://mediabiasfactcheck.com/ngo-monitor-bias/,www.ngo-monitor.org,right,mixed,medium credibility
Offgrid Survival – Bias and Credibility,https://mediabiasfactcheck.com/offgrid-survival/,www.offgridsurvival.com,right,mixed,medium credibility
OutKick Bias Rating,https://mediabiasfactcheck.com/outkick/,www.outkick.com,right,mixed,medium credibility
Politcalite UK – Bias and Credibility,https://mediabiasfactcheck.com/politcalite-uk/,www.politicalite.com,right,mixed,medium credibility
Hamilton Mountain News – Bias and Credibility,https://mediabiasfactcheck.com/hamilton-mountain-news-bias/,www.hamiltonnews.com,left-center,high,high credibility
Hattiesburg American – Bias and Credibility,https://mediabiasfactcheck.com/hattiesburg-american-bias/,www.hattiesburgamerican.com,left-center,high,high credibility
Rare News – Bias and Credibility,https://mediabiasfactcheck.com/rare-news/,www.rare.us,right,mixed,medium credibility
High Country News – Bias and Credibility,https://mediabiasfactcheck.com/high-country-news/,www.hcn.org,left-center,high,high credibility
Holland Sentinel – Bias and Credibility,https://mediabiasfactcheck.com/holland-sentinel-bias/,www.hollandsentinel.com,left-center,high,high credibility
The Advertiser – Bias and Credibility,https://mediabiasfactcheck.com/the-advertiser/,www.adelaidenow.com.au,right,mixed,medium credibility
Human Rights Defense Center – Bias and Credibility,https://mediabiasfactcheck.com/human-rights-defense-center-bias/,www.humanrightsdefensecenter.org,left-center,high,high credibility
The Honest Patriot – Bias and Credibility,https://mediabiasfactcheck.com/the-honest-patriot/,www.thehonestpatriot.net,right,mixed,medium credibility
IFLScience – Bias and Credibility,https://mediabiasfactcheck.com/ifl-science/,www.iflscience.com,left-center,high,high credibility
Infoplease – Bias and Credibility,https://mediabiasfactcheck.com/infoplease-bias/,www.infoplease.com,left-center,high,high credibility
Toronto Sun – Bias and Credibility,https://mediabiasfactcheck.com/toronto-sun/,www.torontosun.com,right,mostly,high credibility
International Business Times – Bias and Credibility,https://mediabiasfactcheck.com/international-business-times/,www.ibtimes.com,left-center,mixed,medium credibility
(The) Interpreter Magazine – Bias and Credibility,https://mediabiasfactcheck.com/the-interpreter-magazine/,www.interpretermag.com,left-center,high,high credibility
YellowHammer News – Bias and Credibility,https://mediabiasfactcheck.com/yellowhammer-news/,www.yellowhammernews.com,right,high,high credibility
911Truth.org – Bias and Credibility,https://mediabiasfactcheck.com/911truth-org/,www.911truth.org,conspiracy,low,low credibility
ADDitude Magazine – Bias and Credibility,https://mediabiasfactcheck.com/additude-magazine/,www.additudemag.com,conspiracy,mixed,low credibility
JURIST – Bias and Credibility,https://mediabiasfactcheck.com/jurist-bias/,www.jurist.org,left-center,high,high credibility
Kamsack Times – Bias and Credibility,https://mediabiasfactcheck.com/kamsack-times-bias/,www.sasktoday.ca,left-center,high,high credibility
American Policy Center – Bias and Credibility,https://mediabiasfactcheck.com/american-policy-center/,www.americanpolicy.org,conspiracy,low,low credibility
KCNC-TV – CBS Denver – Bias and Credibility,https://mediabiasfactcheck.com/kcnc-tv-cbs-denver/,denver.cbslocal.com,left-center,high,high credibility
KDLL – NPR – Kenai – Bias and Credibility,https://mediabiasfactcheck.com/kdll-npr-kenai-bias/,www.kdll.org,left-center,high,high credibility
Kent Record-Courier – Bias and Credibility,https://mediabiasfactcheck.com/kent-record-courier-bias/,www.record-courier.com,left-center,high,high credibility
KHNS – NPR – Haines – Bias and Credibility,https://mediabiasfactcheck.com/khns-npr-haines-bias/,www.khns.org,left-center,high,high credibility
KNAU – NPR – Flagstaff – Bias and Credibility,https://mediabiasfactcheck.com/knau-npr-flagstaff-bias/,www.knau.org,left-center,high,high credibility
Children’s Health Defense – Bias and Credibility,https://mediabiasfactcheck.com/childrens-health-defense/,www.childrenshealthdefense.org,conspiracy,low,low credibility
KRBD – NPR – Ketchikan – Bias and Credibility,https://mediabiasfactcheck.com/krbd-npr-ketchikan/,www.krbd.org,left-center,high,high credibility
KTVT – Dallas – Fort Worth News – Bias and Credibility,https://mediabiasfactcheck.com/ktvt-dallas-fort-worth-news-bias/,www.cbsnews.com,left-center,high,high credibility
Kuna Melba News – Bias and Credibility,https://mediabiasfactcheck.com/kuna-melba-news-bias/,www.idahopress.com,left-center,high,high credibility
Consumer Wellness Center – Bias and Credibility,https://mediabiasfactcheck.com/consumer-wellness-center/,www.consumerwellness.org,conspiracy,VeryLow,low credibility
Covert Geopolitics – Bias and Credibility,https://mediabiasfactcheck.com/covert-geopolitics/,www.geopolitics.co,conspiracy,mixed,low credibility
La Depeche du Midi – Bias and Credibility,https://mediabiasfactcheck.com/la-depeche-du-midi/,www.ladepeche.fr,left-center,high,high credibility
Lake Cowichan Gazette – Bias and Credibility,https://mediabiasfactcheck.com/lake-cowichan-gazette-bias/,www.lakecowichangazette.com,left-center,high,high credibility
Discovery Institute – Bias and Credibility,https://mediabiasfactcheck.com/discovery-institute/,www.discovery.org,conspiracy,low,low credibility
Le Soleil (Quebec) – Bias and Credibility,https://mediabiasfactcheck.com/le-soleil-quebec-bias/,www.lesoleil.com,left-center,high,high credibility
Liberation (Paris) – Bias and Credibility,https://mediabiasfactcheck.com/liberation-paris-bias/,www.liberation.fr,left-center,high,high credibility
Fabiosa – Bias and Credibility,https://mediabiasfactcheck.com/fabiosa/,www.fabiosa.com,conspiracy,mixed,low credibility
Free Thought Project – Bias and Credibility,https://mediabiasfactcheck.com/free-thought-project/,www.thefreethoughtproject.com,conspiracy,low,low credibility
Friends of Science – Bias and Credibility,https://mediabiasfactcheck.com/friends-of-science/,www.friendsofscience.org,conspiracy,mixed,low credibility
Geoengineering.News – Bias and Credibility,https://mediabiasfactcheck.com/geoengineering-news/,www.geoengineering.news,conspiracy,VeryLow,low credibility
Newsbusters – Bias and Credibility,https://mediabiasfactcheck.com/newsbusters/,www.newsbusters.org,right,mixed,medium credibility
Nova24TV – Bias and Credibility,https://mediabiasfactcheck.com/nova24tv/,www.nova24tv.si,right,mixed,medium credibility
OpsLens – Bias and Credibility,https://mediabiasfactcheck.com/opslens/,www.opslens.com,right,mixed,medium credibility
Grid News – Bias and Credibility,https://mediabiasfactcheck.com/grid-news/,www.grid.news,left-center,high,high credibility
Haida Gwaii Observer – Bias and Credibility,https://mediabiasfactcheck.com/haida-gwaii-observer-bias/,www.haidagwaiiobserver.com,left-center,high,high credibility
Red Alert Politics – Bias and Credibility,https://mediabiasfactcheck.com/red-alert-politics/,www.redalertpolitics.com,right,mixed,no credibility rating available
Heavy – Bias and Credibility,https://mediabiasfactcheck.com/heavy/,www.heavy.com,left-center,high,high credibility
Save Jersey – Bias and Credibility,https://mediabiasfactcheck.com/save-jersey/,www.savejersey.com,right,high,no credibility rating available
Sons of 1776 – Bias and Credibility,https://mediabiasfactcheck.com/sons-of-1776/,www.sonsof1776.com,right,mixed,medium credibility
Hope Standard – Bias and Credibility,https://mediabiasfactcheck.com/hope-standard-bias/,www.hopestandard.com,left-center,high,high credibility
The Conservative Woman – Bias and Credibility,https://mediabiasfactcheck.com/the-conservative-woman/,www.conservativewoman.co.uk,right,mixed,medium credibility
Huntsville Forester – Bias and Credibility,https://mediabiasfactcheck.com/huntsville-forester-bias/,www.muskokaregion.com,left-center,high,high credibility
The Patriot Post – Bias and Credibility,https://mediabiasfactcheck.com/the-patriot-post/,www.patriotpost.us,right,mostly,high credibility
Inquisitr – Bias and Credibility,https://mediabiasfactcheck.com/inquisitr/,www.inquisitr.com,left-center,mixed,medium credibility
True North Centre for Public Policy – Bias and Credibility,https://mediabiasfactcheck.com/true-north-centre-for-public-policy/,www.tnc.news,right,mixed,medium credibility
Valuetainment – Bias and Credibility,https://mediabiasfactcheck.com/valuetainment-bias/,www.valuetainment.com,right,mixed,medium credibility
WikiIslam – Bias and Credibility,https://mediabiasfactcheck.com/wikiislam/,www.wikiislam.net,right,mixed,medium credibility
Jackson Free Press – Bias and Credibility,https://mediabiasfactcheck.com/jackson-free-press/,www.jacksonfreepress.com,left-center,high,high credibility
Above Top Secret – Bias and Credibility,https://mediabiasfactcheck.com/above-top-secret/,www.abovetopsecret.com,conspiracy,low,low credibility
Journal of Politics and Society – Bias and Credibility,https://mediabiasfactcheck.com/journal-of-politics-and-society/,www.helvidius.org,left-center,very high,high credibility
Alternative Daily – Bias and Credibility,https://mediabiasfactcheck.com/alternative-daily-bias/,www.thealternativedaily.com,conspiracy,low,low credibility
KASU – NPR – Jonesboro – Bias and Credibility,https://mediabiasfactcheck.com/kasu-npr-jonesboro-bias/,www.kasu.org,left-center,high,high credibility
KCAW – NPR – Sitka – Bias and Credibility,https://mediabiasfactcheck.com/kcaw-npr-sitka-bias/,www.kcaw.org,left-center,high,high credibility
Anti-Empire – Bias and Credibility,https://mediabiasfactcheck.com/anti-empire-bias/,www.anti-empire.com,conspiracy,low,low credibility
AskingAngels.com – Bias and Credibility,https://mediabiasfactcheck.com/askingangels-com/,www.askingangels.com,conspiracy,VeryLow,low credibility
Awareness Act – Bias and Credibility,https://mediabiasfactcheck.com/awareness-act/,www.awarenessact.com,conspiracy,low,low credibility
BioDefense – Bias and Credibility,https://mediabiasfactcheck.com/biodefense/,www.biodefense.com,conspiracy,VeryLow,low credibility
KIYU – NPR – Galena – Bias and Credibility,https://mediabiasfactcheck.com/kiyu-npr-galena-bias/,www.kiyu.com,left-center,high,high credibility
Cancer.news – Bias and Credibility,https://mediabiasfactcheck.com/cancer-news/,www.cancer.news,conspiracy,VeryLow,low credibility
KPIC CBS 4 – Bias and Credibility,https://mediabiasfactcheck.com/kpic-cbs-4/,www.kpic.com,left-center,high,high credibility
Christian Truth Center – Bias and Credibility,https://mediabiasfactcheck.com/christian-truth-center-bias/,www.christiantruthcenter.com,conspiracy,VeryLow,low credibility
KUAF – NPR – Fayetteville – Bias and Credibility,https://mediabiasfactcheck.com/kuaf-npr-fayetteville-bias/,www.kuaf.com,left-center,high,high credibility
Conspiracy Daily Update – Bias and Credibility,https://mediabiasfactcheck.com/conspiracy-daily-update/,www.conspiracydailyupdate.com,conspiracy,VeryLow,low credibility
Kyiv Post – Bias and Credibility,https://mediabiasfactcheck.com/kyiv-post/,www.kyivpost.com,left-center,mixed,medium credibility
Lafayette Daily Advertiser – Bias and Credibility,https://mediabiasfactcheck.com/lafayette-daily-advertiser-bias/,www.theadvertiser.com,left-center,high,high credibility
La Presse – Bias and Credibility,https://mediabiasfactcheck.com/la-presse/,www.lapresse.ca,left-center,high,high credibility
DoctorOz.com – Bias and Credibility,https://mediabiasfactcheck.com/doctoroz-com/,www.doctoroz.com,conspiracy,mixed,low credibility
Educate Inspire Change – Bias and Credibility,https://mediabiasfactcheck.com/educate-inspire-change/,www.educateinspirechange.org,conspiracy,mixed,low credibility
Lifehacker – Bias and Credibility,https://mediabiasfactcheck.com/lifehacker/,www.lifehacker.com,left-center,mostly,high credibility
Lonsdale Area News-Review – Bias and Credibility,https://mediabiasfactcheck.com/lonsdale-area-news-review-bias/,www.southernminn.com,left-center,high,high credibility
Forever Conscious – Bias and Credibility,https://mediabiasfactcheck.com/forever-conscious/,www.foreverconscious.com,conspiracy,low,low credibility
Freedom.News – Bias and Credibility,https://mediabiasfactcheck.com/freedom-news/,www.freedom.news,conspiracy,VeryLow,low credibility
Gaia – Bias and Credibility,https://mediabiasfactcheck.com/gaia/,www.gaia.com,conspiracy,low,low credibility
Global Research – Bias and Credibility,https://mediabiasfactcheck.com/global-research/,www.globalresearch.ca,conspiracy,low,low credibility
MediaFile – Bias and Credibility,https://mediabiasfactcheck.com/mediafile/,www.mediafiledc.com,left-center,high,high credibility
Healing Oracle – Bias and Credibility,https://mediabiasfactcheck.com/healing-oracle/,www.healingoracle.ch,conspiracy,VeryLow,low credibility
BonSens – Bias and Credibility,https://mediabiasfactcheck.com/bonsens/,www.bonsens.info,conspiracy,low,low credibility
KODK – NPR – Kodiak – Bias and Credibility,https://mediabiasfactcheck.com/kodk-npr-kodiak-bias/,www.kmxt.org,left-center,high,high credibility
KPIX – CBS San Francisco – Bias and Credibility,https://mediabiasfactcheck.com/kpix-cbs-san-francisco/,sanfrancisco.cbslocal.com,left-center,high,high credibility
KTNA – NPR – Talkeetna – Bias and Credibility,https://mediabiasfactcheck.com/ktna-npr-talkeetna-bias/,www.ktna.org,left-center,high,high credibility
Climate.News – Bias and Credibility,https://mediabiasfactcheck.com/climate-news/,www.climate.news,conspiracy,VeryLow,low credibility
Committee For A Constructive Tomorrow (CFACT) – Bias and Credibility,https://mediabiasfactcheck.com/committee-constructive-tomorrow-cfact-org/,www.cfact.org,conspiracy,low,low credibility
Kurdistan 24 – Bias and Credibility,https://mediabiasfactcheck.com/kurdistan-24/,www.kurdistan24.net,left-center,mixed,medium credibility
CounterThink.com – Bias and Credibility,https://mediabiasfactcheck.com/counterthink-com/,www.counterthink.com,conspiracy,VeryLow,low credibility
Cureus Journal of Medical Science – Bias and Credibility,https://mediabiasfactcheck.com/cureus-journal-of-medical-science-bias/,www.cureus.com,conspiracy,mixed,low credibility
Daily Sceptic – Bias and Credibility,https://mediabiasfactcheck.com/daily-sceptic-bias/,www.dailysceptic.org,conspiracy,VeryLow,low credibility
LA Times (Los Angeles Times) – Bias and Credibility,https://mediabiasfactcheck.com/la-times-los-angeles-times/,www.latimes.com,left-center,high,high credibility
Left Justified – Bias and Credibility,https://mediabiasfactcheck.com/left-justified/,www.leftjustified.com,left-center,mixed,medium credibility
Lethbridge Herald – Bias and Credibility,https://mediabiasfactcheck.com/lethbridge-herald/,www.lethbridgeherald.com,left-center,high,high credibility
Liberty Times – Taiwan – Bias and Credibility,https://mediabiasfactcheck.com/liberty-times-taiwan-bias/,news.ltn.com.tw,left-center,mostly,high credibility
FaithIt – Bias and Credibility,https://mediabiasfactcheck.com/faithit/,www.faithit.com,conspiracy,mixed,low credibility
Malaysiakini – Bias and Credibility,https://mediabiasfactcheck.com/malaysiakini/,www.malaysiakini.com,left-center,mostly,high credibility
Gender.news – Bias and Credibility,https://mediabiasfactcheck.com/gender-news-bias/,www.gender.news,conspiracy,VeryLow,low credibility
Global Healing Center – Bias and Credibility,https://mediabiasfactcheck.com/global-healing-center/,www.globalhealingcenter.com,conspiracy,mixed,low credibility
McClatchyDC – Bias and Credibility,https://mediabiasfactcheck.com/mcclatchydc/,www.mcclatchydc.com,left-center,high,high credibility
Greenpeace – Bias and Credibility,https://mediabiasfactcheck.com/greenpeace/,www.greenpeace.org,conspiracy,mixed,low credibility
Metro UK – Bias and Credibility,https://mediabiasfactcheck.com/metro-uk/,metro.co.uk,left-center,mixed,medium credibility
Healthy and Natural World – Bias and Credibility,https://mediabiasfactcheck.com/healthy-and-natural-world/,www.healthyandnaturalworld.com,conspiracy,mixed,low credibility
Herbreference.com – Bias and Credibility,https://mediabiasfactcheck.com/herbreference-com/,www.herbreference.com,conspiracy,VeryLow,low credibility
Minneapolis Star Tribune – Bias and Credibility,https://mediabiasfactcheck.com/minneapolis-star-tribune/,www.startribune.com,left-center,high,high credibility
Money Talks News – Bias and Credibility,https://mediabiasfactcheck.com/money-talks-news-bias/,www.moneytalksnews.com,left-center,high,high credibility
Institute for Creation Research (ICR) – Bias and Credibility,https://mediabiasfactcheck.com/institute-for-creation-research-icr/,www.icr.org,conspiracy,VeryLow,low credibility
Irish Sentinel – Bias and Credibility,https://mediabiasfactcheck.com/irish-sentinel-bias/,www.theirishsentinel.com,conspiracy,VeryLow,low credibility
JoeBiden.News – Bias and Credibility,https://mediabiasfactcheck.com/joebiden-news/,www.joebiden.news,conspiracy,VeryLow,low credibility
National Center for Transgender Equality (NCTE) – Bias and Credibility,https://mediabiasfactcheck.com/national-center-transgender-equality-ncte/,www.transequality.org,left-center,high,no credibility rating available
LittleThings – Bias and Credibility,https://mediabiasfactcheck.com/littlethings/,www.littlethings.com,conspiracy,mixed,low credibility
Malone Institute – Bias and Credibility,https://mediabiasfactcheck.com/malone-institute-bias/,www.maloneinstitute.org,conspiracy,low,low credibility
New Bedford Standard-Times – Bias and Credibility,https://mediabiasfactcheck.com/new-bedford-standard-times-bias/,www.southcoasttoday.com,left-center,high,high credibility
New Jersey Herald – Bias and Credibility,https://mediabiasfactcheck.com/new-jersey-herald-bias/,www.njherald.com,left-center,high,high credibility
New Westminster Record – Bias and Credibility,https://mediabiasfactcheck.com/new-westminster-record-bias/,www.newwestrecord.ca,left-center,high,high credibility
Newser – Bias and Credibility,https://mediabiasfactcheck.com/newser/,www.newser.com,left-center,high,high credibility
Niagara Gazette – Bias and Credibility,https://mediabiasfactcheck.com/niagara-gazette/,www.niagara-gazette.com,left-center,high,high credibility
NutritionFacts.org – Bias and Credibility,https://mediabiasfactcheck.com/nutritionfacts-org/,www.nutritionfacts.org,conspiracy,mixed,low credibility
Organic Consumers Association – Bias and Credibility,https://mediabiasfactcheck.com/organic-consumers-association/,www.organicconsumers.org,conspiracy,low,low credibility
NOWnews Today – Bias and Credibility,https://mediabiasfactcheck.com/nownews-today-bias/,www.nownews.com,left-center,mostly,high credibility
Prepare for Change – Bias and Credibility,https://mediabiasfactcheck.com/prepare-for-change/,www.prepareforchange.net,conspiracy,low,low credibility
Opelousas Daily World – Bias and Credibility,https://mediabiasfactcheck.com/opelousas-daily-world-bias/,www.dailyworld.com,left-center,high,high credibility
Rapture News Network – Bias and Credibility,https://mediabiasfactcheck.com/rapture-news-network/,www.rapturenewsnetwork.com,conspiracy,low,no credibility rating available
Redoubt News – Bias and Credibility,https://mediabiasfactcheck.com/redoubt-news/,www.redoubtnews.com,conspiracy,mixed,low credibility
Revolution Radio – Bias and Credibility,https://mediabiasfactcheck.com/revolution-radio/,www.revolutionradio.org,conspiracy,low,no credibility rating available
CampusInsanity.com – Bias and Credibility,https://mediabiasfactcheck.com/campusinsanity-com/,www.campusinsanity.com,conspiracy,VeryLow,low credibility
Charisma News – Bias and Credibility,https://mediabiasfactcheck.com/charisma-news/,www.charismanews.com,conspiracy,mixed,low credibility
KQED San Francisco – Bias and Credibility,https://mediabiasfactcheck.com/kqed/,www.kqed.org,left-center,high,high credibility
Climate Change Dispatch – Bias and Credibility,https://mediabiasfactcheck.com/climate-change-dispatch/,www.climatechangedispatch.com,conspiracy,low,low credibility
Coast to Coast AM – Bias and Credibility,https://mediabiasfactcheck.com/coast-to-coast-am/,www.coasttocoastam.com,conspiracy,low,low credibility
KUOW NPR – Bias and Credibility,https://mediabiasfactcheck.com/kuow-npr/,www.kuow.org,left-center,high,high credibility
Kyiv Independent – Bias and Credibility,https://mediabiasfactcheck.com/kyiv-independent-bias/,www.kyivindependent.com,left-center,high,high credibility
CultureWatch (BillMuehlenberg.com) – Bias and Credibility,https://mediabiasfactcheck.com/culturewatch-bias/,www.billmuehlenberg.com,conspiracy,low,low credibility
La Junta Tribune-Democrat – Bias and Credibility,https://mediabiasfactcheck.com/la-junta-tribune-democrat-bias/,www.lajuntatribunedemocrat.com,left-center,high,high credibility
DiedSuddenly.info – Bias and Credibility,https://mediabiasfactcheck.com/diedsuddenly-info/,www.diedsuddenly.info,conspiracy,VeryLow,low credibility
Dr. Axe – Bias and Credibility,https://mediabiasfactcheck.com/dr-axe/,www.draxe.com,conspiracy,low,low credibility
Educate Yourself – Bias and Credibility,https://mediabiasfactcheck.com/educate-yourself/,www.educate-yourself.org,conspiracy,VeryLow,low credibility
Eugenics.News – Bias and Credibility,https://mediabiasfactcheck.com/eugenics-news/,www.eugenics.news,conspiracy,VeryLow,low credibility
Faith Panda – Bias and Credibility,https://mediabiasfactcheck.com/faithpanda/,www.faithpanda.com,conspiracy,mixed,low credibility
Maclean’s Magazine – Bias and Credibility,https://mediabiasfactcheck.com/macleans-magazine/,www.macleans.ca,left-center,high,high credibility
Manchester Evening News – Bias and Credibility,https://mediabiasfactcheck.com/manchester-evening-news-bias/,www.manchestereveningnews.co.uk,left-center,high," high credibility
"
Fully Human – Bias and Credibility,https://mediabiasfactcheck.com/fully-human-bias/,www.fully-human.org,conspiracy,VeryLow,low credibility
Get Holistic Health – Bias and Credibility,https://mediabiasfactcheck.com/get-holistic-health/,www.getholistichealth.com,conspiracy,low,low credibility
McDonough County Voice – Bias and Credibility,https://mediabiasfactcheck.com/mc-donough-county-voice-bias/,www.mcdonoughvoice.com,left-center,high,high credibility
Health and Money News – Bias and Credibility,https://mediabiasfactcheck.com/health-and-money-news/,healthandmoneynews.wordpress.com,conspiracy,VeryLow,no credibility rating available
Health Nut News – Bias and Credibility,https://mediabiasfactcheck.com/health-nut-news/,www.healthnutnews.com,conspiracy,VeryLow,low credibility
Midland Mirror – Bias and Credibility,https://mediabiasfactcheck.com/midland-mirror-bias/,www.simcoe.com,left-center,high,high credibility
Higher Perspective – Bias and Credibility,https://mediabiasfactcheck.com/higher-perspective/,www.higherperspectives.com,conspiracy,mixed,low credibility
Minnesota Public Radio (MPR) – Bias and Credibility,https://mediabiasfactcheck.com/minnesota-public-radio-mpr/,www.mprnews.org,left-center,high,high credibility
Mongabay – Bias and Credibility,https://mediabiasfactcheck.com/mongabay/,news.mongabay.com,left-center,high,high credibility
Morning Brew – Bias and Credibility,https://mediabiasfactcheck.com/morning-brew-bias/,www.morningbrew.com,left-center,high,high credibility
Muncie Star Press – Bias and Credibility,https://mediabiasfactcheck.com/muncie-star-press-bias/,www.thestarpress.com,left-center,high,high credibility
LeftCult – Bias and Credibility,https://mediabiasfactcheck.com/leftcult/,www.leftcult.com,conspiracy,VeryLow,low credibility
LifeSpa – Bias and Credibility,https://mediabiasfactcheck.com/lifespa/,www.lifespa.com,conspiracy,low,low credibility
NBC Los Angeles – KNBC v,https://mediabiasfactcheck.com/nbc-los-angeles-knbc/,www.nbclosangeles.com,left-center,high,high credibility
Medical Daily – Bias and Credibility,https://mediabiasfactcheck.com/medical-daily/,www.medicaldaily.com,conspiracy,mixed,low credibility
Mercola – Bias and Credibility,https://mediabiasfactcheck.com/mercola/,www.mercola.com,conspiracy,low,low credibility
National Vaccine Information Center (NVIC) – Bias and Credibility,https://mediabiasfactcheck.com/national-vaccine-information-center-nvic/,www.nvic.org,conspiracy,low,low credibility
News and Guts – Bias and Credibility,https://mediabiasfactcheck.com/news-and-guts/,www.newsandguts.com,left-center,mostly,high credibility
NHK World-Japan – Bias and Credibility,https://mediabiasfactcheck.com/nhk-world/,www3.nhk.or.jp,left-center,high,high credibility
NoTricksZone – Bias and Credibility,https://mediabiasfactcheck.com/notrickszone/,www.notrickszone.com,conspiracy,low,low credibility
NWO Report – Bias and Credibility,https://mediabiasfactcheck.com/nwo-report-bias/,www.nworeport.me,conspiracy,VeryLow,low credibility
North Thompson Star-Journal – Bias and Credibility,https://mediabiasfactcheck.com/north-thompson-star-journal-bias/,www.barrierestarjournal.com,left-center,high,high credibility
PETA (People for the Ethical Treatment of Animals) – Bias and Credibility,https://mediabiasfactcheck.com/peta-people-for-the-ethical-treatment-of-animals/,www.peta.org,conspiracy,mixed,low credibility
Ocala StarBanner – Bias and Credibility,https://mediabiasfactcheck.com/ocala-starbanner-bias/,www.ocala.com,left-center,high,high credibility
Prison Planet – Bias and Credibility,https://mediabiasfactcheck.com/prison-planet/,www.prisonplanet.com,conspiracy,VeryLow,no credibility rating available
Orlando Sentinel – Bias and Credibility,https://mediabiasfactcheck.com/orlando-sentinel/,www.orlandosentinel.com,left-center,high,high credibility
Our World In Data – Bias and Credibility,https://mediabiasfactcheck.com/our-world-in-data/,www.ourworldindata.org,left-center,high,high credibility
Rumor Mill News – Bias and Credibility,https://mediabiasfactcheck.com/rumor-mill-news-bias/,www.rumormillnews.com,conspiracy,VeryLow,low credibility
Canberra Declaration – Bias and Credibility,https://mediabiasfactcheck.com/canberra-declaration-bias/,canberradeclaration.org.au,conspiracy,low,low credibility
ChristianAnswers.net – Bias and Credibility,https://mediabiasfactcheck.com/christiananswers-net-bias/,www.christiananswers.net,conspiracy,low,low credibility
KSTK – NPR – Wrangell – Bias and Credibility,https://mediabiasfactcheck.com/kstk-npr-wrangell-bias/,www.kstk.org,left-center,high,high credibility
KUAC – NPR – Fairbanks – Bias and Credibility,https://mediabiasfactcheck.com/kuac-npr-fairbanks-bias/,www.kuac.org,left-center,high,high credibility
Collective-Evolution – Bias and Credibility,https://mediabiasfactcheck.com/collective-evolution/,www.collective-evolution.com,conspiracy,low,low credibility
Cosmic Intelligence Agency – Bias and Credibility,https://mediabiasfactcheck.com/cosmic-intelligence-agency/,www.cosmicintelligenceagency.com,conspiracy,low,low credibility
Covid Call to Humanity – Bias and Credibility,https://mediabiasfactcheck.com/covid-call-to-humanity-bias/,www.covidcalltohumanity.org,conspiracy,VeryLow,low credibility
Curious Mind Magazine – Bias and Credibility,https://mediabiasfactcheck.com/curious-mind-magazine/,www.curiousmindmagazine.com,conspiracy,low,low credibility
Langley Advance Times – Bias and Credibility,https://mediabiasfactcheck.com/langley-advance-times-bias/,www.langleyadvancetimes.com,left-center,high,high credibility
Las Vegas Sun – Bias and Credibility,https://mediabiasfactcheck.com/las-vegas-sun/,www.lasvegassun.com,left-center,high,high credibility
DrNorthrup.com – Bias and Credibility,https://mediabiasfactcheck.com/drnorthrup-com/,www.drnorthrup.com,conspiracy,low,low credibility
Electroverse – Bias and Credibility,https://mediabiasfactcheck.com/electroverse/,www.electroverse.net,conspiracy,low,low credibility
Europe Reloaded – Bias and Credibility,https://mediabiasfactcheck.com/europe-reloaded/,www.europereloaded.com,conspiracy,low,low credibility
Food Matters – Bias and Credibility,https://mediabiasfactcheck.com/food-matters/,www.foodmatters.com,conspiracy,mixed,low credibility
Mankato Free Press – Bias and Credibility,https://mediabiasfactcheck.com/mankato-free-press-bias/,www.mankatofreepress.com,left-center,high,high credibility
Marshall News Messenger – Bias and Credibility,https://mediabiasfactcheck.com/marshall-news-messenger-bias/,www.marshallnewsmessenger.com,left-center,high,high credibility
Massillon Independent – Bias and Credibility,https://mediabiasfactcheck.com/massillon-independent-bias/,www.indeonline.com,left-center,high,high credibility
Mediapart – Bias and Credibility,https://mediabiasfactcheck.com/mediapart-bias-credibility/,www.mediapart.fr,left-center,high,no credibility rating available
Mesabi Tribune – Bias and Credibility,https://mediabiasfactcheck.com/mesabi-tribune-bias/,www.mesabitribune.com,left-center,high,high credibility
Miami Herald – Bias and Credibility,https://mediabiasfactcheck.com/miami-herald/,www.miamiherald.com,left-center,high,high credibility
Milford Daily News – Bias and Credibility,https://mediabiasfactcheck.com/milford-daily-news-bias/,www.milforddailynews.com,left-center,high,high credibility
Milwaukee Journal-Sentinel – Bias and Credibility,https://mediabiasfactcheck.com/milwaukee-journal-sentinel/,www.jsonline.com,left-center,high,high credibility
Illuminati Watcher – Bias and Credibility,https://mediabiasfactcheck.com/illuminati-watcher/,www.illuminatiwatcher.com,conspiracy,low,low credibility
Monticello Times – Bias and Credibility,https://mediabiasfactcheck.com/monticello-times-bias/,www.hometownsource.com,left-center,high,high credibility
Mother Nature Network – Bias and Credibility,https://mediabiasfactcheck.com/mother-nature-network/,www.mnn.com,left-center,high,no credibility rating available
Israel365 News – Bias and Credibility,https://mediabiasfactcheck.com/israel365-news/,www.israel365news.com,conspiracy,mixed,low credibility
JunkScience.com – Bias and Credibility,https://mediabiasfactcheck.com/junkscience-com/,www.junkscience.com,conspiracy,low,low credibility
Liberty Planet – Bias and Credibility,https://mediabiasfactcheck.com/liberty-planet-bias/,www.libertyplanets.com,conspiracy,VeryLow,low credibility
LiveStrong.com – Bias and Credibility,https://mediabiasfactcheck.com/livestrong-com/,www.livestrong.com,conspiracy,mixed,low credibility
Media Roots – Bias and Credibility,https://mediabiasfactcheck.com/media-roots/,www.mediaroots.org,conspiracy,mixed,no credibility rating available
New Hamburg Independent – Bias and Credibility,https://mediabiasfactcheck.com/new-hamburg-independent-bias/,www.newhamburgindependent.ca,left-center,high,high credibility
New Matilda – Bias and Credibility,https://mediabiasfactcheck.com/new-matilda/,www.newmatilda.com,left-center,high,high credibility
Natural News – Bias and Credibility,https://mediabiasfactcheck.com/natural-news/,www.naturalnews.com,conspiracy,VeryLow,low credibility
Naturally Savvy – Bias and Credibility,https://mediabiasfactcheck.com/naturally-savvy/,www.naturallysavvy.com,conspiracy,mixed,low credibility
News Target – Bias and Credibility,https://mediabiasfactcheck.com/news-target/,www.newstarget.com,conspiracy,low,low credibility
North Delta Reporter – Bias and Credibility,https://mediabiasfactcheck.com/north-delta-reporter-bias/,www.northdeltareporter.com,left-center,high,high credibility
Organic Facts – Bias and Credibility,https://mediabiasfactcheck.com/organic-facts/,www.organicfacts.net,conspiracy,mixed,low credibility
NRC – Bias and Credibility,https://mediabiasfactcheck.com/nrc-bias/,www.nrc.nl,left-center,high,high credibility
Principia Scientific International (PSI) – Bias and Credibility,https://mediabiasfactcheck.com/principia-scientific-international/,www.principia-scientific.org,conspiracy,low,low credibility
QAnon.pub – Bias and Credibility,https://mediabiasfactcheck.com/qanon-pub/,www.qanon.pub,conspiracy,VeryLow,low credibility
RealFarmacy – Bias and Credibility,https://mediabiasfactcheck.com/realfarmacy/,www.realfarmacy.com,conspiracy,low,no credibility rating available
Owatonna People’s Press – Bias and Credibility,https://mediabiasfactcheck.com/owatonna-peoples-press-bias/,www.southernminn.com,left-center,high,high credibility
Panola Watchman – Bias and Credibility,https://mediabiasfactcheck.com/panola-watchman-bias/,www.panolawatchman.com,left-center,high,high credibility
Science Vibe – Bias and Credibility,https://mediabiasfactcheck.com/science-vibe/,www.sciencevibe.com,conspiracy,mixed,no credibility rating available
Catholic Online – Bias and Credibility,https://mediabiasfactcheck.com/catholic-online/,www.catholic.org,conspiracy,mixed,low credibility
ChlorellaFactor.com – Bias and Credibility,https://mediabiasfactcheck.com/chlorellafactor-com/,www.chlorellafactor.com,conspiracy,VeryLow,low credibility
KSKA – NPR – Anchorage – Bias and Credibility,https://mediabiasfactcheck.com/kska-npr-anchorage-bias/,www.alaskapublic.org,left-center,high,high credibility
Climate Depot – Bias and Credibility,https://mediabiasfactcheck.com/climate-depot/,www.climatedepot.com,conspiracy,mixed,low credibility
Collapse.News – Bias and Credibility,https://mediabiasfactcheck.com/collapse-news/,www.collapse.news,conspiracy,VeryLow,low credibility
KVPR – NPR – Fresno – Bias and Credibility,https://mediabiasfactcheck.com/kvpr-npr-fresno-bias/,www.kvpr.org,left-center,high,high credibility
KYUK – NPR – Yukon – Bias and Credibility,https://mediabiasfactcheck.com/kyuk-npr-yukon-bias/,www.kyuk.org,left-center,high,high credibility
Ladysmith Chronicle – Bias and Credibility,https://mediabiasfactcheck.com/ladysmith-chronicle-bias/,www.ladysmithchronicle.com,left-center,high,high credibility
DailyHealthPost – Bias and Credibility,https://mediabiasfactcheck.com/dailyhealthpost/,www.dailyhealthpost.com,conspiracy,low,low credibility
David Wolfe – Bias and Credibility,https://mediabiasfactcheck.com/david-wolfe/,www.davidwolfe.com,conspiracy,mixed,low credibility
Lebanon Reporter – Bias and Credibility,https://mediabiasfactcheck.com/lebanon-reporter-bias/,www.reporter.net,left-center,high,high credibility
Le Sueur County News – Bias and Credibility,https://mediabiasfactcheck.com/le-sueur-county-news-bias/,www.southernminn.com,left-center,high,high credibility
Escape All These Things – Bias and Credibility,https://mediabiasfactcheck.com/escape-all-these-things/,www.escapeallthesethings.com,conspiracy,low,low credibility
Lockport Union-Sun & Journal – Bias and Credibility,https://mediabiasfactcheck.com/lockport-union-sun-journal-bias/,www.lockportjournal.com,left-center,high,high credibility
Freedom Advocates: Agenda 21 – Bias and Credibility,https://mediabiasfactcheck.com/freedom-advocates-agenda-21/,www.freedomadvocates.org,conspiracy,low,low credibility
Markham Economist & Sun – Bias and Credibility,https://mediabiasfactcheck.com/markham-economist-sun-bias/,www.yorkregion.com,left-center,high,high credibility
Maryland Matters – Bias and Credibility,https://mediabiasfactcheck.com/maryland-matters-bias/,www.marylandmatters.org,left-center,high,high credibility
Godlike Productions – Bias and Credibility,https://mediabiasfactcheck.com/godlike-productions/,www.godlikeproductions.com,conspiracy,low,low credibility
Men’s Health – Bias and Credibility,https://mediabiasfactcheck.com/mens-health-bias/,www.menshealth.com,left-center,mostly,high credibility
New Haven Register – Bias and Credibility,https://mediabiasfactcheck.com/new-haven-register/,www.nhregister.com,left-center,high,high credibility
Healthy Food House – Bias and Credibility,https://mediabiasfactcheck.com/healthy-food-house/,www.healthyfoodhouse.com,conspiracy,low,low credibility
Mille Lacs Messenger – Bias and Credibility,https://mediabiasfactcheck.com/mille-lacs-messenger-bias/,www.messagemedia.co,left-center,high,high credibility
ICAN – Informed Consent Action Network – Bias and Credibility,https://mediabiasfactcheck.com/ican-informed-consent-action-network-bias/,www.icandecide.org,conspiracy,low,low credibility
Infinite Unknown – Bias and Credibility,https://mediabiasfactcheck.com/infinite-unknown/,www.infiniteunknown.net,conspiracy,VeryLow,low credibility
Morrison County Record – Bias and Credibility,https://mediabiasfactcheck.com/morrison-county-record-bias/,www.hometownsource.com,left-center,high,high credibility
MSN.com (MSN News) – Bias and Credibility,https://mediabiasfactcheck.com/msn-com/,www.msn.com,left-center,high,high credibility
Naples Daily News – Bias and Credibility,https://mediabiasfactcheck.com/naples-daily-news/,www.naplesnews.com,left-center,high,high credibility
Libtards.News – Bias and Credibility,https://mediabiasfactcheck.com/libtards-news/,www.libtards.news,conspiracy,VeryLow,low credibility
Living Whole – Bias and Credibility,https://mediabiasfactcheck.com/living-whole/,www.livingwhole.org,conspiracy,mixed,low credibility
Medical Censorship News – Bias and Credibility,https://mediabiasfactcheck.com/medical-censorship-news-bias/,www.medicalcensorship.com,conspiracy,VeryLow,low credibility
New Europe – Bias and Credibility,https://mediabiasfactcheck.com/new-europe/,www.neweurope.eu,left-center,high,high credibility
Newmarket Era – Bias and Credibility,https://mediabiasfactcheck.com/newmarket-era-bias/,www.yorkregion.com,left-center,high,high credibility
NewsCenterMaine.com – Bias and Credibility,https://mediabiasfactcheck.com/newscentermaine-com/,www.newscentermaine.com,left-center,high,high credibility
Newsday – Bias and Credibility,https://mediabiasfactcheck.com/newsday/,www.newsday.com,left-center,high,high credibility
NewsInsideOut.com – Bias and Credibility,https://mediabiasfactcheck.com/newsinsideout-com/,www.newsinsideout.com,conspiracy,low,low credibility
Now the End Begins – Bias and Credibility,https://mediabiasfactcheck.com/now-the-end-begins/,www.nowtheendbegins.com,conspiracy,VeryLow,low credibility
North Shore News – Bias and Credibility,https://mediabiasfactcheck.com/north-shore-news-bias/,www.nsnews.com,left-center,high,high credibility
Novinky.cz (Pravo) – Bias and Credibility,https://mediabiasfactcheck.com/novinky-cz-pravo/,www.novinky.cz,left-center,mostly,high credibility
Oakville Beaver – Bias and Credibility,https://mediabiasfactcheck.com/oakville-beaver-bias/,www.insidehalton.com,left-center,high,high credibility
Prevention Magazine – Bias and Credibility,https://mediabiasfactcheck.com/prevention-magazine/,www.prevention.com,conspiracy,mixed,low credibility
Prophecy Today – Bias and Credibility,https://mediabiasfactcheck.com/prophecy-today/,www.jimmydeyoungjr.org,conspiracy,low,low credibility
Oskaloosa Herald – Bias and Credibility,https://mediabiasfactcheck.com/oskaloosa-herald-bias/,www.oskaloosa.com,left-center,high,high credibility
Renegade Tribune – Bias and Credibility,https://mediabiasfactcheck.com/renegade-tribune-bias/,www.renegadetribune.com,conspiracy,VeryLow,low credibility
Palm Beach Daily News – Bias and Credibility,https://mediabiasfactcheck.com/palm-beach-daily-news/,www.palmbeachdailynews.com,left-center,high,high credibility
KOVR – CBS Sacramento – Bias and Credibility,https://mediabiasfactcheck.com/kovr-cbs-sacramento/,sacramento.cbslocal.com,left-center,high,high credibility
Creation Ministries International – Bias and Credibility,https://mediabiasfactcheck.com/christian-ministries-international/,www.creation.com,conspiracy,low,low credibility
KTRK – ABC13 – Houston – Bias and Credibility,https://mediabiasfactcheck.com/ktrk-abc13-houston-bias/,www.abc13.com,left-center,high,high credibility
KUAZ – NPR – Tucson – Bias and Credibility,https://mediabiasfactcheck.com/kuaz-npr-tucson-bias/,news.azpm.org,left-center,high,high credibility
KXPR – NPR – Sacramento – Bias and Credibility,https://mediabiasfactcheck.com/kxpr-npr-sacramento-bias/,www.capradio.org,left-center,high,high credibility
KZYX – NPR – Philo – Bias and Credibility,https://mediabiasfactcheck.com/kzyx-npr-philo-bias/,www.kzyx.org,left-center,high,high credibility
Lafayette Journal & Courier – Bias and Credibility,https://mediabiasfactcheck.com/lafayette-journal-courier-bias/,www.jconline.com,left-center,high,high credibility
Dark Journalist – Bias and Credibility,https://mediabiasfactcheck.com/dark-journalist/,www.darkjournalist.com,conspiracy,low,low credibility
Disobedient Media – Bias and Credibility,https://mediabiasfactcheck.com/disobedient-media/,www.disobedientmedia.com,conspiracy,mixed,no credibility rating available
Earthpulse Press – Bias and Credibility,https://mediabiasfactcheck.com/earthpulse-press/,www.earthpulse.com,conspiracy,low,low credibility
Eluxe Magazine – Bias and Credibility,https://mediabiasfactcheck.com/eluxe-magazine/,www.eluxemagazine.com,conspiracy,mixed,low credibility
Evolution News and Science Today – Bias and Credibility,https://mediabiasfactcheck.com/evolution-news-and-views/,www.evolutionnews.org,conspiracy,low,low credibility
Los Angeles Magazine – Bias and Credibility,https://mediabiasfactcheck.com/los-angeles-magazine/,www.lamag.com,left-center,high,high credibility
Front Line Covid-19 Critical Care Alliance (FLCCC) – Bias and Credibility,https://mediabiasfactcheck.com/front-line-covid-19-critical-care-alliance-flccc-bias/,www.covid19criticalcare.com,conspiracy,low,low credibility
GeoEngineering Watch – Bias and Credibility,https://mediabiasfactcheck.com/geoengineering-watch/,www.geoengineeringwatch.org,conspiracy,low,low credibility
GMO Watch Bias – Bias and Credibility,https://mediabiasfactcheck.com/gmo-watch-bias/,www.gmowatch.com,conspiracy,mixed,low credibility
Government Slaves – Bias and Credibility,https://mediabiasfactcheck.com/government-slaves/,www.govtslaves.com,conspiracy,VeryLow,low credibility
Metro (Philadelphia) – Bias and Credibility,https://mediabiasfactcheck.com/metro/,www.metro.us,left-center,high,high credibility
Health Sciences Institute – Bias and Credibility,https://mediabiasfactcheck.com/health-sciences-institute/,www.hsionline.com,conspiracy,low,low credibility
Herb – Bias and Credibility,https://mediabiasfactcheck.com/herb/,www.herb.co,conspiracy,mixed,low credibility
Mineral Wells Index – Bias and Credibility,https://mediabiasfactcheck.com/mineral-wells-index-bias/,www.weatherforddemocrat.com,left-center,high,high credibility
Independent Science News – Bias and Credibility,https://mediabiasfactcheck.com/independent-science-news/,www.independentsciencenews.org,conspiracy,mixed,low credibility
Institute for Responsible Technology – Bias and Credibility,https://mediabiasfactcheck.com/institute-for-responsible-technology/,www.responsibletechnology.org,conspiracy,mixed,low credibility
Mothership – Bias and Credibility,https://mediabiasfactcheck.com/mothership-singapore/,www.mothership.sg,left-center,mixed,medium credibility
Naked Capitalism – Bias and Credibility,https://mediabiasfactcheck.com/naked-capitalism/,www.nakedcapitalism.com,left-center,high,no credibility rating available
National Newswatch – Bias and Credibility,https://mediabiasfactcheck.com/national-newswatch/,www.nationalnewswatch.com,left-center,mostly,high credibility
NBC 5 Dallas-Fort Worth – KXAS – Bias and Credibility,https://mediabiasfactcheck.com/nbc-5-dallas-fort-worth-kxas-bias/,www.nbcdfw.com,left-center,high,high credibility
NDTV – Bias and Credibility,https://mediabiasfactcheck.com/ndtv/,www.ndtv.com,left-center,mixed,medium credibility
Medicine News – Bias and Credibility,https://mediabiasfactcheck.com/medicine-news/,www.medicine.news,conspiracy,VeryLow,low credibility
NationalSecurity.News – Bias and Credibility,https://mediabiasfactcheck.com/nationalsecurity-news/,www.nationalsecurity.news,conspiracy,VeryLow,low credibility
NaturalMedicine.News – Bias and Credibility,https://mediabiasfactcheck.com/naturalmedicine-news/,www.naturalmedicine.news,conspiracy,VeryLow,low credibility
Natural Society – Bias and Credibility,https://mediabiasfactcheck.com/natural-society/,www.naturalsociety.com,conspiracy,mixed,low credibility
Niagara Falls Review – Bias and Credibility,https://mediabiasfactcheck.com/niagara-falls-review-bias/,www.niagarafallsreview.ca,left-center,high,high credibility
NutrientReference.com – Bias and Credibility,https://mediabiasfactcheck.com/nutrientreference-com/,www.nutrientreference.com,conspiracy,VeryLow,low credibility
Online Updates – Bias and Credibility,https://mediabiasfactcheck.com/online-updates/,www.no url available,conspiracy,mixed,low credibility
PaulCraigRoberts.org – Bias and Credibility,https://mediabiasfactcheck.com/paulcraigroberts-org-bias/,www.paulcraigroberts.org,conspiracy,VeryLow,low credibility
Pollution.News – Bias and Credibility,https://mediabiasfactcheck.com/pollution-news/,www.pollution.news,conspiracy,VeryLow,low credibility
Okotoks Western Wheel – Bias and Credibility,https://mediabiasfactcheck.com/okotoks-western-wheel-bias/,www.westernwheel.ca,left-center,high,high credibility
Orangeville Banner – Bias and Credibility,https://mediabiasfactcheck.com/orangeville-banner-bias/,www.orangeville.com,left-center,high,high credibility
Real News 24 – Bias and Credibility,https://mediabiasfactcheck.com/real-news-24/,www.realnews24.com,conspiracy,low,low credibility
Outside The Beltway – Bias and Credibility,https://mediabiasfactcheck.com/outside-the-beltway/,www.outsidethebeltway.com,left-center,high,high credibility
Science.News – Bias and Credibility,https://mediabiasfactcheck.com/science-news-2/,www.science.news,conspiracy,VeryLow,low credibility
Signs of the Times (SOTT) – Bias and Credibility,https://mediabiasfactcheck.com/signs-of-the-times-sott/,www.sott.net,conspiracy,low,low credibility
C19ic.com – Bias and Credibility,https://mediabiasfactcheck.com/c19ic-com-bias/,www.c19ic.com,right,mixed,low credibility
KPCC – NPR – Pasadena – Bias and Credibility,https://mediabiasfactcheck.com/kpcc-npr-pasadena-bias/,www.kpcc.org,left-center,high,high credibility
Christian Science – Bias and Credibility,https://mediabiasfactcheck.com/christian-science/,www.christianscience.com,conspiracy,low,low credibility
Climate Etc – Judith Curry – Bias and Credibility,https://mediabiasfactcheck.com/climate-etc/,www.judithcurry.com,conspiracy,mixed,low credibility
KUCB – NPR – Unalaska – Bias and Credibility,https://mediabiasfactcheck.com/kucb-npr-unalaska-bias/,www.kucb.org,left-center,high,high credibility
Corruptico – Bias and Credibility,https://mediabiasfactcheck.com/corruptico-bias-and-credibility/,www.corruptico.com,conspiracy,VeryLow,low credibility
CreationWiki – Bias and Credibility,https://mediabiasfactcheck.com/creationwiki/,www.creationwiki.org,conspiracy,low,low credibility
DailyClout – Bias and Credibility,https://mediabiasfactcheck.com/dailyclout-bias/,www.dailyclout.io,conspiracy,VeryLow,low credibility
La Repubblica – Bias and Credibility,https://mediabiasfactcheck.com/la-repubblica/,www.repubblica.it,left-center,high,high credibility
Latin Times – Bias and Credibility,https://mediabiasfactcheck.com/latin-times/,www.latintimes.com,left-center,high,high credibility
Le Monde – Bias and Credibility,https://mediabiasfactcheck.com/le-monde-bias/,www.lemonde.fr,left-center,high,no credibility rating available
Lexington Herald Leader – Bias and Credibility,https://mediabiasfactcheck.com/lexington-herald-leader/,www.kentucky.com,left-center,high,high credibility
Lincoln Courier – Bias and Credibility,https://mediabiasfactcheck.com/lincoln-courier-bias/,www.lincolncourier.com,left-center,high,high credibility
Food Babe – Bias and Credibility,https://mediabiasfactcheck.com/food-babe/,www.foodbabe.com,conspiracy,mixed,low credibility
Mad in America – Bias and Credibility,https://mediabiasfactcheck.com/mad-in-america/,www.madinamerica.com,left-center,mostly,high credibility
Manila Bulletin – Bias and Credibility,https://mediabiasfactcheck.com/manila-bulletin/,mb.com.ph,left-center,mixed,medium credibility
Market Realist – Bias and Credibility,https://mediabiasfactcheck.com/market-realist-bias/,www.marketrealist.com,left-center,high,high credibility
Glitch.News – Bias and Credibility,https://mediabiasfactcheck.com/glitch-news/,www.glitch.news,conspiracy,VeryLow,low credibility
Goop – Bias and Credibility,https://mediabiasfactcheck.com/goop/,www.goop.com,conspiracy,low,low credibility
Men’s Journal – Bias and Credibility,https://mediabiasfactcheck.com/mens-journal-bias/,www.mensjournal.com,left-center,mostly,high credibility
Mexico News Daily – Bias and Credibility,https://mediabiasfactcheck.com/mexico-daily-news/,www.mexiconewsdaily.com,left-center,high,high credibility
Healthy Holistic Living – Bias and Credibility,https://mediabiasfactcheck.com/healthy-holistic-living/,www.healthy-holistic-living.com,conspiracy,low,low credibility
Homeopathy Journal – Bias and Credibility,https://mediabiasfactcheck.com/homeopathy-journal/,www.thieme-connect.com,conspiracy,mixed,low credibility
I Heart Intelligence – Bias and Credibility,https://mediabiasfactcheck.com/i-heart-intelligence/,www.iheartintelligence.com,conspiracy,mixed,low credibility
Montgomery Advertiser – Bias and Credibility,https://mediabiasfactcheck.com/montgomery-advertiser-bias/,www.montgomeryadvertiser.com,left-center,high,high credibility
International Climate Science Coalition – Bias and Credibility,https://mediabiasfactcheck.com/international-climate-science-coalition/,www.climatescienceinternational.org,conspiracy,low,low credibility
Jeda News – Bias and Credibility,https://mediabiasfactcheck.com/jeda-news/,www.jedanews.com,conspiracy,low,low credibility
Nanaimo News Bulletin – Bias and Credibility,https://mediabiasfactcheck.com/nanaimo-news-bulletin-bias/,www.nanaimobulletin.com,left-center,high,high credibility
Liberty.News – Bias and Credibility,https://mediabiasfactcheck.com/liberty-news-2/,www.liberty.news,conspiracy,VeryLow,low credibility
Natural Resource Governance Institute – Bias and Credibility,https://mediabiasfactcheck.com/natural-resource-governance-institute/,www.resourcegovernance.org,left-center,high,high credibility
NBC News – Bias and Credibility,https://mediabiasfactcheck.com/nbc-news/,www.nbcnews.com,left-center,high,high credibility
Medical Kidnap – Bias and Credibility,https://mediabiasfactcheck.com/medical-kidnap/,www.medicalkidnap.com,conspiracy,VeryLow,low credibility
Modern Alternative Mama – Bias and Credibility,https://mediabiasfactcheck.com/modern-alternative-mama/,www.modernalternativemama.com,conspiracy,mixed,low credibility
Natural Health 365 – Bias and Credibility,https://mediabiasfactcheck.com/natural-health-365/,www.naturalhealth365.com,conspiracy,low,low credibility
Natural News Radio – Bias and Credibility,https://mediabiasfactcheck.com/natural-news-radio/,www.naturalnewsradio.com,conspiracy,VeryLow,low credibility
Scripps News (Newsy) – Bias and Credibility,https://mediabiasfactcheck.com/newsy/,www.scrippsnews.com,left-center,high,high credibility
Nieman Journalism Lab – Bias and Credibility,https://mediabiasfactcheck.com/nieman-journalism-lab-bias/,www.niemanlab.org,left-center,high,high credibility
North Island Gazette – Bias and Credibility,https://mediabiasfactcheck.com/north-island-gazette-bias/,www.northislandgazette.com,left-center,high,high credibility
North York Mirror – Bias and Credibility,https://mediabiasfactcheck.com/north-york-mirror-bias/,www.therecord.com,left-center,high,high credibility
Patriots For Truth – Bias and Credibility,https://mediabiasfactcheck.com/patriots-for-truth/,www.patriots4truth.org,conspiracy,VeryLow,low credibility
Oak Bay News – Bias and Credibility,https://mediabiasfactcheck.com/oak-bay-news-bias/,www.oakbaynews.com,left-center,high,high credibility
Oil and Water Don’t Mix – Bias and Credibility,https://mediabiasfactcheck.com/oil-and-water-dont-mix/,www.oilandwaterdontmix.org,left-center,high,high credibility
Open the Government (POGO) – Bias and Credibility,https://mediabiasfactcheck.com/open-the-government/,www.pogo.org,left-center,mostly,medium credibility
Real Jew News – Bias and Credibility,https://mediabiasfactcheck.com/real-jew-news/,www.realjewnews.com,conspiracy,VeryLow,low credibility
Outside Online – Bias and Credibility,https://mediabiasfactcheck.com/outside-online-bias/,www.outsideonline.com,left-center,high,high credibility
Citizens for Legitimate Government (CLG News) – Bias and Credibility,https://mediabiasfactcheck.com/citizens-for-legitimate-government-clg-news/,www.legitgov.org,conspiracy,mixed,low credibility
CNN So Fake News – Bias and Credibility,https://mediabiasfactcheck.com/cnn-so-fake-news/,www.cnnsofake.news,conspiracy,VeryLow,low credibility
Conscious Life News – Bias and Credibility,https://mediabiasfactcheck.com/conscious-life-news/,www.consciouslifenews.com,conspiracy,mixed,low credibility
KUSC – NPR – Los Angeles – Bias and Credibility,https://mediabiasfactcheck.com/kusc-npr-los-angeles-bias/,www.kusc.org,left-center,high,high credibility
Laconia Daily Sun – Bias and Credibility,https://mediabiasfactcheck.com/laconia-daily-sun/,www.laconiadailysun.com,left-center,high,high credibility
Lake Country Calendar – Bias and Credibility,https://mediabiasfactcheck.com/lake-country-calendar-bias/,www.lakecountrycalendar.com,left-center,high,high credibility
David Icke – Bias and Credibility,https://mediabiasfactcheck.com/david-icke/,www.davidicke.com,conspiracy,VeryLow,no credibility rating available
Laurel Outlook – Bias and Credibility,https://mediabiasfactcheck.com/laurel-outlook-bias/,www.laureloutlook.com,left-center,high,high credibility
LessWrong – Bias and Credibility,https://mediabiasfactcheck.com/lesswrong-bias/,www.lesswrong.com,left-center,mixed,medium credibility
Lewiston News-Argus – Bias and Credibility,https://mediabiasfactcheck.com/lewiston-news-argus-bias/,www.lewistownnews.com,left-center,high,high credibility
Livingston County Daily Press & Argus – Bias and Credibility,https://mediabiasfactcheck.com/livingston-county-daily-press-argus-bias/,www.livingstondaily.com,left-center,high,high credibility
LondonNewsToday – Bias and Credibility,https://mediabiasfactcheck.com/londonnewstoday-bias/,www.londonnewstoday.ca,left-center,high,high credibility
Food.News – Bias and Credibility,https://mediabiasfactcheck.com/food-news/,www.food.news,conspiracy,VeryLow,low credibility
Freedomain – Stephen Molyneux – Bias and Credibility,https://mediabiasfactcheck.com/freedomain-radio/,www.freedomainradio.com,conspiracy,low,low credibility
Maplight – Bias and Credibility,https://mediabiasfactcheck.com/maplight/,www.maplight.org,left-center,high,no credibility rating available
Martinsville Reporter-Times – Bias and Credibility,https://mediabiasfactcheck.com/martinsville-reporter-times-bias/,www.reporter-times.com,left-center,high,high credibility
Maryland Independent – Bias and Credibility,https://mediabiasfactcheck.com/maryland-independent-bias/,www.somdnews.com,left-center,high,high credibility
GMWatch – Bias and Credibility,https://mediabiasfactcheck.com/gmwatch/,www.gmwatch.org,conspiracy,mixed,low credibility
Medium – Bias and Credibility,https://mediabiasfactcheck.com/medium/,www.medium.com,left-center,mixed,medium credibility
Health Impact News – Bias and Credibility,https://mediabiasfactcheck.com/health-impact-news/,www.healthimpactnews.com,conspiracy,VeryLow,low credibility
Mic – Bias and Credibility,https://mediabiasfactcheck.com/mic/,www.mic.com,left-center,mixed,medium credibility
Milken Institute – Bias and Credibility,https://mediabiasfactcheck.com/milken-institute-bias/,www.no url available,left-center,high,high credibility
Humans Are Free – Bias and Credibility,https://mediabiasfactcheck.com/humans-are-free/,www.humansarefree.com,conspiracy,low,low credibility
Mississippi Today – Bias and Credibility,https://mediabiasfactcheck.com/mississippi-today-bias/,www.mississippitoday.org,left-center,high,high credibility
Ingredients.News – Bias and Credibility,https://mediabiasfactcheck.com/ingredients-news/,www.ingredients.news,conspiracy,VeryLow,low credibility
Iowa Climate Science Education – Bias and Credibility,https://mediabiasfactcheck.com/iowa-climate-science-education/,www.iowaclimate.org,conspiracy,low,low credibility
Moultrie Observer – Bias and Credibility,https://mediabiasfactcheck.com/moultrie-observer-bias/,www.moultrieobserver.com,left-center,high,high credibility
LearnTheRisk.org – Bias and Credibility,https://mediabiasfactcheck.com/learntherisk-org/,www.learntherisk.org,conspiracy,VeryLow,low credibility
National Youth Rights Association – Bias and Credibility,https://mediabiasfactcheck.com/national-youth-rights-association/,www.youthrights.org,left-center,high,high credibility
NBC Chicago – WMAQ – Bias and Credibility,https://mediabiasfactcheck.com/nbc-chicago-wmaq-bias/,www.nbcchicago.com,left-center,high,high credibility
Media Fact Watch – Bias and Credibility,https://mediabiasfactcheck.com/media-fact-watch/,www.mediafactwatch.com,conspiracy,VeryLow,low credibility
Medical Medium – Bias and Credibility,https://mediabiasfactcheck.com/medical-medium/,www.medicalmedium.com,conspiracy,low,low credibility
New Left Review – Bias and Credibility,https://mediabiasfactcheck.com/new-left-review/,www.newleftreview.org,left-center,high,high credibility
NaturalCures.com – Bias and Credibility,https://mediabiasfactcheck.com/natural-cures/,www.naturalcures.com,conspiracy,mixed,low credibility
NaturalPedia.com – Bias and Credibility,https://mediabiasfactcheck.com/naturalpedia-com/,www.naturalpedia.com,conspiracy,VeryLow,low credibility
Neuronation – Bias and Credibility,https://mediabiasfactcheck.com/neuronation/,www.neuronation.com,conspiracy,mixed,low credibility
Niskanen Center – Bias and Credibility,https://mediabiasfactcheck.com/niskanen-center/,www.niskanencenter.org,left-center,high,high credibility
OffGuardian – Bias and Credibility,https://mediabiasfactcheck.com/offguardian/,www.off-guardian.org,conspiracy,mixed,low credibility
Norwich Bulletin – Bias and Credibility,https://mediabiasfactcheck.com/norwich-bulletin-bias/,www.norwichbulletin.com,left-center,high,high credibility
OC Weekly – Bias and Credibility,https://mediabiasfactcheck.com/oc-weekly/,www.ocweekly.com,left-center,high,no credibility rating available
Prophecy News Watch – Bias and Credibility,https://mediabiasfactcheck.com/prophecy-news-watch/,www.prophecynewswatch.com,conspiracy,low,low credibility
Real Climate Science – Bias and Credibility,https://mediabiasfactcheck.com/real-climate-science/,www.realclimatescience.com,conspiracy,low,low credibility
RedPill Project – Bias and Credibility,https://mediabiasfactcheck.com/redpill-project-bias/,www.redpillpodcasts.com,conspiracy,VeryLow,low credibility
Palestine Herald-Press – Bias and Credibility,https://mediabiasfactcheck.com/palestine-herald-press-bias/,www.palestineherald.com,left-center,high,high credibility
SGT Report – Bias and Credibility,https://mediabiasfactcheck.com/sgt-report/,www.sgtreport.com,conspiracy,low,low credibility
KUAR – NPR – Little Rock – Bias and Credibility,https://mediabiasfactcheck.com/kuar-npr-little-rock-bias/,www.ualrpublicradio.org,left-center,high,high credibility
Corey’s Digs – Bias and Credibility,https://mediabiasfactcheck.com/coreys-digs/,www.coreysdigs.com,conspiracy,low,low credibility
CS Globe – Bias and Credibility,https://mediabiasfactcheck.com/cs-globe/,www.csglobe.com,conspiracy,low,no credibility rating available
Daily Grail – Bias and Credibility,https://mediabiasfactcheck.com/daily-grail/,www.dailygrail.com,conspiracy,mixed,low credibility
La Stampa – Bias and Credibility,https://mediabiasfactcheck.com/la-stampa/,www.lastampa.it,left-center,high,high credibility
Doctors for Covid Ethics – Bias and Credibility,https://mediabiasfactcheck.com/doctors-for-covid-ethics/,www.doctors4covidethics.org,conspiracy,VeryLow,low credibility
Ecology News – Bias and Credibility,https://mediabiasfactcheck.com/ecology-news/,www.ecology.news,conspiracy,VeryLow,low credibility
Environmental Working Group (EWG) – Bias and Credibility,https://mediabiasfactcheck.com/environmental-working-group-ewg/,www.ewg.org,conspiracy,mixed,low credibility
Livingston Enterprise – Bias and Credibility,https://mediabiasfactcheck.com/livingston-enterprise-bias/,www.livingstonenterprise.com,left-center,high,high credibility
Mainichi Shimbun – Bias and Credibility,https://mediabiasfactcheck.com/mainichi-shimbun-bias-credibility/,www.mainichi.jp,left-center,high,high credibility
Freeworldnews.TV – Bias and Credibility,https://mediabiasfactcheck.com/freeworldnews-tv/,www.freeworldnews.tv,conspiracy,VeryLow,low credibility
Marlboro Enquirer-Gazette – Bias and Credibility,https://mediabiasfactcheck.com/marlboro-enquirer-gazette/,www.somdnews.com,left-center,high,high credibility
Global Skywatch – Bias and Credibility,https://mediabiasfactcheck.com/global-skywatch/,www.globalskywatch.com,conspiracy,low,low credibility
Got Questions (gotquestions.org) – Bias and Credibility,https://mediabiasfactcheck.com/got-questions-gotquestions-org/,www.gotquestions.org,conspiracy,low,low credibility
Healing Food Reference – Bias and Credibility,https://mediabiasfactcheck.com/healing-food-reference/,www.healingfoodreference.com,conspiracy,VeryLow,low credibility
Health Ranger Report – Bias and Credibility,https://mediabiasfactcheck.com/health-ranger-report/,www.healthrangerreport.com,conspiracy,VeryLow,low credibility
Henry Makow (savethemales.ca) – Bias and Credibility,https://mediabiasfactcheck.com/henry-makow-savethemales-ca/,www.savethemales.ca,conspiracy,low,low credibility
Home Vaccine Education Network – Bias and Credibility,https://mediabiasfactcheck.com/home-vaccine-education-network-bias/,www.homevaccineeducationnetwork.com,conspiracy,VeryLow,low credibility
MinnPost – Bias and Credibility,https://mediabiasfactcheck.com/minnpost/,www.minnpost.com,left-center,high,high credibility
Infowars-Alex Jones – Bias and Credibility,https://mediabiasfactcheck.com/infowars-alex-jones/,www.infowars.com,conspiracy,VeryLow,low credibility
Moscow Times – Bias and Credibility,https://mediabiasfactcheck.com/moscow-times/,www.themoscowtimes.com,left-center,high,high credibility
Jehovah’s Witnesses (jw.org) – Bias and Credibility,https://mediabiasfactcheck.com/jehovahs-witnesses-jw-org/,www.jw.org,conspiracy,low,low credibility
LaRouche PAC – Bias and Credibility,https://mediabiasfactcheck.com/larouche-pac/,www.larouchepac.com,conspiracy,low,low credibility
National Observer (Canada) – Bias and Credibility,https://mediabiasfactcheck.com/national-observer-canada/,www.nationalobserver.com,left-center,high,high credibility
NBC 10 Philadelphia – WCAU – Bias and Credibility,https://mediabiasfactcheck.com/nbc-10-philadelphia-wcau-bias/,www.nbcphiladelphia.com,left-center,high,high credibility
NBCNewYork.com – Bias and Credibility,https://mediabiasfactcheck.com/nbcnewyork-com/,www.nbcnewyork.com,left-center,high,high credibility
New Castle News – Bias and Credibility,https://mediabiasfactcheck.com/new-castle-news/,www.ncnewsonline.com,left-center,high,high credibility
National File – Bias and Credibility,https://mediabiasfactcheck.com/national-file/,www.nationalfile.com,conspiracy,low,low credibility
CityNews Vancouver – Bias and Credibility,https://mediabiasfactcheck.com/news1130-city-news/,vancouver.citynews.ca,left-center,high,high credibility
New York Times – Bias and Credibility,https://mediabiasfactcheck.com/new-york-times/,www.nytimes.com,left-center,high,high credibility
NewsHub – Bias and Credibility,https://mediabiasfactcheck.com/newshub-bias/,www.newshub.co.nz,left-center,mostly,high credibility
Niagara This Week – Bias and Credibility,https://mediabiasfactcheck.com/niagara-this-week-bias/,www.niagarathisweek.com,left-center,high,high credibility
Northfield News – Bias and Credibility,https://mediabiasfactcheck.com/northfield-news-bias/,www.southernminn.com,left-center,high,high credibility
Our Health Guides – Bias and Credibility,https://mediabiasfactcheck.com/our-health-guides/,www.ourhealthguides.com,conspiracy,low,no credibility rating available
Philosophers Stone – Bias and Credibility,https://mediabiasfactcheck.com/philosophers-stone-bias/,www.philosophers-stone.info,conspiracy,VeryLow,low credibility
OneIndia – Bias and Credibility,https://mediabiasfactcheck.com/oneindia/,www.oneindia.com,left-center,mixed,medium credibility
RandPaul.News – Bias and Credibility,https://mediabiasfactcheck.com/randpaul-news/,www.randpaul.news,conspiracy,VeryLow,low credibility
Osseo-Maple Grove Press – Bias and Credibility,https://mediabiasfactcheck.com/osseo-maple-grove-press-bias/,www.hometownsource.com,left-center,high,high credibility
Return to Now – Bias and Credibility,https://mediabiasfactcheck.com/return-to-now/,www.returntonow.net,conspiracy,low,no credibility rating available
Panama City News-Herald – Bias and Credibility,https://mediabiasfactcheck.com/panama-city-news-herald-bias/,www.newsherald.com,left-center,high,high credibility
Pauls Valley Democrat – Bias and Credibility,https://mediabiasfactcheck.com/pauls-valley-democrat-bias/,www.paulsvalleydailydemocrat.com,left-center,high,high credibility
Stormfront – Bias and Credibility,https://mediabiasfactcheck.com/stormfront/,www.stormfront.org,conspiracy,VeryLow,low credibility
Technocracy News – Bias and Credibility,https://mediabiasfactcheck.com/technocracy-news/,www.technocracy.news,conspiracy,VeryLow,low credibility
Pique NewsMagazine – Bias and Credibility,https://mediabiasfactcheck.com/pique-newsmagazine-bias/,www.piquenewsmagazine.com,left-center,high,high credibility
Middle East Eye – Bias and Credibility,https://mediabiasfactcheck.com/middle-east-eye/,www.middleeasteye.net,left-center,mostly,high credibility
Milledgeville Union-Recorder – Bias and Credibility,https://mediabiasfactcheck.com/milledgeville-union-recorder-bias/,www.unionrecorder.com,left-center,high,high credibility
iHealthtube – Bias and Credibility,https://mediabiasfactcheck.com/ihealthtube/,www.ihealthtube.com,conspiracy,low,low credibility
Information Clearing House – Bias and Credibility,https://mediabiasfactcheck.com/information-clearing-house/,www.informationclearinghouse.info,conspiracy,mixed,low credibility
Mother Jones – Bias and Credibility,https://mediabiasfactcheck.com/mother-jones/,www.motherjones.com,left-center,high,high credibility
MyCentralJersey.com – Bias and Credibility,https://mediabiasfactcheck.com/mycentraljersey-com/,www.mycentraljersey.com,left-center,high,high credibility
National Monitor – Bias and Credibility,https://mediabiasfactcheck.com/leftcenter/national-monitor/,www.natmonitor.com,left-center,high,high credibility
Nature Conservancy – Bias and Credibility,https://mediabiasfactcheck.com/nature-conservancy/,www.nature.org,left-center,high,high credibility
MadMaxWorld.tv – Bias and Credibility,https://mediabiasfactcheck.com/madmaxworld-tv-bias/,www.madmaxworld.tv,conspiracy,VeryLow,low credibility
Newburyport Daily News – Bias and Credibility,https://mediabiasfactcheck.com/newburyport-daily-news-bias/,www.newburyportnews.com,left-center,high,high credibility
MindBodyGreen – Bias and Credibility,https://mediabiasfactcheck.com/mindbodygreen/,www.mindbodygreen.com,conspiracy,mixed,low credibility
NaturalNewsBlogs – Bias and Credibility,https://mediabiasfactcheck.com/naturalnewsblogs/,www.naturalnewsblogs.com,conspiracy,VeryLow,low credibility
Neon Nettle – Bias and Credibility,https://mediabiasfactcheck.com/neon-nettle/,www.neonnettle.com,conspiracy,low,low credibility
North Bay Bohemian – Bias and Credibility,https://mediabiasfactcheck.com/bohemian/,www.bohemian.com,left-center,mostly,high credibility
Northumberland News – Bias and Credibility,https://mediabiasfactcheck.com/northumberland-news-bias/,www.northumberlandnews.com,left-center,high,high credibility
NPR (National Public Radio) – Bias and Credibility,https://mediabiasfactcheck.com/npr/,www.npr.org,left-center,high,high credibility
Primary Doctor Medical Journal – Bias and Credibility,https://mediabiasfactcheck.com/primary-doctor-medical-journal/,www.pdmj.org,conspiracy,VeryLow,low credibility
Orillia Today – Bias and Credibility,https://mediabiasfactcheck.com/orillia-today-bias/,www.simcoe.com,left-center,high,high credibility
Ottumwa Courier – Bias and Credibility,https://mediabiasfactcheck.com/ottumwa-courier-bias/,www.ottumwacourier.com,left-center,high,high credibility
Pacific Standard Magazine – Bias and Credibility,https://mediabiasfactcheck.com/pacific-standard-magazine/,www.psmag.com,left-center,high,high credibility
Parksville Qualicum Beach News – Bias and Credibility,https://mediabiasfactcheck.com/parksville-qualicum-beach-news-bias/,www.pqbnews.com,left-center,high,high credibility
Pekin Daily Times – Bias and Credibility,https://mediabiasfactcheck.com/pekin-daily-times-bias/,www.pekintimes.com,left-center,high,high credibility
Pharos Tribune – Bias and Credibility,https://mediabiasfactcheck.com/pharos-tribune-bias/,www.pharostribune.com,left-center,high,high credibility
The Automatic Earth – Bias and Credibility,https://mediabiasfactcheck.com/the-automatic-earth/,www.theautomaticearth.com,conspiracy,low,low credibility
Politico – Bias and Credibility,https://mediabiasfactcheck.com/politico/,www.politico.com,left-center,high,high credibility
Pontiac Daily Leader – Bias and Credibility,https://mediabiasfactcheck.com/pontiac-daily-leader-bias/,www.pontiacdailyleader.com,left-center,high,high credibility
Portland Tribune – Bias and Credibility,https://mediabiasfactcheck.com/portland-tribune/,www.portlandtribune.com,left-center,high,high credibility
The Trumpet – Bias and Credibility,https://mediabiasfactcheck.com/the-trumpet/,www.thetrumpet.com,conspiracy,mixed,low credibility
Thinking Humanity – Bias and Credibility,https://mediabiasfactcheck.com/thinking-humanity/,www.thinkinghumanity.com,conspiracy,low,low credibility
Princeton Union-Times – Bias and Credibility,https://mediabiasfactcheck.com/princeton-union-times-bias/,www.hometownsource.com,left-center,high,high credibility
Protocol – Bias and Credibility,https://mediabiasfactcheck.com/protocol-bias/,www.protocol.com,left-center,high,high credibility
Vaccines Revealed – Bias and Credibility,https://mediabiasfactcheck.com/vaccines-revealed/,www.vrevealed.com,conspiracy,VeryLow,low credibility
Vigilant Citizen – Bias and Credibility,https://mediabiasfactcheck.com/vigilant-citizen/,www.vigilantcitizen.com,conspiracy,low,low credibility
Relevant Magazine – Bias and Credibility,https://mediabiasfactcheck.com/relevant-magazine/,www.relevantmagazine.com,left-center,high,high credibility
RetailWire – Bias and Credibility,https://mediabiasfactcheck.com/retailwire-bias/,www.retailwire.com,left-center,high,high credibility
X22 Report – Bias and Credibility,https://mediabiasfactcheck.com/x22-report/,www.x22report.com,conspiracy,low,low credibility
Rocky Mountain Outlook – Bias and Credibility,https://mediabiasfactcheck.com/rocky-mountain-outlook-bias/,www.rmoutlook.com,left-center,high,high credibility
Salina Journal – Bias and Credibility,https://mediabiasfactcheck.com/salina-journal-bias/,www.salina.com,left-center,high,high credibility
Alliance Defending Freedom – Bias and Credibility,https://mediabiasfactcheck.com/alliance-defending-freedom/,www.adflegal.org,extreme-right,low,low credibility
Scarborough Mirror – Bias and Credibility,https://mediabiasfactcheck.com/scarborough-mirror-bias/,www.toronto.com,left-center,high,high credibility
American Conservative Movement (ACM) – Bias and Credibility,https://mediabiasfactcheck.com/american-conservative-movement-acm/,www.no url available,right,low,low credibility
American Liberty Report – Bias and Credibility,https://mediabiasfactcheck.com/american-liberty-report/,www.americanlibertyemail.com,right,low,low credibility
American People Daily – Bias and Credibility,https://mediabiasfactcheck.com/american-people-daily/,www.americanpeopledaily.com,extreme-right,low,low credibility
American Thinker – Bias and Credibility,https://mediabiasfactcheck.com/american-thinker/,www.americanthinker.com,extreme-right,low,low credibility
Migration Policy Institute – Bias and Credibility,https://mediabiasfactcheck.com/migration-policy-institute/,www.migrationpolicy.org,left-center,high,no credibility rating available
Milton Canadian Champion – Bias and Credibility,https://mediabiasfactcheck.com/milton-canadian-champion-bias/,www.thestar.com,left-center,high,high credibility
Mississauga News – Bias and Credibility,https://mediabiasfactcheck.com/mississauga-news-bias/,www.mississauga.com,left-center,high,high credibility
Montgomery Herald – Bias and Credibility,https://mediabiasfactcheck.com/montgomery-herald-bias/,www.montgomery-herald.com,left-center,high,high credibility
Investment Watch Blog – Bias and Credibility,https://mediabiasfactcheck.com/investment-watch-blog/,www.investmentwatchblog.com,conspiracy,mixed,low credibility
Jesus is Savior – Bias and Credibility,https://mediabiasfactcheck.com/jesus-is-savior/,www.jesus-is-savior.com,conspiracy,VeryLow,low credibility
Les Moutons Rebelles (The Rebel Sheep) – Bias and Credibility,https://mediabiasfactcheck.com/les-moutons-rebelles-the-rebel-sheep-bias/,www.lesmoutonsrebelles.com,conspiracy,VeryLow,low credibility
Live Action – Bias and Credibility,https://mediabiasfactcheck.com/live-action/,www.liveaction.org,conspiracy,mixed,low credibility
New America – Bias and Credibility,https://mediabiasfactcheck.com/new-america/,www.newamerica.org,left-center,high,high credibility
The New Indian Express – Bias and Credibility,https://mediabiasfactcheck.com/the-new-indian-express-bias/,www.newindianexpress.com,left-center,mostly,high credibility
New York Daily News – Bias and Credibility,https://mediabiasfactcheck.com/new-york-daily-news/,www.nydailynews.com,left-center,high,high credibility
Need to Know – Bias and Credibility,https://mediabiasfactcheck.com/need-to-know/,www.needtoknow.news,conspiracy,low,low credibility
NoMoreFakeNews.com – Bias and Credibility,https://mediabiasfactcheck.com/nomorefakenews-com-bias/,www.nomorefakenews.com,conspiracy,VeryLow,low credibility
Occupy Yourself – Bias and Credibility,https://mediabiasfactcheck.com/occupy-yourself/,www.occupyyourself.org,conspiracy,mixed,no credibility rating available
Pandemic News – Bias and Credibility,https://mediabiasfactcheck.com/pandemic-news/,www.pandemic.news,conspiracy,VeryLow,low credibility
Press for Truth – Bias and Credibility,https://mediabiasfactcheck.com/press-for-truth/,www.pressfortruth.ca,conspiracy,mixed,low credibility
openDemocracy – Bias and Credibility,https://mediabiasfactcheck.com/opendemocracy/,www.opendemocracy.net,left-center,high,high credibility
Oshawa This Week – Bias and Credibility,https://mediabiasfactcheck.com/oshawa-this-week-bias/,www.thespec.com,left-center,high,high credibility
Rense – Bias and Credibility,https://mediabiasfactcheck.com/rense/,www.rense.com,conspiracy,VeryLow,low credibility
Sante Plus Magazine – Bias and Credibility,https://mediabiasfactcheck.com/sante-plus-magazine/,www.santeplusmag.com,conspiracy,low,low credibility
Shoebat – Bias and Credibility,https://mediabiasfactcheck.com/shoebat/,www.shoebat.com,conspiracy,low,low credibility
Peninsula News Review – Bias and Credibility,https://mediabiasfactcheck.com/peninsula-news-review-bias/,www.peninsulanewsreview.com,left-center,high,high credibility
Philadelphia Inquirer – Bias and Credibility,https://mediabiasfactcheck.com/philadelphia-inquirer/,www.inquirer.com,left-center,high,high credibility
Phoenix New Times – Bias and Credibility,https://mediabiasfactcheck.com/phoenix-new-times/,www.phoenixnewtimes.com,left-center,high,high credibility
The Event Chronicle – Bias and Credibility,https://mediabiasfactcheck.com/the-event-chronicle/,www.theeventchronicle.com,conspiracy,low,no credibility rating available
Port Alberni Valley News – Bias and Credibility,https://mediabiasfactcheck.com/port-alberni-valley-news-bias/,www.albernivalleynews.com,left-center,high,high credibility
Portsmouth Herald – Bias and Credibility,https://mediabiasfactcheck.com/portsmouth-herald-bias/,www.seacoastonline.com,left-center,high,high credibility
The Vaccine Reaction – Bias and Credibility,https://mediabiasfactcheck.com/the-vaccine-reaction/,www.no url available,conspiracy,low,low credibility
Prince Rupert Northern View – Bias and Credibility,https://mediabiasfactcheck.com/prince-rupert-northern-view-bias/,www.thenorthernview.com,left-center,high,high credibility
Truth11.com – Bias and Credibility,https://mediabiasfactcheck.com/truth11-com-bias/,www.truth11.com,conspiracy,VeryLow,low credibility
Vaccine Impact – Bias and Credibility,https://mediabiasfactcheck.com/vaccine-impact/,www.vaccineimpact.com,conspiracy,VeryLow,low credibility
VacTruth.com – Bias and Credibility,https://mediabiasfactcheck.com/vactruth-com/,www.vactruth.com,conspiracy,low,low credibility
Watts Up with That – Bias and Credibility,https://mediabiasfactcheck.com/watts-up-with-that/,www.wattsupwiththat.com,conspiracy,low,low credibility
Religion & Politics – Bias and Credibility,https://mediabiasfactcheck.com/religion-politics/,www.religionandpolitics.org,left-center,high,high credibility
Richmond News – Bias and Credibility,https://mediabiasfactcheck.com/richmond-news-bias/,www.richmond-news.com,left-center,high,high credibility
Rockwall County Herald-Banner – Bias and Credibility,https://mediabiasfactcheck.com/rockwall-county-herald-banner-bias/,www.rockwallheraldbanner.com,left-center,high,high credibility
A Voice for Men – Bias and Credibility,https://mediabiasfactcheck.com/a-voice-for-men/,www.avoiceformen.com,right,low,low credibility
Ada Reporter – Bias and Credibility,https://mediabiasfactcheck.com/ada-reporter/,www.adareporter.com,right-center,mixed,low credibility
Santa Barbara Independent – Bias and Credibility,https://mediabiasfactcheck.com/santa-barbara-independent/,www.independent.com,left-center,high,high credibility
ScoopWhoop – Bias and Credibility,https://mediabiasfactcheck.com/scoopwhoop/,www.scoopwhoop.com,left-center,mixed,no credibility rating available
American Family News – Bias and Credibility,https://mediabiasfactcheck.com/onenewsnow/,www.afn.net,right,low,low credibility
Smith’s Falls Record News – Bias and Credibility,https://mediabiasfactcheck.com/smiths-falls-record-news-bias/,www.insideottawavalley.com,left-center,high,high credibility
American Security News – Bias and Credibility,https://mediabiasfactcheck.com/american-security-news-bias/,www.americansecuritynews.com,right-center,mixed,low credibility
Caldron Pool – Bias and Credibility,https://mediabiasfactcheck.com/caldron-pool/,www.caldronpool.com,extreme-right,mixed,low credibility
Parry Sound Beacon Star – Bias and Credibility,https://mediabiasfactcheck.com/parry-sound-beacon-star-bias/,www.parrysound.com,left-center,high,high credibility
PBS NewsHour – Bias and Credibility,https://mediabiasfactcheck.com/pbs-news-hour/,www.pbs.org,left-center,mostly,high credibility
Peterborough Examiner – Bias and Credibility,https://mediabiasfactcheck.com/peterborough-examiner-bias/,www.thepeterboroughexaminer.com,left-center,high,high credibility
The Annunaki – Bias and Credibility,https://mediabiasfactcheck.com/the-annunaki-bias/,www.annunaki.org,conspiracy,VeryLow,low credibility
Plymouth-Wayzata Sun Sailor – Bias and Credibility,https://mediabiasfactcheck.com/plymouth-wayzata-sun-sailor/,www.hometownsource.com,left-center,high,high credibility
The Health Ranger – Bias and Credibility,https://mediabiasfactcheck.com/the-health-ranger/,www.healthranger.com,conspiracy,VeryLow,low credibility
Portland Press-Herald – Bias and Credibility,https://mediabiasfactcheck.com/portland-press-herald/,www.pressherald.com,left-center,high,high credibility
Poughkeepsie Journal – Bias and Credibility,https://mediabiasfactcheck.com/poughkeepsie-journal-bias/,www.poughkeepsiejournal.com,left-center,high,high credibility
Vermont Independent – Bias and Credibility,https://mediabiasfactcheck.com/vermont-independent/,www.vermontindependent.net,conspiracy,low,low credibility
Princeton Times – Bias and Credibility,https://mediabiasfactcheck.com/princeton-times-bias/,www.ptonline.net,left-center,high,high credibility
Twisted.News – Bias and Credibility,https://mediabiasfactcheck.com/twisted-news/,www.twisted.news,conspiracy,VeryLow,low credibility
Publico – Bias and Credibility,https://mediabiasfactcheck.com/publico-bias/,www.publico.es,left-center,high,high credibility
Vaxxter – Bias and Credibility,https://mediabiasfactcheck.com/vaxxter/,www.vaxxter.com,conspiracy,low,low credibility
RationalWiki – Bias and Credibility,https://mediabiasfactcheck.com/rationalwiki/,www.rationalwiki.org,left-center,high,no credibility rating available
Wikispooks – Bias and Credibility,https://mediabiasfactcheck.com/wikispooks/,www.wikispooks.com,conspiracy,mixed,low credibility
Reveal – Center for Investigative Reporting – Bias and Credibility,https://mediabiasfactcheck.com/reveal-center-for-investigative-reporting/,www.revealnews.org,left-center,high,no credibility rating available
World Truth TV – Bias and Credibility,https://mediabiasfactcheck.com/world-truth-tv/,www.worldtruth.tv,conspiracy,VeryLow,low credibility
Rock Hill Herald – Bias and Credibility,https://mediabiasfactcheck.com/rock-hill-herald/,www.heraldonline.com,left-center,high,high credibility
2020 Conservative – Bias and Credibility,https://mediabiasfactcheck.com/2020-conservative-bias/,www.2020conservative.com,extreme-right,VeryLow,low credibility
Activist Mommy/Elizabeth Johnston – Bias and Credibility,https://mediabiasfactcheck.com/activist-mommy/,www.elizabethjohnston.org,extreme-right,low,low credibility
Al Bawaba – Bias and Credibility,https://mediabiasfactcheck.com/al-bawaba/,www.albawaba.com,right-center,mixed,low credibility
SarniaNewsToday – Bias and Credibility,https://mediabiasfactcheck.com/sarnianewstoday-bias/,www.sarnianewstoday.ca,left-center,high,high credibility
American Action News – Bias and Credibility,https://mediabiasfactcheck.com/american-action-news/,www.americanactionnews.com,right,mixed,low credibility
Self Magazine – Bias and Credibility,https://mediabiasfactcheck.com/self-magazine-bias/,www.self.com,left-center,mostly,high credibility
Showbiz411 – Bias and Credibility,https://mediabiasfactcheck.com/showbiz411-bias/,www.showbiz411.com,left-center,mostly,high credibility
American Pharmacy News – Bias and Credibility,https://mediabiasfactcheck.com/american-pharmacy-news-bias/,www.americanpharmacynews.com,right-center,mixed,low credibility
Special Broadcasting Service (SBS) – Bias and Credibility,https://mediabiasfactcheck.com/special-broadcasting-service-sbs/,www.sbs.com.au,left-center,high,high credibility
America’s News Source – Bias and Credibility,https://mediabiasfactcheck.com/americas-news-source/,www.americasnewssource.com,extreme-right,VeryLow,low credibility
Anderson Reporter – Bias and Credibility,https://mediabiasfactcheck.com/anderson-reporter/,www.andersonreporter.com,right-center,mixed,low credibility
Antelope Valley Today – Bias and Credibility,https://mediabiasfactcheck.com/antelope-valley-today/,www.antelopevalleytoday.com,right-center,mixed,low credibility
St. Peter Herald – Bias and Credibility,https://mediabiasfactcheck.com/st-peter-herald-bias/,www.southernminn.com,left-center,high,high credibility
ATL Standard – Bias and Credibility,https://mediabiasfactcheck.com/atl-standard/,www.atlstandard.com,right-center,mixed,low credibility
Baltimore City Wire – Bias and Credibility,https://mediabiasfactcheck.com/baltimore-city-wire-bias/,www.baltimorecitywire.com,right-center,mixed,low credibility
Bay State News – Bias and Credibility,https://mediabiasfactcheck.com/bay-state-news-bias/,www.baystatenews.com,right-center,mixed,low credibility
Bean Town Times – Bias and Credibility,https://mediabiasfactcheck.com/bean-town-times-bias/,www.beantowntimes.com,right-center,mixed,low credibility
The 74 (the74million.org) – Bias and Credibility,https://mediabiasfactcheck.com/the-74-bias/,www.the74million.org,left-center,high,high credibility
The Baltimore Banner – Bias and Credibility,https://mediabiasfactcheck.com/the-baltimore-banner-bias/,www.thebaltimorebanner.com,left-center,high,high credibility
The Caravan – Bias and Credibility,https://mediabiasfactcheck.com/the-caravan-bias/,www.caravanmagazine.in,left-center,mostly,high credibility
The Citizen (Australia) – Bias and Credibility,https://mediabiasfactcheck.com/the-citizen/,www.thecitizen.org.au,left-center,high,high credibility
Branson Times – Bias and Credibility,https://mediabiasfactcheck.com/branson-times-bias/,www.bransontimes.com,right-center,mixed,low credibility
The Daily Star – Bias and Credibility,https://mediabiasfactcheck.com/the-daily-star/,www.thedailystar.com,left-center,high,high credibility
Bucks County Standard – Bias and Credibility,https://mediabiasfactcheck.com/bucks-county-standard-bias/,www.buckscountystandard.com,left-center,mixed,low credibility
c19bromhexine.com – Bias and Credibility,https://mediabiasfactcheck.com/c19bromhexine-com-bias/,www.c19bromhexine.com,right,mixed,low credibility
c19ly.com – Bamlanivimab – Bias and Credibility,https://mediabiasfactcheck.com/c19ly-com-bamlanivimab-credible-bias/,www.c19ly.com,right,mixed,low credibility
Parry Sound North Star – Bias and Credibility,https://mediabiasfactcheck.com/parry-sound-north-star-bias/,www.parrysound.com,left-center,high,high credibility
Peace Arch News – Bias and Credibility,https://mediabiasfactcheck.com/peace-arch-news-bias/,www.peacearchnews.com,left-center,high,high credibility
Petoskey News-Review – Bias and Credibility,https://mediabiasfactcheck.com/petoskey-news-review-bias/,www.petoskeynews.com,left-center,high,high credibility
Philippine Star – Bias and Credibility,https://mediabiasfactcheck.com/philippine-star-bias/,www.philstar.com,left-center,mostly,medium credibility
Pickering News Advertiser – Bias and Credibility,https://mediabiasfactcheck.com/pickering-news-advertiser-bias/,www.durhamregion.com,left-center,high,high credibility
Politico Europe – Bias and Credibility,https://mediabiasfactcheck.com/politico-europe-bias/,www.politico.eu,left-center,high,high credibility
Politics.co.uk – Bias and Credibility,https://mediabiasfactcheck.com/politics-co-uk-bias/,www.politics.co.uk,left-center,high,high credibility
Population Connection – Bias and Credibility,https://mediabiasfactcheck.com/population-connection/,www.populationconnection.org,left-center,high,high credibility
Port Perry Star – Bias and Credibility,https://mediabiasfactcheck.com/port-perry-star-bias/,www.therecord.com,left-center,high,high credibility
Preeceville Progress – Bias and Credibility,https://mediabiasfactcheck.com/preeceville-progress-bias/,www.sasktoday.ca,left-center,high,high credibility
Thought Catalog – Bias and Credibility,https://mediabiasfactcheck.com/thought-catalog/,www.thoughtcatalog.com,conspiracy,mixed,low credibility
TrialSite News – Bias and Credibility,https://mediabiasfactcheck.com/trialsite-news/,www.trialsitenews.com,conspiracy,mixed,low credibility
The Providence Journal – Bias and Credibility,https://mediabiasfactcheck.com/the-providence-journal/,www.providencejournal.com,left-center,high,high credibility
Vaccine Safety Info – Bias and Credibility,https://mediabiasfactcheck.com/vaccine-safety-info/,www.vaccinesafety.info,conspiracy,VeryLow,low credibility
Radio Television Marti – Bias and Credibility,https://mediabiasfactcheck.com/radio-television-marti/,www.radiotelevisionmarti.com,left-center,mixed,medium credibility
What Really Happened – Bias and Credibility,https://mediabiasfactcheck.com/what-really-happened/,www.whatreallyhappened.com,conspiracy,VeryLow,low credibility
Winter Watch – Bias and Credibility,https://mediabiasfactcheck.com/winter-watch/,www.winterwatch.net,conspiracy,VeryLow,low credibility
Worldview Weekend – Bias and Credibility,https://mediabiasfactcheck.com/worldview-weekend-bias/,www.worldviewweekend.com,conspiracy,VeryLow,low credibility
100 Percent Fed Up – Bias and Credibility,https://mediabiasfactcheck.com/100-percent-fed-up/,www.100percentfedup.com,extreme-right,low,low credibility
Royse City Herald-Banner – Bias and Credibility,https://mediabiasfactcheck.com/royse-city-herald-banner-bias/,www.roysecityheraldbanner.com,left-center,high,high credibility
Salisbury Daily Times – Bias and Credibility,https://mediabiasfactcheck.com/salisbury-daily-times-bias/,www.delmarvanow.com,left-center,high,high credibility
San Francisco Chronicle – Bias and Credibility,https://mediabiasfactcheck.com/san-francisco-chronicle/,www.sfchronicle.com,left-center,high,high credibility
Al-Masdar News (AMN) – Bias and Credibility,https://mediabiasfactcheck.com/al-masdar-news-amn/,www.almasdarnews.com,right,mixed,low credibility
Sciencing – Bias and Credibility,https://mediabiasfactcheck.com/sciencing/,www.sciencing.com,left-center,high,high credibility
Sechelt Coast Reporter – Bias and Credibility,https://mediabiasfactcheck.com/sechelt-coast-reporter-bias/,www.coastreporter.net,left-center,high,high credibility
Shelby Star – Bias and Credibility,https://mediabiasfactcheck.com/shelby-star-bias/,www.shelbystar.com,left-center,high,high credibility
American Patriot Daily – Bias and Credibility,https://mediabiasfactcheck.com/american-patriot-daily/,www.americanpatriotdaily.com,extreme-right,low,low credibility
South Jersey Times – Bias and Credibility,https://mediabiasfactcheck.com/south-jersey-times-bias/,www.nj.com,left-center,high,high credibility
Springfield News-Leader – Bias and Credibility,https://mediabiasfactcheck.com/springfield-news-leader/,www.news-leader.com,left-center,high,high credibility
Amoskeag Times – Bias and Credibility,https://mediabiasfactcheck.com/amoskeag-times-bias/,www.amoskeagtimes.com,left-center,mixed,low credibility
StepFeed – Bias and Credibility,https://mediabiasfactcheck.com/stepfeed/,www.stepfeed.com,left-center,mixed,medium credibility
Stouffville Sun-Tribune – Bias and Credibility,https://mediabiasfactcheck.com/stouffville-sun-tribune-bias/,www.therecord.com,left-center,high,high credibility
Atlantic County Times – Bias and Credibility,https://mediabiasfactcheck.com/atlantic-county-times-bias/,www.atlanticcotimes.com,right-center,mixed,low credibility
Syrian Observatory for Human Rights (SOHR) – Bias and Credibility,https://mediabiasfactcheck.com/syrian-observatory-for-human-rights-sohr/,www.syriahr.com,left-center,mostly,high credibility
Battle Creek Times – Bias and Credibility,https://mediabiasfactcheck.com/battle-creek-times-bias/,www.battlecreektimes.com,right-center,mixed,low credibility
Beach Broadcast News – Bias and Credibility,https://mediabiasfactcheck.com/beach-broadcast-news-bias/,www.beachbroadcastnews.com,extreme-right,VeryLow,low credibility
Texas Tribune – Bias and Credibility,https://mediabiasfactcheck.com/texas-tribune/,www.texastribune.org,left-center,high,high credibility
The Augusta Chronicle – Bias and Credibility,https://mediabiasfactcheck.com/the-augusta-chronicle/,www.augustachronicle.com,left-center,high,high credibility
Black Pigeon Speaks – Bias and Credibility,https://mediabiasfactcheck.com/black-pigeon-speaks/,www.blackpigeonspeaks.com,extreme-right,low,low credibility
Boise City Wire – Bias and Credibility,https://mediabiasfactcheck.com/boise-city-wire/,www.boisecitywire.com,right-center,mixed,low credibility
Breaking911 – Bias and Credibility,https://mediabiasfactcheck.com/breaking911/,www.breaking911.com,No media bias rating,VeryLow,low credibility
The Daily Tarheel – Bias and Credibility,https://mediabiasfactcheck.com/the-daily-tarheel/,www.dailytarheel.com,left-center,high,high credibility
The European Council on Foreign Relations (ECFR) – Bias and Credibility,https://mediabiasfactcheck.com/european-council-foreign-relations-ecfr/,www.ecfr.eu,left-center,high,high credibility
Sheep Killers – Bias and Credibility,https://mediabiasfactcheck.com/sheep-killers/,www.sheepkillers.com,conspiracy,low,low credibility
South Front – Bias and Credibility,https://mediabiasfactcheck.com/south-front/,www.southfront.org,conspiracy,low,low credibility
Sustainable Pulse – Bias and Credibility,https://mediabiasfactcheck.com/sustainable-pulse/,www.sustainablepulse.com,conspiracy,low,low credibility
Philly Voice – Bias and Credibility,https://mediabiasfactcheck.com/philly-voice/,www.phillyvoice.com,left-center,high,high credibility
TheDailyWorld.NET – Bias and Credibility,https://mediabiasfactcheck.com/thedailyworld-net-bias/,www.thedailyworld.net,conspiracy,VeryLow,low credibility
Polygon – Bias and Credibility,https://mediabiasfactcheck.com/polygon/,www.polygon.com,left-center,high,high credibility
The Mind Unleashed – Bias and Credibility,https://mediabiasfactcheck.com/the-mind-unleashed/,www.themindunleashed.com,conspiracy,low,low credibility
The Stream – Bias and Credibility,https://mediabiasfactcheck.com/the-stream/,www.stream.org,conspiracy,mixed,low credibility
Prison Legal News (PLN) – Bias and Credibility,https://mediabiasfactcheck.com/prison-legal-news-pln-bias/,www.prisonlegalnews.org,left-center,high,high credibility
Thrive Movement – Bias and Credibility,https://mediabiasfactcheck.com/thrive-movement/,www.thrivemovement.com,conspiracy,low,low credibility
Prospect Magazine – Bias and Credibility,https://mediabiasfactcheck.com/prospect-magazine/,www.prospectmagazine.co.uk,left-center,high,high credibility
Public News Service – Bias and Credibility,https://mediabiasfactcheck.com/public-news-service-bias/,www.publicnewsservice.org,left-center,high,high credibility
Quartz – Bias and Credibility,https://mediabiasfactcheck.com/quartz/,www.qz.com,left-center,high,high credibility
We Are Anonymous/AnonHQ – Bias and Credibility,https://mediabiasfactcheck.com/we-are-anonymous/,www.anonhq.com,conspiracy,VeryLow,low credibility
WhiteHouse.News – Bias and Credibility,https://mediabiasfactcheck.com/whitehouse-news/,www.whitehouse.news,conspiracy,VeryLow,low credibility
World Council for Health – Bias and Credibility,https://mediabiasfactcheck.com/world-council-for-health-bias/,www.worldcouncilforhealth.org,conspiracy,VeryLow,low credibility
Richmond Palladium-Item – Bias and Credibility,https://mediabiasfactcheck.com/richmond-palladium-item-bias/,www.pal-item.com,left-center,high,high credibility
2nd Amendment Daily News – Bias and Credibility,https://mediabiasfactcheck.com/2nd-amendment-daily-news/,www.secondamendmentdaily.com,extreme-right,low,low credibility
Rolling Out – Bias and Credibility,https://mediabiasfactcheck.com/rolling-out-bias-and-credibility/,www.rollingout.com,left-center,mixed,medium credibility
Action News 3 – Bias and Credibility,https://mediabiasfactcheck.com/action-news-3/,www.actionnews3.com,No media bias rating,VeryLow,low credibility
San Francisco Examiner – Bias and Credibility,https://mediabiasfactcheck.com/san-francisco-examiner/,www.sfexaminer.com,left-center,high,no credibility rating available
Aloha State News – Bias and Credibility,https://mediabiasfactcheck.com/aloha-state-news/,www.alohastatenews.com,right-center,mixed,low credibility
Scroll.in – Bias and Credibility,https://mediabiasfactcheck.com/scroll-in/,www.scroll.in,left-center,mostly,no credibility rating available
Sentencing Project – Bias and Credibility,https://mediabiasfactcheck.com/sentencing-project/,www.sentencingproject.org,left-center,high,high credibility
American Media Periscope – Bias and Credibility,https://mediabiasfactcheck.com/american-media-periscope-bias/,www.americanmediaperiscope.com,extreme-right,low,low credibility
Sooke News Mirror – Bias and Credibility,https://mediabiasfactcheck.com/sooke-news-mirror-bias/,www.sookenewsmirror.com,left-center,high,high credibility
Spiegel Online (Der Spiegel) – Bias and Credibility,https://mediabiasfactcheck.com/spiegel-online/,www.spiegel.de,left-center,high,high credibility
Amerika – Bias and Credibility,https://mediabiasfactcheck.com/amerika-bias/,www.amerika.org,extreme-right,low,low credibility
Ann Arbor Times – Bias and Credibility,https://mediabiasfactcheck.com/ann-arbor-times-bias/,www.annarbortimes.com,right-center,mixed,low credibility
Stilwell Democrat – Bias and Credibility,https://mediabiasfactcheck.com/stilwell-democrat-bias/,www.stilwelldemocrat.com,left-center,high,high credibility
Stuff – Bias and Credibility,https://mediabiasfactcheck.com/stuff/,www.stuff.co.nz,left-center,high,high credibility
Sunlight Foundation – Bias and Credibility,https://mediabiasfactcheck.com/sunlight-foundation/,www.sunlightfoundation.com,left-center,high,high credibility
Bare Naked Islam – Bias and Credibility,https://mediabiasfactcheck.com/bare-naked-islam/,www.barenakedislam.com,extreme-right,low,low credibility
Tax Justice Network – Bias and Credibility,https://mediabiasfactcheck.com/tax-justice-network/,www.taxjustice.net,left-center,high,high credibility
Terrace Standard – Bias and Credibility,https://mediabiasfactcheck.com/terrace-standard-bias/,www.terracestandard.com,left-center,high,high credibility
The Age (Australia) – Bias and Credibility,https://mediabiasfactcheck.com/the-age-australia/,www.theage.com.au,left-center,high,high credibility
Black Eye Politics – Bias and Credibility,https://mediabiasfactcheck.com/black-eye-politics-bias-credibility-rating/,www.blackeyepolitics.com,extreme-right,low,low credibility
The Center for Economic and Policy Research – Bias and Credibility,https://mediabiasfactcheck.com/the-center-for-economic-and-policy-research/,www.cepr.net,left-center,high,high credibility
The City – Bias and Credibility,https://mediabiasfactcheck.com/the-city/,www.thecity.nyc,left-center,high,high credibility
Louisville Courier-Journal – Bias and Credibility,https://mediabiasfactcheck.com/the-courier-journal/,www.courier-journal.com,left-center,high,high credibility
Brevard Sun – Bias and Credibility,https://mediabiasfactcheck.com/brevard-sun/,www.brevardsun.com,right-center,mixed,low credibility
Buffalo Ledger – Bias and Credibility,https://mediabiasfactcheck.com/buffalo-ledger-bias/,www.buffaloledger.com,right-center,mixed,low credibility
The Herald – Scotland – Bias and Credibility,https://mediabiasfactcheck.com/the-herald-scotland/,www.heraldscotland.com,left-center,high,high credibility
The Hill Times – Bias and Credibility,https://mediabiasfactcheck.com/the-hill-times-bias/,www.hilltimes.com,left-center,high,high credibility
Arirang – Bias and Credibility,https://mediabiasfactcheck.com/arirang/,www.arirang.com,center,high,high credibility
Patriotic Millionaires – Bias and Credibility,https://mediabiasfactcheck.com/patriotic-millionaires/,www.patrioticmillionaires.org,left-center,high,high credibility
Space.News – Bias and Credibility,https://mediabiasfactcheck.com/space-news/,www.space.news,conspiracy,VeryLow,low credibility
Swiss Policy Research – Bias and Credibility,https://mediabiasfactcheck.com/swiss-policy-research/,www.swprs.org,conspiracy,mixed,low credibility
The Common Sense Show – Bias and Credibility,https://mediabiasfactcheck.com/the-common-sense-show/,www.thecommonsenseshow.com,conspiracy,VeryLow,low credibility
The Defender (Children’s Health Defense) – Bias and Credibility,https://mediabiasfactcheck.com/the-defender-childrens-health-defense-credibility/,www.childrenshealthdefense.org,conspiracy,low,low credibility
The Healthy American – Bias and Credibility,https://mediabiasfactcheck.com/the-healthy-american/,www.thehealthyamerican.org,conspiracy,VeryLow,low credibility
The New Nationalist – Bias and Credibility,https://mediabiasfactcheck.com/the-new-nationalist-bias/,www.newnationalist.net,conspiracy,VeryLow,low credibility
Powell River Peak – Bias and Credibility,https://mediabiasfactcheck.com/powell-river-peak-bias/,www.prpeak.com,left-center,high,high credibility
Waking Times – Bias and Credibility,https://mediabiasfactcheck.com/the-waking-times/,www.wakingtimes.com,conspiracy,low,low credibility
Treason.News – Bias and Credibility,https://mediabiasfactcheck.com/treason-news/,www.treason.news,conspiracy,VeryLow,low credibility
Unlimited Hangout – Bias and Credibility,https://mediabiasfactcheck.com/unlimited-hangout-bias/,www.unlimitedhangout.com,conspiracy,mixed,low credibility
Vaccine Papers – Bias and Credibility,https://mediabiasfactcheck.com/vaccine-papers/,www.vaccinepapers.org,conspiracy,low,low credibility
Veterans Today – Bias and Credibility,https://mediabiasfactcheck.com/veterans-today/,www.veteranstoday.com,conspiracy,VeryLow,no credibility rating available
Weston A. Price Foundation – Bias and Credibility,https://mediabiasfactcheck.com/weston-a-price-foundation/,www.westonaprice.org,conspiracy,low,no credibility rating available
Represent.Us – Bias and Credibility,https://mediabiasfactcheck.com/represent-us/,www.represent.us,left-center,high,no credibility rating available
World Doctors Alliance – Bias and Credibility,https://mediabiasfactcheck.com/world-doctors-alliance/,www.worlddoctorsalliance.com,conspiracy,VeryLow,low credibility
Ridgecrest Daily Independent – Bias and Credibility,https://mediabiasfactcheck.com/ridgecrest-daily-independent-bias/,www.ridgecrestca.com,left-center,high,high credibility
Rockford Register Star – Bias and Credibility,https://mediabiasfactcheck.com/rockford-register-star-bias/,www.rrstar.com,left-center,high,high credibility
24 News – Bias and Credibility,https://mediabiasfactcheck.com/24-news/,www.us24news.com,extreme-right,low,low credibility
ABQ Times – Bias and Credibility,https://mediabiasfactcheck.com/abq-times-bias/,www.abqtimes.com,right-center,mixed,low credibility
Adams County Times – Bias and Credibility,https://mediabiasfactcheck.com/adams-county-times/,www.adamscountytimes.com,right-center,mixed,low credibility
Al Manar – Bias and Credibility,https://mediabiasfactcheck.com/al-manar/,english.almanar.com.lb,right-center,mixed,low credibility
Al Youm Al Sabea (Youm7) – Bias and Credibility,https://mediabiasfactcheck.com/al-youm-al-sabea-youm7-bias/,www.youm7.com,right-center,mixed,low credibility
Seattle Times – Bias and Credibility,https://mediabiasfactcheck.com/seattle-times/,www.seattletimes.com,left-center,high,high credibility
ShareAmerica – Bias and Credibility,https://mediabiasfactcheck.com/shareamerica-bias/,share.america.gov,left-center,high,high credibility
Sojourners (Soho) – Bias and Credibility,https://mediabiasfactcheck.com/sojourners-soho/,www.sojo.net,left-center,high,high credibility
South China Morning Post – Bias and Credibility,https://mediabiasfactcheck.com/south-china-morning-post/,www.scmp.com,left-center,mixed,medium credibility
Sports Illustrated – Bias and Credibility,https://mediabiasfactcheck.com/sports-illustrated-bias/,www.si.com,left-center,high,high credibility
Star-Ledger – Bias and Credibility,https://mediabiasfactcheck.com/star-ledger/,www.nj.com,left-center,high,high credibility
Anoka Times – Bias and Credibility,https://mediabiasfactcheck.com/anoka-times-bias/,www.anokatimes.com,right-center,mixed,low credibility
The Arizona Independent – Bias and Credibility,https://mediabiasfactcheck.com/the-arizona-independent-bias/,www.arizonaindependent.com,No media bias rating,mixed,low credibility
Süddeutsche Zeitung – Bias and Credibility,https://mediabiasfactcheck.com/suddeutsche-zeitung-bias/,www.sueddeutsche.de,left-center,high,high credibility
Baldwin Times – Bias and Credibility,https://mediabiasfactcheck.com/baldwin-times/,www.baldwintimes.com,right-center,mixed,low credibility
Task and Purpose – Bias and Credibility,https://mediabiasfactcheck.com/task-and-purpose/,www.taskandpurpose.com,left-center,mostly,high credibility
TechCrunch – Bias and Credibility,https://mediabiasfactcheck.com/techcrunch/,www.techcrunch.com,left-center,high,high credibility
Benton Times – Bias and Credibility,https://mediabiasfactcheck.com/benton-times/,www.bentontimes.com,right-center,mixed,low credibility
Bipartisan Report – Bias and Credibility,https://mediabiasfactcheck.com/bipartisan-report/,www.bipartisanreport.com,extreme-left,low,low credibility
The Bureau of Investigative Journalism – Bias and Credibility,https://mediabiasfactcheck.com/the-bureau-of-investigative-journalism/,www.thebureauinvestigates.com,left-center,high,high credibility
Blunt Force Truth – Bias and Credibility,https://mediabiasfactcheck.com/blunt-force-truth/,www.bluntforcetruth.com,extreme-right,low,low credibility
The Colorado Sun – Bias and Credibility,https://mediabiasfactcheck.com/the-colorado-sun/,www.coloradosun.com,left-center,high,high credibility
Daily Hive – Bias and Credibility,https://mediabiasfactcheck.com/daily-hive/,www.dailyhive.com,left-center,mostly,high credibility
The Enterprise (Maryland) – Bias and Credibility,https://mediabiasfactcheck.com/the-enterprise-maryland-bias/,www.somdnews.com,left-center,high,high credibility
The Fulcrum – Bias and Credibility,https://mediabiasfactcheck.com/the-fulcrum/,www.thefulcrum.us,left-center,high,high credibility
The Hawk Eye – Bias and Credibility,https://mediabiasfactcheck.com/the-hawk-eye-bias/,www.thehawkeye.com,left-center,high,high credibility
Skeptiko – Bias and Credibility,https://mediabiasfactcheck.com/skeptiko/,www.skeptiko.com,conspiracy,VeryLow,low credibility
Perth Courier – Bias and Credibility,https://mediabiasfactcheck.com/perth-courier-bias/,www.insideottawavalley.com,left-center,high,high credibility
Talknetwork.com – Bias and Credibility,https://mediabiasfactcheck.com/talknetwork-com/,www.talknetwork.com,conspiracy,VeryLow,low credibility
The Corbett Report – Bias and Credibility,https://mediabiasfactcheck.com/the-corbett-report/,www.corbettreport.com,conspiracy,low,low credibility
The European Union Times – Bias and Credibility,https://mediabiasfactcheck.com/the-european-union-times/,www.eutimes.net,conspiracy,low,low credibility
The Hearty Soul – Bias and Credibility,https://mediabiasfactcheck.com/the-hearty-soul/,www.theheartysoul.com,conspiracy,mixed,low credibility
The Pulse – Bias and Credibility,https://mediabiasfactcheck.com/the-pulse-bias/,www.thepulse.one,conspiracy,low,low credibility
The Truth About Cancer – Bias and Credibility,https://mediabiasfactcheck.com/the-truth-about-cancer/,www.thetruthaboutcancer.com,conspiracy,low,low credibility
Private Eye – Bias and Credibility,https://mediabiasfactcheck.com/private-eye/,www.private-eye.co.uk,left-center,mixed,medium credibility
Project on Government Oversight – Bias and Credibility,https://mediabiasfactcheck.com/project-on-government-oversight/,www.pogo.org,left-center,high,high credibility
UK Column – Bias and Credibility,https://mediabiasfactcheck.com/uk-column/,www.ukcolumn.org,conspiracy,low,low credibility
Pueblo Chieftain – Bias and Credibility,https://mediabiasfactcheck.com/pueblo-chieftain-bias/,www.chieftain.com,left-center,high,high credibility
Radio Free Asia – Bias and Credibility,https://mediabiasfactcheck.com/radio-free-asia/,www.rfa.org,left-center,high,no credibility rating available
We Are Change – Bias and Credibility,https://mediabiasfactcheck.com/we-are-change/,www.wearechange.org,conspiracy,mixed,low credibility
Reno Gazette Journal – Bias and Credibility,https://mediabiasfactcheck.com/reno-journal-gazette-left-center-bias-credible/,www.rgj.com,left-center,high,no credibility rating available
Richmond Hill Liberal – Bias and Credibility,https://mediabiasfactcheck.com/richmond-hill-liberal-bias/,www.therecord.com,left-center,high,high credibility
Richmond Register – Bias and Credibility,https://mediabiasfactcheck.com/richmond-register-bias/,www.richmondregister.com,left-center,high,high credibility
4Chan – Bias and Credibility,https://mediabiasfactcheck.com/4chan-bias/,www.no url available,extreme-right,VeryLow,low credibility
Roosevelt Institute – Bias and Credibility,https://mediabiasfactcheck.com/roosevelt-institute/,www.rooseveltinstitute.org,left-center,high,no credibility rating available
Salt Lake Tribune – Bias and Credibility,https://mediabiasfactcheck.com/salt-lake-tribune/,www.sltrib.com,left-center,high,no credibility rating available
Albany Standard – Bias and Credibility,https://mediabiasfactcheck.com/albany-standard/,www.albanystandard.com,right-center,mixed,low credibility
Sapiens – Bias and Credibility,https://mediabiasfactcheck.com/sapiens/,www.sapiens.org,left-center,high,high credibility
America Out Loud – Bias and Credibility,https://mediabiasfactcheck.com/america-out-loud/,www.americaoutloud.com,right,low,low credibility
American Family Association – Bias and Credibility,https://mediabiasfactcheck.com/american-family-association/,www.afa.net,extreme-right,low,low credibility
American Lookout – Bias and Credibility,https://mediabiasfactcheck.com/american-lookout/,www.americanlookout.com,extreme-right,low,low credibility
Somerset Commonwealth-Journal – Bias and Credibility,https://mediabiasfactcheck.com/somerset-commonwealth-journal-bias/,www.somerset-kentucky.com,left-center,high,high credibility
"American Society for the Defense of Tradition, Family, and Property – Bias and Credibility",https://mediabiasfactcheck.com/american-society-defense-tradition-family-property/,www.tfp.org,extreme-right,low,low credibility
Squamish Chief – Bias and Credibility,https://mediabiasfactcheck.com/squamish-chief-bias/,www.squamishchief.com,left-center,high,high credibility
Stat (News) – Bias and Credibility,https://mediabiasfactcheck.com/stat-news/,www.statnews.com,left-center,high,high credibility
Stillwater Gazette – Bias and Credibility,https://mediabiasfactcheck.com/stillwater-gazette-bias/,www.hometownsource.com,left-center,high,high credibility
Arizona Sun Times – Bias and Credibility,https://mediabiasfactcheck.com/arizona-sun-times-bias/,www.arizonasuntimes.com,right,mixed,low credibility
Sunbury Daily Item – Bias and Credibility,https://mediabiasfactcheck.com/sunbury-daily-item-bias/,www.dailyitem.com,left-center,high,high credibility
Taipei Times – Bias and Credibility,https://mediabiasfactcheck.com/taipei-times/,www.taipeitimes.com,left-center,mostly,high credibility
Taunton Daily Gazette – Bias and Credibility,https://mediabiasfactcheck.com/taunton-daily-gazette-bias/,www.tauntongazette.com,left-center,high,high credibility
Techdirt – Bias and Credibility,https://mediabiasfactcheck.com/techdirt/,www.techdirt.com,left-center,high,high credibility
Big Island Times – Bias and Credibility,https://mediabiasfactcheck.com/big-island-times/,www.bigislandtimes.com,right-center,mixed,low credibility
BitChute – Bias and Credibility,https://mediabiasfactcheck.com/bitchute/,www.bitchute.com,extreme-right,VeryLow,low credibility
Bloomington Leader – Bias and Credibility,https://mediabiasfactcheck.com/bloomington-leader/,www.bloomingtonleader.com,right-center,mixed,low credibility
Bongino.com – Bias and Credibility,https://mediabiasfactcheck.com/bongino-com/,www.bongino.com,right,mixed,low credibility
Breaking Christian News – Bias and Credibility,https://mediabiasfactcheck.com/breaking-christian-news/,www.breakingchristiannews.com,extreme-right,low,low credibility
Bridgeport Times – Bias and Credibility,https://mediabiasfactcheck.com/bridgeport-times/,www.bridgeporttimes.com,right-center,mixed,low credibility
Burlington Review – Bias and Credibility,https://mediabiasfactcheck.com/burlington-review-bias/,www.burlingtonreview.com,right-center,mixed,low credibility
The Goshen News – Bias and Credibility,https://mediabiasfactcheck.com/the-goshen-news-bias/,www.goshennews.com,left-center,high,high credibility
C19ivermectin.com – Bias and Credibility,https://mediabiasfactcheck.com/c19ivermectin-com-bias/,www.c19ivermectin.com,right,mixed,low credibility
Snopes.News – Bias and Credibility,https://mediabiasfactcheck.com/snopes-news/,www.snopes.news,conspiracy,VeryLow,low credibility
SupplementReference.com – Bias and Credibility,https://mediabiasfactcheck.com/supplementreference-com/,www.supplementreference.com,conspiracy,VeryLow,low credibility
Philippine Daily Inquirer – Bias and Credibility,https://mediabiasfactcheck.com/philippine-daily-inquirer/,www.inquirer.net,left-center,mostly,high credibility
The Daily Sheeple – Bias and Credibility,https://mediabiasfactcheck.com/the-daily-sheeple/,www.thedailysheeple.com,conspiracy,low,no credibility rating available
Politifact – Bias and Credibility,https://mediabiasfactcheck.com/politifact/,www.politifact.com,left-center,high,high credibility
The Liberty Beacon – Bias and Credibility,https://mediabiasfactcheck.com/the-liberty-beacon/,www.thelibertybeacon.com,conspiracy,low,low credibility
The Rundown Live – Bias and Credibility,https://mediabiasfactcheck.com/the-rundown-live/,www.therundownlive.com,conspiracy,low,low credibility
The World from PRX – Bias and Credibility,https://mediabiasfactcheck.com/public-radio-international-pri/,www.theworld.org,left-center,very high,high credibility
Thought Crime Radio – Bias and Credibility,https://mediabiasfactcheck.com/thought-crime-radio/,www.thoughtcrimeradio.net,conspiracy,VeryLow,low credibility
Project Syndicate – Bias and Credibility,https://mediabiasfactcheck.com/project-syndicate/,www.project-syndicate.org,left-center,high,high credibility
Public Citizen – Bias and Credibility,https://mediabiasfactcheck.com/public-citizen/,www.citizen.org,left-center,high,high credibility
Puck.News – Bias and Credibility,https://mediabiasfactcheck.com/puck-news-bias/,www.puck.news,left-center,mostly,medium credibility
Quincy Patriot Ledger – Bias and Credibility,https://mediabiasfactcheck.com/quincy-patriot-ledger-bias/,www.patriotledger.com,left-center,high,high credibility
Rappler – Bias and Credibility,https://mediabiasfactcheck.com/rappler/,www.rappler.com,left-center,high,high credibility
Renfrew Mercury – Bias and Credibility,https://mediabiasfactcheck.com/renfrew-mercury-bias/,www.insideottawavalley.com,left-center,high,high credibility
World Lifestyle – Bias and Credibility,https://mediabiasfactcheck.com/world-lifestyle-bias/,www.worldlifestyle.com,conspiracy,low,low credibility
ZeroHedge – Bias and Credibility,https://mediabiasfactcheck.com/zero-hedge/,www.zerohedge.com,conspiracy,low,low credibility
Rocky Mountain Institute (RMI) – Bias and Credibility,https://mediabiasfactcheck.com/rocky-mountain-institute-rmi/,www.rmi.org,left-center,high,high credibility
Acting Man – Bias and Credibility,https://mediabiasfactcheck.com/acting-man/,www.acting-man.com,right,mixed,low credibility
San Diego Reader – Bias and Credibility,https://mediabiasfactcheck.com/san-diego-reader/,www.sandiegoreader.com,left-center,high,no credibility rating available
San Jose Mercury News – Bias and Credibility,https://mediabiasfactcheck.com/san-jose-mercury-news/,www.mercurynews.com,left-center,high,high credibility
Alpha News – Bias and Credibility,https://mediabiasfactcheck.com/alpha-news/,www.alphanews.org,extreme-right,low,low credibility
American Catholic Tribune – Bias and Credibility,https://mediabiasfactcheck.com/american-catholic-tribune-bias/,www.americancatholictribune.com,right-center,mixed,low credibility
Americas Freedom Fighters – Bias and Credibility,https://mediabiasfactcheck.com/american-freedom-fighters/,www.americasfreedomfighters.com,extreme-right,low,low credibility
Smithers Interior News – Bias and Credibility,https://mediabiasfactcheck.com/smithers-interior-news-bias/,www.interior-news.com,left-center,high,high credibility
SooToday.com – Bias and Credibility,https://mediabiasfactcheck.com/sootoday-com/,www.sootoday.com,left-center,high,high credibility
American Web Media (AWM) – Bias and Credibility,https://mediabiasfactcheck.com/american-web-media-awm/,www.awm.com,right,mixed,low credibility
St. Louis Post-Dispatch – Bias and Credibility,https://mediabiasfactcheck.com/st-louis-post-dispatch/,www.stltoday.com,left-center,high,high credibility
St. Catharines Standard – Bias and Credibility,https://mediabiasfactcheck.com/st-catharines-standard-bias/,www.stcatharinesstandard.ca,left-center,high,high credibility
Stoney Creek News – Bias and Credibility,https://mediabiasfactcheck.com/stoney-creek-news-bias/,www.thespec.com,left-center,high,high credibility
Sturgis Journal – Bias and Credibility,https://mediabiasfactcheck.com/sturgis-journal-bias/,www.sturgisjournal.com,left-center,high,high credibility
Auburn Times – Bias and Credibility,https://mediabiasfactcheck.com/auburn-times/,www.auburntimes.com,right-center,mixed,low credibility
Taiwan News – Bias and Credibility,https://mediabiasfactcheck.com/taiwan-news/,www.taiwannews.com.tw,left-center,mostly,high credibility
BB4SP – Bias and Credibility,https://mediabiasfactcheck.com/bb4sp/,www.bb4sp.com,extreme-right,low,low credibility
Becker News – Bias and Credibility,https://mediabiasfactcheck.com/becker-news/,www.beckernews.com,right,low,low credibility
Big League Politics – Bias and Credibility,https://mediabiasfactcheck.com/big-league-politics/,www.bigleaguepolitics.com,extreme-right,low,low credibility
The Belfer Center for Science and International Affairs – Bias and Credibility,https://mediabiasfactcheck.com/the-belfer-center-for-science-and-international-affairs/,www.belfercenter.org,left-center,high,high credibility
The Century Foundation – Bias and Credibility,https://mediabiasfactcheck.com/the-century-foundation/,www.tcf.org,left-center,high,no credibility rating available
Boston Broadside – Bias and Credibility,https://mediabiasfactcheck.com/boston-broadside-bias/,www.bostonbroadside.com,right,mixed,low credibility
The Daily Citizen (Dalton) – Bias and Credibility,https://mediabiasfactcheck.com/daily-citizen-dalton/,www.daltondailycitizen.com,left-center,high,high credibility
The Day (New London) – Bias and Credibility,https://mediabiasfactcheck.com/day-new-london/,www.theday.com,left-center,high,high credibility
The Forward – Bias and Credibility,https://mediabiasfactcheck.com/the-forward/,www.forward.com,left-center,high,high credibility
C19colchicine.com – Bias and Credibility,https://mediabiasfactcheck.com/c19colchicine-com-bias/,www.c19colchicine.com,right,mixed,low credibility
The Hindu – Bias and Credibility,https://mediabiasfactcheck.com/the-hindu/,www.thehindu.com,left-center,mostly,high credibility
Ars Technica – Bias and Credibility,https://mediabiasfactcheck.com/ars-technica/,www.arstechnica.com,center,high,high credibility
Stillness in the Storm – Bias and Credibility,https://mediabiasfactcheck.com/stillness-in-the-storm/,www.stillnessinthestorm.com,conspiracy,low,low credibility
Philadelphia Tribune – Bias and Credibility,https://mediabiasfactcheck.com/philadelphia-tribune/,www.phillytrib.com,left-center,high,high credibility
The Daily Expose – Bias and Credibility,https://mediabiasfactcheck.com/the-daily-expose/,www.expose-news.com,conspiracy,VeryLow,low credibility
The Fullerton Informer – Bias and Credibility,https://mediabiasfactcheck.com/the-fullerton-informer/,www.thefullertoninformer.com,conspiracy,VeryLow,low credibility
The Highwire – Bias and Credibility,https://mediabiasfactcheck.com/the-highwire/,www.thehighwire.com,conspiracy,low,low credibility
The Purist Magazine – Bias and Credibility,https://mediabiasfactcheck.com/the-purist-magazine-bias/,www.thepuristonline.com,conspiracy,low,low credibility
The Truth Seeker – Bias and Credibility,https://mediabiasfactcheck.com/the-truth-seeker/,www.thetruthseeker.co.uk,conspiracy,low,low credibility
Preston Citizen – Bias and Credibility,https://mediabiasfactcheck.com/preston-citizen-bias/,www.hjnews.com,left-center,high,high credibility
TruNews – Bias and Credibility,https://mediabiasfactcheck.com/trunews/,www.trunews.com,conspiracy,low,low credibility
USA Hitman – Bias and Credibility,https://mediabiasfactcheck.com/usa-hitman/,www.usahitman.com,conspiracy,low,low credibility
Vaccines News – Bias and Credibility,https://mediabiasfactcheck.com/vaccines-news/,www.vaccines.news,conspiracy,VeryLow,low credibility
Quesnel Cariboo Observer – Bias and Credibility,https://mediabiasfactcheck.com/quesnel-cariboo-bias/,www.quesnelobserver.com,left-center,high,high credibility
Raleigh News and Observer – Bias and Credibility,https://mediabiasfactcheck.com/raleigh-news-observer/,www.newsobserver.com,left-center,high,no credibility rating available
WhatDoesItMean – Bias and Credibility,https://mediabiasfactcheck.com/whatdoesitmean/,www.whatdoesitmean.com,conspiracy,VeryLow,low credibility
WorldHealth.net – Bias and Credibility,https://mediabiasfactcheck.com/worldhealth-net/,www.worldhealth.net,conspiracy,low,low credibility
RocketNews – Bias and Credibility,https://mediabiasfactcheck.com/rocketnews/,www.rocketnews.com,left-center,mixed,medium credibility
12minutos.com – Bias and Credibility,https://mediabiasfactcheck.com/12minutos-com/,www.12minutos.com,No media bias rating,low,low credibility
Sacramento Bee – Bias and Credibility,https://mediabiasfactcheck.com/sacramento-bee/,www.sacbee.com,left-center,high,high credibility
Al Arabiya – Bias and Credibility,https://mediabiasfactcheck.com/al-arabiya/,english.alarabiya.net,right-center,mixed,low credibility
All News Pipeline – Bias and Credibility,https://mediabiasfactcheck.com/all-news-pipeline/,www.allnewspipeline.com,extreme-right,low,low credibility
Saudi Gazette – Bias and Credibility,https://mediabiasfactcheck.com/saudi-gazette/,saudigazette.com.sa,left-center,mixed,medium credibility
Seattle Post-Intelligencer – Bias and Credibility,https://mediabiasfactcheck.com/seattle-post-intelligencer/,www.seattlepi.com,left-center,high,no credibility rating available
SFGate – Bias and Credibility,https://mediabiasfactcheck.com/sfgate/,www.sfgate.com,left-center,high,high credibility
Snopes – Bias and Credibility,https://mediabiasfactcheck.com/snopes/,www.snopes.com,left-center,mostly,high credibility
American Principles Project – Bias and Credibility,https://mediabiasfactcheck.com/american-principles-project/,www.americanprinciplesproject.org,extreme-right,low,low credibility
Spin (Magazine) – Bias and Credibility,https://mediabiasfactcheck.com/spin-magazine/,www.spin.com,left-center,high,high credibility
Ames Today – Bias and Credibility,https://mediabiasfactcheck.com/ames-today-bias/,www.amestoday.com,right-center,mixed,low credibility
Anne Arundel Today – Bias and Credibility,https://mediabiasfactcheck.com/anne-arundel-today-bias/,www.annearundeltoday.com,right-center,mixed,low credibility
Archaeology World – Bias and Credibility,https://mediabiasfactcheck.com/archaeology-world/,www.archaeology-world.com,No media bias rating,mixed,low credibility
Athens Reporter – Bias and Credibility,https://mediabiasfactcheck.com/athens-reporter/,www.athensreporter.com,right-center,mixed,low credibility
Baja California Post – Bias and Credibility,https://mediabiasfactcheck.com/baja-california-post-bias/,www.bajacaliforniapost.com,left-center,mixed,low credibility
Tampa Bay Times – Bias and Credibility,https://mediabiasfactcheck.com/tampa-bay-times/,www.tampabay.com,left-center,high,high credibility
Tax Policy Center – Bias and Credibility,https://mediabiasfactcheck.com/tax-policy-center/,www.taxpolicycenter.org,left-center,high,high credibility
Terre Haute Tribune-Star – Bias and Credibility,https://mediabiasfactcheck.com/terre-haute-tribune-star/,www.tribstar.com,left-center,high,high credibility
The Asahi Shimbun – Bias and Credibility,https://mediabiasfactcheck.com/the-asahi-shimbun/,www.asahi.com,left-center,high,no credibility rating available
The Bipartisan Press – Bias and Credibility,https://mediabiasfactcheck.com/the-bipartisan-press/,www.thebipartisanpress.com,left-center,high,high credibility
Bluegrass Times – Bias and Credibility,https://mediabiasfactcheck.com/bluegrass-times-bias/,www.bluegrasstimes.com,right-center,mixed,low credibility
The Coloradoan – Bias and Credibility,https://mediabiasfactcheck.com/the-coloradoan/,www.coloradoan.com,left-center,high,high credibility
Breaking First – Bias and Credibility,https://mediabiasfactcheck.com/breaking-first/,www.breakingfirst.com,extreme-right,low,low credibility
The Dominion Post – Bias and Credibility,https://mediabiasfactcheck.com/the-dominion-post/,www.dominionpost.com,left-center,high,high credibility
BuzzLoving – Bias and Credibility,https://mediabiasfactcheck.com/buzzloving-bias/,www.buzzloving.com,center,mixed,low credibility
C19curcumin.com – Bias and Credibility,https://mediabiasfactcheck.com/c19curcumin-com-bias/,www.c19curcumin.com,right,mixed,low credibility
The Humanist Magazine – Bias and Credibility,https://mediabiasfactcheck.com/the-humanist-magazine/,www.thehumanist.com,left-center,high,high credibility
C19proxalutamide.com – Bias and Credibility,https://mediabiasfactcheck.com/c19proxalutamide-com-bias/,www.c19proxalutamide.com,right,mixed,low credibility
C19sv.com (Sotrovimab for Covid) – Bias and Credibility,https://mediabiasfactcheck.com/c19sv-com-sotrovimab-for-covid-bias/,www.c19sv.com,right,mixed,low credibility
The Greanville Post – Bias and Credibility,https://mediabiasfactcheck.com/the-greanville-post-bias-rating/,www.greanvillepost.com,conspiracy,mixed,low credibility
Port Colborne Leader – Bias and Credibility,https://mediabiasfactcheck.com/port-colborne-leader-bias/,www.stcatharinesstandard.ca,left-center,high,high credibility
Positive News – Bias and Credibility,https://mediabiasfactcheck.com/positive-news/,www.positive.news,left-center,high,high credibility
Prince George Citizen – Bias and Credibility,https://mediabiasfactcheck.com/prince-george-citizen-bias/,www.princegeorgecitizen.com,left-center,high,high credibility
Thrive Global – Bias and Credibility,https://mediabiasfactcheck.com/thrive-global/,www.thriveglobal.com,conspiracy,mixed,low credibility
Propublica – Bias and Credibility,https://mediabiasfactcheck.com/propublica/,www.propublica.org,left-center,high,high credibility
USAWatchdog.com – Bias and Credibility,https://mediabiasfactcheck.com/usawatchdog-com/,www.usawatchdog.com,conspiracy,low,low credibility
Pulse Nigeria – Bias and Credibility,https://mediabiasfactcheck.com/pulse-nigeria-bias/,www.pulse.ng,left-center,mixed,medium credibility
VoteFraud.News – Bias and Credibility,https://mediabiasfactcheck.com/votefraud-news/,www.votefraud.news,conspiracy,VeryLow,low credibility
Religion News Service (RNS) – Bias and Credibility,https://mediabiasfactcheck.com/religion-news-service-rns/,www.religionnews.com,left-center,high,high credibility
World Affairs Brief – Bias and Credibility,https://mediabiasfactcheck.com/world-affairs-brief/,www.worldaffairsbrief.com,conspiracy,VeryLow,low credibility
Militarist Monitor – Bias and Credibility,https://mediabiasfactcheck.com/right-web/,www.militarist-monitor.org,left-center,high,no credibility rating available
24Jours.com – Bias and Credibility,https://mediabiasfactcheck.com/24jours-com/,www.24jours.com,right-center,low,low credibility
Saanich News – Bias and Credibility,https://mediabiasfactcheck.com/saanich-news-bias/,www.saanichnews.com,left-center,high,high credibility
San Antonio Express-News – Bias and Credibility,https://mediabiasfactcheck.com/san-antonio-express-news/,www.expressnews.com,left-center,high,no credibility rating available
San Luis Obispo Tribune – Bias and Credibility,https://mediabiasfactcheck.com/san-luis-obispo-tribune/,www.sanluisobispo.com,left-center,high,high credibility
Alt-Right TV – Bias and Credibility,https://mediabiasfactcheck.com/alt-right-tv/,www.no url available,extreme-right,low,low credibility
American College of Pediatricians – Bias and Credibility,https://mediabiasfactcheck.com/american-college-of-pediatricians/,www.acpeds.org,right,low,low credibility
American Gulag – Bias and Credibility,https://mediabiasfactcheck.com/american-gulag/,www.americangulag.org,extreme-right,VeryLow,low credibility
American Partisan – Bias and Credibility,https://mediabiasfactcheck.com/american-partisan-bias/,www.americanpartisan.org,right,low,low credibility
American Renaissance Magazine – Bias and Credibility,https://mediabiasfactcheck.com/american-renaissance-magazine/,www.amren.com,extreme-right,low,low credibility
Americans Are Pissed – Bias and Credibility,https://mediabiasfactcheck.com/americans-are-pissed/,www.americansarepissed.com,extreme-right,low,no credibility rating available
Stamford Advocate – Bias and Credibility,https://mediabiasfactcheck.com/stamford-advocate/,www.stamfordadvocate.com,left-center,high,high credibility
St. Clair News-Aegis – Bias and Credibility,https://mediabiasfactcheck.com/st-clair-news-aegis-bias/,www.newsaegis.com,left-center,high,high credibility
StopFake – Bias and Credibility,https://mediabiasfactcheck.com/stopfake/,www.stopfake.org,left-center,high,high credibility
Successful Farming Magazine – Bias and Credibility,https://mediabiasfactcheck.com/successful-farming-magazine-bias/,www.agriculture.com,left-center,high,high credibility
SWI – Swissinfo.ch – Bias and Credibility,https://mediabiasfactcheck.com/swi-swissinfo-ch/,www.swissinfo.ch,left-center,high,high credibility
Baton Rouge Reporter – Bias and Credibility,https://mediabiasfactcheck.com/baton-rouge-reporter-bias/,www.batonrougereporter.com,right-center,mixed,low credibility
BDNews24 – Bias and Credibility,https://mediabiasfactcheck.com/bdnews24/,www.bdnews24.com,left-center,mixed,low credibility
Beijing Review – Bias and Credibility,https://mediabiasfactcheck.com/beijing-review/,www.bjreview.com,left-center,mixed,low credibility
BillionBibles.org – Bias and Credibility,https://mediabiasfactcheck.com/billionbibles-bias-credibility-christian-propaganda-fake-news/,www.billionbibles.org,right,VeryLow,low credibility
Black Genocide – Bias and Credibility,https://mediabiasfactcheck.com/black-genocide/,www.blackgenocide.org,extreme-right,low,low credibility
The Christian Left – Bias and Credibility,https://mediabiasfactcheck.com/the-christian-left/,www.thechristianleft.org,left-center,mixed,medium credibility
Bowling Green Today – Bias and Credibility,https://mediabiasfactcheck.com/bowling-green-today-bias/,www.bowlinggreentoday.com,right-center,mixed,low credibility
The Daily Climate – Bias and Credibility,https://mediabiasfactcheck.com/the-daily-climate/,www.dailyclimate.org,left-center,high,no credibility rating available
Bristol Reporter – Bias and Credibility,https://mediabiasfactcheck.com/bristol-reporter-bias/,www.bristolreporter.com,right-center,mixed,low credibility
The Frontier – Bias and Credibility,https://mediabiasfactcheck.com/frontier-media-bias-credibility-rating/,www.readfrontier.org,left-center,high,high credibility
The Guardian – Bias and Credibility,https://mediabiasfactcheck.com/the-guardian/,www.theguardian.com,left-center,mixed,medium credibility
C19hcq.com – Bias and Credibility,https://mediabiasfactcheck.com/c19hcq-com-bias/,www.c19hcq.com,right,mixed,low credibility
The Indian Express – Bias and Credibility,https://mediabiasfactcheck.com/the-indian-express/,www.indianexpress.com,left-center,mixed,medium credibility
C19rmd.com (Remdesivir for Covid) – Bias and Credibility,https://mediabiasfactcheck.com/c19rmd-com-remdesivir-for-covid-bias/,www.c19rmd.com,right,mixed,low credibility
C19Zinc.com – Bias and Credibility,https://mediabiasfactcheck.com/c19zinc-com-bias/,www.c19zinc.com,right,mixed,low credibility
The Maui News – Bias and Credibility,https://mediabiasfactcheck.com/the-maui-news/,www.mauinews.com,left-center,high,high credibility
Capitol News – Bias and Credibility,https://mediabiasfactcheck.com/capitol-news-bias/,www.micapitolnews.com,right-center,mixed,low credibility
Americans for Truth (AFTAH) – Bias and Credibility,https://mediabiasfactcheck.com/americans-for-truth-aftah/,www.americansfortruth.com,extreme-right,VeryLow,low credibility
Analyzing America – Bias and Credibility,https://mediabiasfactcheck.com/analyzing-america/,www.analyzingamerica.org,extreme-right,mixed,low credibility
Anonymous Wire – Bias and Credibility,https://mediabiasfactcheck.com/anonymous-wire-bias/,www.anonymouswire.com,extreme-right,low,low credibility
Aroostook News – Bias and Credibility,https://mediabiasfactcheck.com/aroostook-news-bias/,www.aroostooknews.com,right-center,mixed,low credibility
Surrey Now-Leader – Bias and Credibility,https://mediabiasfactcheck.com/surrey-now-leader-bias/,www.surreynowleader.com,left-center,high,high credibility
Basnews Agency – Bias and Credibility,https://mediabiasfactcheck.com/basnews-agency/,www.basnews.com,left,mixed,low credibility
Bbarta24 – Bias and Credibility,https://mediabiasfactcheck.com/bbarta24/,en.bbarta24.net,left-center,mixed,low credibility
Before it’s News – Bias and Credibility,https://mediabiasfactcheck.com/before-its-news/,www.beforeitsnews.com,extreme-right,low,low credibility
Big Sky Times – Bias and Credibility,https://mediabiasfactcheck.com/big-sky-times-bias/,www.bigskytimes.com,right-center,mixed,low credibility
BlackNews.com – Bias and Credibility,https://mediabiasfactcheck.com/blacknews-com/,www.blacknews.com,No media bias rating,mixed,low credibility
The Chronicle of Higher Education – Bias and Credibility,https://mediabiasfactcheck.com/the-chronicle-of-higher-education/,www.chronicle.com,left-center,high,high credibility
The Council of Canadians – Bias and Credibility,https://mediabiasfactcheck.com/the-council-of-canadians/,www.canadians.org,left-center,high,high credibility
Breitbart – Bias and Credibility,https://mediabiasfactcheck.com/breitbart/,www.breitbart.com,extreme-right,mixed,low credibility
The Express-Times (Lehigh Valley) – Bias and Credibility,https://mediabiasfactcheck.com/the-express-times-lehigh-valley/,www.lehighvalleylive.com,left-center,high,high credibility
C19Budesonide.com – Bias and Credibility,https://mediabiasfactcheck.com/c19budesonide-com-bias/,www.c19budesonide.com,right,mixed,low credibility
C19fluvoxamine.com – Bias and Credibility,https://mediabiasfactcheck.com/c19fluvoxamine-com-bias/,www.c19fluvoxamine.com,right,mixed,low credibility
C19nitazoxanide.com – Bias and Credibility,https://mediabiasfactcheck.com/c19nitazoxanide-com-bias/,www.c19nitazoxanide.com,right,mixed,low credibility
C19regn.com – Bias and Credibility,https://mediabiasfactcheck.com/c19regn-com/,www.c19regn.com,right,mixed,low credibility
Caixin Global – Bias and Credibility,https://mediabiasfactcheck.com/caixin-global/,www.caixinglobal.com,right-center,mixed,low credibility
Cap News – Bias and Credibility,https://mediabiasfactcheck.com/cap-news/,www.cap-news.com,No media bias rating,VeryLow,no credibility rating available
The New Tropic – Bias and Credibility,https://mediabiasfactcheck.com/the-new-tropic/,www.thenewtropic.com,left-center,high,high credibility
The Olympian – Bias and Credibility,https://mediabiasfactcheck.com/the-olympian/,www.theolympian.com,left-center,high,high credibility
CCTV International (CCTV-9) – Bias and Credibility,https://mediabiasfactcheck.com/cctv-america/,english.cctv.com,left-center,mixed,low credibility
Central Broward News – Bias and Credibility,https://mediabiasfactcheck.com/central-broward-news/,www.centralbrowardnews.com,right-center,mixed,low credibility
Central Iowa Times – Bias and Credibility,https://mediabiasfactcheck.com/central-iowa-times-bias/,www.centraliowatimes.com,right-center,mixed,low credibility
The Tab – Bias and Credibility,https://mediabiasfactcheck.com/the-tab/,www.thetab.com,left-center,high,high credibility
China Daily – Bias and Credibility,https://mediabiasfactcheck.com/china-daily/,www.chinadaily.com.cn,No media bias rating,mixed,low credibility
Thomasville Times-Enterprise – Bias and Credibility,https://mediabiasfactcheck.com/thomasville-times-enterprise-bias/,www.timesenterprise.com,left-center,high,high credibility
Clay County Times – Bias and Credibility,https://mediabiasfactcheck.com/clay-county-times/,www.claycotimes.com,right-center,mixed,low credibility
Coastal GA News – Bias and Credibility,https://mediabiasfactcheck.com/coastal-ga-news/,www.coastalganews.com,right-center,mixed,low credibility
Topeka Capital-Journal – Bias and Credibility,https://mediabiasfactcheck.com/topeka-capital-journal/,www.cjonline.com,left-center,high,high credibility
Conservative Ammo – Bias and Credibility,https://mediabiasfactcheck.com/conservative-ammo/,www.conservativeammo.com,extreme-right,low,low credibility
Conservative Playlist – Bias and Credibility,https://mediabiasfactcheck.com/conservative-playlist/,www.conservativeplaylist.com,extreme-right,low,low credibility
Constative – Bias and Credibility,https://mediabiasfactcheck.com/constative-bias/,www.constative.com,right-center,mixed,low credibility
Vera Files – Bias and Credibility,https://mediabiasfactcheck.com/vera-files/,www.verafiles.org,left-center,high,high credibility
Creative Destruction Media (CD Media) – Bias and Credibility,https://mediabiasfactcheck.com/creative-destruction-media-cd-media-bias/,www.creativedestructionmedia.com,extreme-right,low,low credibility
Daily Citizen (Focus on the Family) – Bias and Credibility,https://mediabiasfactcheck.com/daily-citizen-focus-on-the-family/,dailycitizen.focusonthefamily.com,extreme-right,low,low credibility
Daily Surge – Bias and Credibility,https://mediabiasfactcheck.com/daily-surge/,www.dailysurge.com,right,low,low credibility
Washington Blade – Bias and Credibility,https://mediabiasfactcheck.com/washington-blade/,www.washingtonblade.com,left-center,high,high credibility
Waterloo Chronicle – Bias and Credibility,https://mediabiasfactcheck.com/waterloo-chronicle-bias/,www.waterloochronicle.ca,left-center,high,high credibility
Democratic National Committee (DNC) – Bias and Credibility,https://mediabiasfactcheck.com/democratic-national-committee-dnc/,www.democrats.org,left,mixed,low credibility
WHYY – NPR – Philadelphia – Bias and Credibilty,https://mediabiasfactcheck.com/whyy-npr-philadelphia-bias/,www.whyy.org,left-center,high,high credibility
WJZ – CBS Baltimore – Bias and Credibility,https://mediabiasfactcheck.com/wjz-cbs-baltimore-bias/,atlanta.cbslocal.com,left-center,high,high credibility
East Alameda News – Bias and Credibility,https://mediabiasfactcheck.com/east-alameda-news/,www.eastalamedanews.com,right-center,mixed,low credibility
St. Augustine Record – Bias and Credibility,https://mediabiasfactcheck.com/st-augustine-record-bias/,www.staugustine.com,left-center,high,high credibility
State of the Planet – Bias and Credibility,https://mediabiasfactcheck.com/state-of-the-planet-bias/,news.climate.columbia.edu,left-center,high,high credibility
Arab News – Bias and Credibility,https://mediabiasfactcheck.com/arab-news/,www.arabnews.com,right-center,mixed,low credibility
Association of American Physicians and Surgeons (AAPS) – Bias and Credibility,https://mediabiasfactcheck.com/association-of-american-physicians-and-surgeons-aaps/,www.aapsonline.org,extreme-right,low,low credibility
Augusta-Richmond Herald – Bias and Credibility,https://mediabiasfactcheck.com/augusta-richmond-herald-bias/,www.augustarichmondherald.com,left-center,mixed,low credibility
Tallahassee Democrat – Bias and Credibility,https://mediabiasfactcheck.com/tallahassee-democrat/,www.tallahassee.com,left-center,high,high credibility
TCPalm – Treasure Coast News – Bias and Credibility,https://mediabiasfactcheck.com/tcpalm-treasure-coast-news-bias/,www.tcpalm.com,left-center,high,high credibility
Texas Monthly – Bias and Credibility,https://mediabiasfactcheck.com/texas-monthly/,www.texasmonthly.com,left-center,high,high credibility
The Asbury Park Press – Bias and Credibility,https://mediabiasfactcheck.com/the-asbury-park-press/,www.app.com,left-center,high,high credibility
The Brownsville Herald – Bias and Credibility,https://mediabiasfactcheck.com/the-brownsville-herald/,www.myrgv.com,left-center,high,high credibility
Blue State Blues News – Bias and Credibility,https://mediabiasfactcheck.com/blue-states-blues-news-bias/,www.bluestatebluesnews.com,right,mixed,low credibility
Bossip – Bias and Credibility,https://mediabiasfactcheck.com/bossip/,www.bossip.com,extreme-left,mixed,low credibility
Breakingnews247.net – Bias and Credibility,https://mediabiasfactcheck.com/breakingnews247-net/,www.breakingnews247.net,No media bias rating,low,low credibility
Britain First – Bias and Credibility,https://mediabiasfactcheck.com/britain-first/,www.britainfirst.org,extreme-right,low,low credibility
c19aspirin.com – Bias and Credibility,https://mediabiasfactcheck.com/c19aspirin-com-bias/,www.c19aspirin.com,right,mixed,low credibility
The Herald (Everett) – Bias and Credibility,https://mediabiasfactcheck.com/the-herald-everett/,www.heraldnet.com,left-center,high,high credibility
C19mp.com (Molnupiravir) – Bias and Credibility,https://mediabiasfactcheck.com/c19mp-com-molnupiravir-bias/,www.c19mp.com,right,mixed,low credibility
The Irrawaddy – Bias and Credibility,https://mediabiasfactcheck.com/the-irrawaddy/,www.irrawaddy.com,left-center,high,high credibility
The Korea Times – Bias and Credibility,https://mediabiasfactcheck.com/the-korea-times/,www.koreatimes.co.kr,left-center,mostly,high credibility
Cancun Post – Bias and Credibility,https://mediabiasfactcheck.com/cancun-post-bias/,www.thecancunpost.com,left-center,mixed,low credibility
The News Minute – Bias and Credibility,https://mediabiasfactcheck.com/the-news-minute-bias/,www.thenewsminute.com,left-center,mostly,high credibility
Catholic Tribune – Florida – Bias and Credibility,https://mediabiasfactcheck.com/catholic-tribune-florida-bias/,www.flcatholictribune.com,right-center,mixed,low credibility
The Plain Dealer – Bias and Credibility,https://mediabiasfactcheck.com/the-plain-dealer/,www.cleveland.com,left-center,high,high credibility
True Activist – Bias and Credibility,https://mediabiasfactcheck.com/true-activist/,www.trueactivist.com,extreme-left,low,low credibility
TheSkimm – Bias and Credibility,https://mediabiasfactcheck.com/the-skimm/,www.theskimm.com,left-center,high,high credibility
Central STL News – Bias and Credibility,https://mediabiasfactcheck.com/central-stl-news-bias/,www.centralstlnews.com,right-center,mixed,low credibility
The Week UK – Bias and Credibility,https://mediabiasfactcheck.com/the-week-uk/,www.theweek.co.uk,left-center,high,high credibility
Citizens Journal – Bias and Credibility,https://mediabiasfactcheck.com/citizens-journal-bias/,www.citizensjournal.us,right,mixed,low credibility
The Clover Chronicle – Bias and Credibility,https://mediabiasfactcheck.com/clover-chronicle-bias-credibility-fake-news/,www.cloverchronicle.com,extreme-right,low,low credibility
Columbus News – Bias and Credibility,https://mediabiasfactcheck.com/columbus-news-bias/,www.colonews.org,left-center,mixed,low credibility
Conservapedia – Bias and Credibility,https://mediabiasfactcheck.com/conservapedia/,www.conservapedia.com,extreme-right,mixed,low credibility
Conservative Daily Post – Bias and Credibility,https://mediabiasfactcheck.com/conservative-daily-post/,www.conservativedailypost.com,extreme-right,low,low credibility
Conservative Politics Today – Bias and Credibility,https://mediabiasfactcheck.com/conservative-politics-today/,www.facebook.com,extreme-right,low,low credibility
Vancouver Island Free Daily – Bias and Credibility,https://mediabiasfactcheck.com/vancouver-island-free-daily-bias/,www.vancouverislandfreedaily.com,left-center,high,high credibility
Council of Conservative Citizens – Bias and Credibility,https://mediabiasfactcheck.com/council-of-conservative-citizens/,www.conservative-headlines.org,extreme-right,low,low credibility
Victorville Daily Press – Bias and Credibility,https://mediabiasfactcheck.com/victorville-daily-press-bias/,www.vvdailypress.com,left-center,high,high credibility
Daily Headlines – Bias and Credibility,https://mediabiasfactcheck.com/daily-headlines/,www.dailyheadlines.net,extreme-right,low,low credibility
WalesOnline – Bias and Credibility,https://mediabiasfactcheck.com/walesonline/,www.walesonline.co.uk,left-center,high,high credibility
Decatur Times – Bias and Credibility,https://mediabiasfactcheck.com/decatur-times/,www.decaturtimes.com,right-center,mixed,low credibility
Defiant America – Bias and Credibility,https://mediabiasfactcheck.com/defiant-america/,www.defiantamerica.com,extreme-right,low,low credibility
West Hawaii Today – Bias and Credibility,https://mediabiasfactcheck.com/west-hawaii-today-bias/,www.westhawaiitoday.com,left-center,high,high credibility
DiamondandSilkinc.com – Bias and Credibility,https://mediabiasfactcheck.com/diamondandsilkinc-com-bias/,www.diamondandsilkinc.com,right,low,low credibility
Down River Today – Bias and Credibility,https://mediabiasfactcheck.com/down-river-today-bias/,www.downrivertoday.com,right-center,mixed,low credibility
World Policy Institute (Broaden) – Bias and Credibility,https://mediabiasfactcheck.com/world-policy-institute/,www.broadenimpact.com,left-center,high,high credibility
The Garden Island – Bias and Credibility,https://mediabiasfactcheck.com/the-garden-island-bias/,www.thegardenisland.com,left-center,high,high credibility
C19favipiravir.com – Bias and Credibility,https://mediabiasfactcheck.com/c19favipiravir-com-bias/,www.c19favipiravir.com,right,mixed,low credibility
C19melatonin.com – Bias and Credibility,https://mediabiasfactcheck.com/c19melatonin-com-bias/,www.c19melatonin.com,right,mixed,low credibility
C19pvpi.com – Bias and Credibility,https://mediabiasfactcheck.com/c19pvpi-com-bias/,www.c19pvpi.com,right,mixed,low credibility
The Journalist’s Resource – Bias and Credibility,https://mediabiasfactcheck.com/the-journalists-resource-bias/,www.journalistsresource.org,left-center,high,high credibility
Canada Free Press – Bias and Credibility,https://mediabiasfactcheck.com/canada-free-press/,www.canadafreepress.com,extreme-right,low,low credibility
The New Arab – Bias and Credibility,https://mediabiasfactcheck.com/the-new-arab/,www.alaraby.co.uk,left-center,mostly,high credibility
The Next Web – Bias and Credibility,https://mediabiasfactcheck.com/the-next-web/,www.thenextweb.com,left-center,mostly,high credibility
The Palm Beach Post – Bias and Credibility,https://mediabiasfactcheck.com/the-palm-beach-post/,www.palmbeachpost.com,left-center,high,high credibility
The Quint – Bias and Credibility,https://mediabiasfactcheck.com/the-quint/,www.thequint.com,left-center,high,high credibility
Central Florida Post – Bias and Credibility,https://mediabiasfactcheck.com/central-florida-post-bias/,www.centralfloridapost.com,right,low,low credibility
Central Missouri News – Bias and Credibility,https://mediabiasfactcheck.com/central-missouri-news-bias/,www.centralmissourinews.com,right-center,mixed,low credibility
The Trace – Bias and Credibility,https://mediabiasfactcheck.com/the-trace/,www.thetrace.org,left-center,high,high credibility
The Virginian-Pilot – Bias and Credibility,https://mediabiasfactcheck.com/the-virginian-pilot/,www.pilotonline.com,left-center,high,high credibility
TheWrap – Bias and Credibility,https://mediabiasfactcheck.com/thewrap/,www.thewrap.com,left-center,mixed,medium credibility
Clash Daily – Bias and Credibility,https://mediabiasfactcheck.com/clash-daily/,www.clashdaily.com,extreme-right,low,low credibility
Times Headline – Bias and Credibility,https://mediabiasfactcheck.com/times-headline/,www.timesheadline.com,left-center,mixed,medium credibility
New Orleans Times-Picayune – Bias and Credibility,https://mediabiasfactcheck.com/the-times-picayune/,www.nola.com,left-center,high,high credibility
TomDispatch.com – Bias and Credibility,https://mediabiasfactcheck.com/tomdispatch-com/,www.tomdispatch.com,left-center,high,high credibility
Connecticut Star – Bias and Credibility,https://mediabiasfactcheck.com/connecticut-star-bias/,www.theconnecticutstar.com,right,mixed,low credibility
Conservative Daily News – Bias and Credibility,https://mediabiasfactcheck.com/conservative-daily-news/,www.conservativedailynews.com,extreme-right,mixed,low credibility
Urban Institute – Bias and Credibility,https://mediabiasfactcheck.com/urban-institute/,www.urban.org,left-center,high,high credibility
UVA – Center for Politics – Bias and Credibility,https://mediabiasfactcheck.com/uva-center-for-politics-bias/,www.centerforpolitics.org,left-center,high,high credibility
Vaughan Citizen – Bias and Credibility,https://mediabiasfactcheck.com/vaughan-citizen-bias/,www.yorkregion.com,left-center,high,high credibility
Victoria Advocate – Bias and Credibility,https://mediabiasfactcheck.com/victoria-advocate/,www.victoriaadvocate.com,left-center,high,high credibility
Current Science Daily – Bias and Credibility,https://mediabiasfactcheck.com/current-science-daily-bias/,www.currentsciencedaily.com,right-center,mixed,low credibility
Daily Mail – Bias and Credibility,https://mediabiasfactcheck.com/daily-mail/,www.dailymail.co.uk,right,low,low credibility
Dakota Times – Bias and Credibility,https://mediabiasfactcheck.com/dakota-times-bias/,www.dakotatimes.com,right-center,mixed,low credibility
Deep Left Field – Bias and Credibility,https://mediabiasfactcheck.com/deep-left-field/,new.deepleftfield.info,extreme-left,mixed,low credibility
DeKalb GA News – Bias and Credibility,https://mediabiasfactcheck.com/dekalb-ga-news/,www.dekalbganews.com,right-center,mixed,low credibility
Deplorable Kel – Bias and Credibility,https://mediabiasfactcheck.com/deplorable-kel/,www.deplorablekel.com,extreme-right,low,low credibility
Williams Lake Tribune – Bias and Credibility,https://mediabiasfactcheck.com/williams-lake-tribune-bias/,www.wltribune.com,left-center,high,high credibility
Wired Magazine – Bias and Credibility,https://mediabiasfactcheck.com/wired-magazine/,www.wired.com,left-center,high,high credibility
WNYC – Bias and Credibility,https://mediabiasfactcheck.com/wnyc/,www.wnyc.org,left-center,high,high credibility
East Arizona News – Bias and Credibility,https://mediabiasfactcheck.com/east-arizona-news/,www.eastarizonanews.com,right-center,mixed,low credibility
East Hudson Valley News – Bias and Credibility,https://mediabiasfactcheck.com/east-hudson-valley-news-bias/,www.easthudvalleynews.com,right-center,mixed,low credibility
East Little Rock Times – Bias and Credibility,https://mediabiasfactcheck.com/east-little-rock-times/,www.eastlittlerocktimes.com,right-center,mixed,low credibility
YaleGlobal Online – Bias and Credibility,https://mediabiasfactcheck.com/yaleglobal-online-bias-credibility-rating/,world.yale.edu,left-center,high,high credibility
Zenger News – Bias and Credibility,https://mediabiasfactcheck.com/zenger-news-bias-and-credibility/,www.zenger.news,left-center,mostly,medium credibility
Eastern Wayne Today – Bias and Credibility,https://mediabiasfactcheck.com/eastern-wayne-today-bias/,www.easternwaynetoday.com,right-center,mixed,low credibility
EC Kansas News – Bias and Credibility,https://mediabiasfactcheck.com/ec-kansas-news-bias/,www.eckansasnews.com,right-center,mixed,low credibility
Elkhart Times – Bias and Credibility,https://mediabiasfactcheck.com/elkhart-times/,www.elkharttimes.com,right-center,mixed,low credibility
Africa Check – Bias and Credibility,https://mediabiasfactcheck.com/africa-check/,www.africacheck.org,center,very high,high credibility
AgWeb – Bias and Credibility,https://mediabiasfactcheck.com/agweb/,www.agweb.com,center,high,high credibility
Alabama Political Reporter – Bias and Credibility,https://mediabiasfactcheck.com/alabama-political-reporter/,www.alreporter.com,center,high,high credibility
The Hutchinson News – Bias and Credibility,https://mediabiasfactcheck.com/the-hutchinson-news-bias/,www.hutchnews.com,left-center,high,high credibility
The Irish Examiner – Bias and Credibility,https://mediabiasfactcheck.com/the-irish-examiner/,www.irishexaminer.com,left-center,mostly,high credibility
TheJournal.ie – Bias and Credibility,https://mediabiasfactcheck.com/thejournal-ie/,www.thejournal.ie,left-center,high,high credibility
The Lincoln Project – Bias and Credibility,https://mediabiasfactcheck.com/the-lincoln-project/,www.lincolnproject.us,left-center,mixed,medium credibility
The Motley Fool – Bias and Credibility,https://mediabiasfactcheck.com/the-motley-fool/,www.fool.com,left-center,high,high credibility
Capstone Report – Bias and Credibility,https://mediabiasfactcheck.com/capstone-report-bias/,www.capstonereport.com,extreme-right,low,low credibility
Catholic Tribune – Michigan – Bias and Credibility,https://mediabiasfactcheck.com/catholic-tribune-michigan-bias/,www.micatholictribune.com,right-center,mixed,low credibility
The Press Democrat – Bias and Credibility,https://mediabiasfactcheck.com/the-press-democrat/,www.pressdemocrat.com,left-center,high,high credibility
Center for Security Policy – Bias and Credibility,https://mediabiasfactcheck.com/center-for-security-policy/,www.centerforsecuritypolicy.org,extreme-right,mixed,low credibility
Central Idaho Times – Bias and Credibility,https://mediabiasfactcheck.com/central-idaho-times/,www.centralidahotimes.com,right-center,mixed,low credibility
The Sydney Morning Herald – Bias and Credibility,https://mediabiasfactcheck.com/the-sydney-morning-herald/,www.smh.com.au,left-center,high,high credibility
The Verge – Bias and Credibility,https://mediabiasfactcheck.com/the-verge/,www.theverge.com,left-center,high,high credibility
Thibodaux Daily Comet – Bias and Credibility,https://mediabiasfactcheck.com/thibodaux-daily-comet-bias/,www.dailycomet.com,left-center,high,high credibility
Tifton Gazette – Bias and Credibility,https://mediabiasfactcheck.com/tifton-gazette-bias/,www.tiftongazette.com,left-center,high,high credibility
Times of Trenton – Bias and Credibility,https://mediabiasfactcheck.com/times-of-trenton-bias/,www.nj.com,left-center,high,high credibility
Tofino-Ucluelet Westerly News – Bias and Credibility,https://mediabiasfactcheck.com/tofino-ucluelet-westerly-news-bias/,www.westerlynews.ca,left-center,high,high credibility
Tuscaloosa News – Bias and Credibility,https://mediabiasfactcheck.com/tuscaloosa-news-bias/,www.tuscaloosanews.com,left-center,high,high credibility
Conservative Choice Campaign – Bias and Credibility,https://mediabiasfactcheck.com/conservative-choice-campaign-bias/,www.conservativechoicecampaign.com,extreme-right,low,low credibility
Conservative Matrix – Bias and Credibility,https://mediabiasfactcheck.com/conservative-matrix/,www.conservativematrix.com,right,mixed,low credibility
Conservative Tribune – Bias and Credibility,https://mediabiasfactcheck.com/conservative-tribune/,www.westernjournal.com,extreme-right,VeryLow,low credibility
Corona Transition – Bias and Credibility,https://mediabiasfactcheck.com/corona-transition/,www.corona-transition.org,right,low,low credibility
CovidAnalysis Network (c19early.com) – Bias and Credibility,https://mediabiasfactcheck.com/covidanalysis-network-c19early-com-bias/,www.c19early.com,right,mixed,low credibility
Virginia Mercury – Bias and Credibility,https://mediabiasfactcheck.com/virginia-mercury/,www.virginiamercury.com,left-center,high,high credibility
VoteVets.org – Bias and Credibility,https://mediabiasfactcheck.com/votevets-org/,www.votevets.org,left-center,mixed,medium credibility
Walker Pilot-Independent – Bias and Credibility,https://mediabiasfactcheck.com/walker-pilot-independent-bias/,www.walkermn.com,left-center,high,high credibility
Washington Monthly – Bias and Credibility,https://mediabiasfactcheck.com/washington-monthly/,www.washingtonmonthly.com,left-center,high,high credibility
WBBM CBS Chicago – Bias and Credibility,https://mediabiasfactcheck.com/wbbm-cbs-chicago/,chicago.cbslocal.com,left-center,high,high credibility
WFOR – CBS Miami – Bias and Credibility,https://mediabiasfactcheck.com/wfor-cbs-miami/,miami.cbslocal.com,left-center,high,high credibility
Disclose TV – Bias and Credibility,https://mediabiasfactcheck.com/disclose-tv/,www.disclose.tv,right,mixed,low credibility
DNyuz – Bias and Credibility,https://mediabiasfactcheck.com/dnyuz/,www.dnyuz.com,right-center,mixed,low credibility
Dupage Policy Journal – Bias and Credibility,https://mediabiasfactcheck.com/dupage-policy-journal/,www.dupagepolicyjournal.com,right-center,mixed,low credibility
WorldCrunch – Bias and Credibility,https://mediabiasfactcheck.com/worldcrunch/,www.worldcrunch.com,left-center,high,high credibility
WQPR – NPR – Muscle Shoals – Bias and Credibility,https://mediabiasfactcheck.com/wqpr-npr-muscle-shoals/,www.apr.org,left-center,high,high credibility
East Central Iowa News – Bias and Credibility,https://mediabiasfactcheck.com/east-central-iowa-news-bias/,www.eciowanews.com,right-center,mixed,low credibility
East New Mexico News – Bias and Credibility,https://mediabiasfactcheck.com/east-new-mexico-news-bias/,www.eastnewmexiconews.com,right-center,mixed,low credibility
YR Media – Bias and Credibility,https://mediabiasfactcheck.com/youth-radio/,www.yr.media,left-center,high,high credibility
13 News – WIBW – Bias and Credibility,https://mediabiasfactcheck.com/13-news-wibw/,www.wibw.com,center,high,high credibility
1010 Wins AM – Bias and Credibility,https://mediabiasfactcheck.com/1010-wins-am/,www.audacy.com,center,high,high credibility
ABS-CBN News – Bias and Credibility,https://mediabiasfactcheck.com/abs-cbn-news/,news.abs-cbn.com,center,high,high credibility
Enchantment State News – Bias and Credibility,https://mediabiasfactcheck.com/enchantment-state-news-bias/,www.enchantmentstatenews.com,right-center,mixed,low credibility
Evie Magazine – Bias and Credibility,https://mediabiasfactcheck.com/evie-magazine-bias/,www.eviemagazine.com,extreme-right,low,low credibility
Farm Insurance News – Bias and Credibility,https://mediabiasfactcheck.com/farm-insurance-news-bias/,www.farminsurancenews.com,right-center,mixed,low credibility
Alloa Advertiser – Bias and Credibility,https://mediabiasfactcheck.com/alloa-advertiser-bias/,www.alloaadvertiser.com,center,high,high credibility
FireBoebert.com – Bias and Credibility,https://mediabiasfactcheck.com/fireboebert-com-bias/,www.fireboebert.com,No media bias rating,mixed,low credibility
The Independent UK – Bias and Credibility,https://mediabiasfactcheck.com/the-independent/,www.independent.co.uk,left-center,mixed,medium credibility
The Irish Times – Bias and Credibility,https://mediabiasfactcheck.com/the-irish-times/,www.irishtimes.com,left-center,high,high credibility
C19VitaminD.com – Bias and Credibility,https://mediabiasfactcheck.com/c19vitamind-com-bias/,www.c19vitamind.com,right,mixed,low credibility
The List – Bias and Credibility,https://mediabiasfactcheck.com/the-list/,www.thelist.com,left-center,mostly,medium credibility
Cape Cod Ledger – Bias and Credibility,https://mediabiasfactcheck.com/cape-cod-ledger-bias/,www.capecodledger.com,right-center,mixed,low credibility
Carbondale Reporter – Bias and Credibility,https://mediabiasfactcheck.com/carbondale-reporter/,www.carbondalereporter.com,right-center,mixed,low credibility
The Organized Crime and Corruption Reporting Project (OCCRP) – Bias and Credibility,https://mediabiasfactcheck.com/the-organized-crime-and-corruption-reporting-project-occrp-bias/,www.occrp.org,left-center,mostly,high credibility
CDA Reporter – Bias and Credibility,https://mediabiasfactcheck.com/cda-reporter/,www.cdareporter.com,right-center,mixed,low credibility
The Santa Fe New Mexican – Bias and Credibility,https://mediabiasfactcheck.com/santa-fe-new-mexican/,www.santafenewmexican.com,left-center,high,high credibility
The State (South Carolina) – Bias and Credibility,https://mediabiasfactcheck.com/the-state/,www.thestate.com,left-center,high,high credibility
The Sun Magazine – Bias and Credibility,https://mediabiasfactcheck.com/the-sun-magazine/,www.thesunmagazine.org,left-center,high,high credibility
Channel One Russia – Bias and Credibility,https://mediabiasfactcheck.com/channel-one-russia-bias/,www.1tv.ru,right-center,mixed,low credibility
Christian Action Network – Bias and Credibility,https://mediabiasfactcheck.com/christian-action-network/,www.christianaction.org,extreme-right,low,low credibility
Thornhill Liberal – Bias and Credibility,https://mediabiasfactcheck.com/thornhill-liberal-bias/,www.yorkregion.com,left-center,high,high credibility
Time Magazine – Bias and Credibility,https://mediabiasfactcheck.com/time/,www.time.com,left-center,high,high credibility
Cobb Reporter – Bias and Credibility,https://mediabiasfactcheck.com/cobb-reporter/,www.cobbreporter.com,right-center,mixed,low credibility
Truth Be Told – Bias and Credibility,https://mediabiasfactcheck.com/truth-be-told/,www.truthbetold.news,left-center,high,high credibility
Undark – Bias and Credibility,https://mediabiasfactcheck.com/undark/,www.undark.org,left-center,high,high credibility
UN News – Bias and Credibility,https://mediabiasfactcheck.com/un-news-bias/,news.un.org,left-center,high,high credibility
Utah Public Radio (UPR) – Bias and Credibility,https://mediabiasfactcheck.com/utah-public-radio-upr/,www.upr.org,left-center,high,high credibility
Cornhusker State News – Bias and Credibility,https://mediabiasfactcheck.com/cornhusker-state-news-bias/,www.cornhuskerstatenews.com,right-center,mixed,low credibility
Vice Media – Bias and Credibility,https://mediabiasfactcheck.com/vice-news/,www.vice.com,left-center,mostly,high credibility
Culture Watch News – Bias and Credibility,https://mediabiasfactcheck.com/culture-watch-news-bias/,www.culturewatchnews.com,right,mixed,low credibility
Voice of San Diego – Bias and Credibility,https://mediabiasfactcheck.com/voice-of-san-diego/,www.voiceofsandiego.org,left-center,high,high credibility
Daily Stormer – Bias and Credibility,https://mediabiasfactcheck.com/daily-stormer/,www.stormer-daily.rw,extreme-right,VeryLow,low credibility
Waseca County News – Bias and Credibility,https://mediabiasfactcheck.com/waseca-county-news-bias/,www.southernminn.com,left-center,high,high credibility
Defending the Republic – Bias and Credibility,https://mediabiasfactcheck.com/defending-the-republic-bias/,www.defendingtherepublic.org,extreme-right,VeryLow,low credibility
Welland Tribune – Bias and Credibility,https://mediabiasfactcheck.com/welland-tribune-bias/,www.wellandtribune.ca,left-center,high,high credibility
Detroit City Wire – Bias and Credibility,https://mediabiasfactcheck.com/detroit-city-wire-bias/,www.detroitcitywire.com,right-center,mixed,low credibility
DJHJ Media – Bias and Credibility,https://mediabiasfactcheck.com/djhj-media/,www.djhjmedia.com,extreme-right,low,low credibility
WLRH – NPR – Huntsville – Bias and Credibility,https://mediabiasfactcheck.com/wlrh-npr-huntsville/,www.wlrh.org,left-center,high,high credibility
East Arapahoe News – Bias and Credibility,https://mediabiasfactcheck.com/east-arapahoe-news/,www.eastarapahoenews.com,right-center,mixed,low credibility
WPVI – Philadelphia – Action News – Bias and Credibility,https://mediabiasfactcheck.com/wpvi-philadelphia-action-news-bias/,www.6abc.com,left-center,high,high credibility
WTVJ – NBC 6 – Miami – Bias and Credibility,https://mediabiasfactcheck.com/wtvj-nbc-6-miami-bias/,www.nbcmiami.com,left-center,high,high credibility
Yahoo News – Bias and Credibility,https://mediabiasfactcheck.com/yahoo-news/,news.yahoo.com,left-center,high,high credibility
York Dispatch – Bias and Credibility,https://mediabiasfactcheck.com/york-dispatch/,www.yorkdispatch.com,left-center,high,high credibility
12 News (KPNX) – Bias and Credibility,https://mediabiasfactcheck.com/12-news-kpnx/,www.12news.com,center,high,high credibility
EC Indiana News – Bias and Credibility,https://mediabiasfactcheck.com/ec-indiana-times-bias/,www.ecindiananews.com,right-center,mixed,low credibility
ABC12 News (WJRT) – Bias and Credibility,https://mediabiasfactcheck.com/abc12-news-wjrt/,www.abc12.com,center,high,high credibility
En Volve – Bias and Credibility,https://mediabiasfactcheck.com/en-volve/,www.en-volve.com,extreme-right,VeryLow,low credibility
Agerpres – Bias and Credibility,https://mediabiasfactcheck.com/agerpres/,www.agerpres.ro,center,high,high credibility
Family Survival Headlines – Bias and Credibility,https://mediabiasfactcheck.com/family-survival-headlines/,www.familysurvivalheadlines.com,right,mixed,low credibility
FDA Health News – Bias and Credibility,https://mediabiasfactcheck.com/fda-health-news-bias/,www.fdahealthnews.com,right-center,mixed,low credibility
American Heritage – Bias and Credibility,https://mediabiasfactcheck.com/american-heritage/,www.americanheritage.com,center,high,high credibility
Flag & Cross – Bias and Credibility,https://mediabiasfactcheck.com/flag-cross/,www.flagandcross.com,extreme-right,mixed,low credibility
The Independent and Free Press – Bias and Credibility,https://mediabiasfactcheck.com/the-independent-and-free-press-bias/,www.theifp.ca,left-center,high,high credibility
C19Quercetin.com – Bias and Credibility,https://mediabiasfactcheck.com/c19quercetin-com-bias/,www.c19quercetin.com,right,mixed,low credibility
The Journal News – Bias and Credibility,https://mediabiasfactcheck.com/the-journal-news/,www.lohud.com,left-center,high,high credibility
Campeche Post – Bias and Credibility,https://mediabiasfactcheck.com/campeche-post-bias/,www.campechepost.com,left-center,mixed,low credibility
Capital District Times – Bias and Credibility,https://mediabiasfactcheck.com/capital-district-times-bias/,www.capitaldistricttimes.com,right-center,mixed,low credibility
Catholic Tribune – Arizona – Bias and Credibility,https://mediabiasfactcheck.com/catholic-tribune-arizona-bias/,www.azcatholictribune.com,right-center,mixed,low credibility
The Patriot-News (Pennlive.com) – Bias and Credibility,https://mediabiasfactcheck.com/the-patriot-news/,www.pennlive.com,left-center,high,high credibility
The Record (New Jersey) – Bias and Credibility,https://mediabiasfactcheck.com/the-record-new-jersey/,www.northjersey.com,left-center,high,high credibility
The Saturday Paper – Bias and Credibility,https://mediabiasfactcheck.com/the-saturday-paper/,www.thesaturdaypaper.com.au,left-center,high,high credibility
The State Journal-Register – Bias and Credibility,https://mediabiasfactcheck.com/the-state-journal-register-bias/,www.sj-r.com,left-center,high,high credibility
Cerno (Cernovich.com) – Bias and Credibility,https://mediabiasfactcheck.com/cerno-cernovich-com/,www.cernovich.com,extreme-right,mixed,no credibility rating available
Chico Times – Bias and Credibility,https://mediabiasfactcheck.com/chico-times/,www.chicotimes.com,right-center,mixed,low credibility
Christians for Truth – Bias and Credibility,https://mediabiasfactcheck.com/christians-for-truth/,www.no url available,extreme-right,VeryLow,low credibility
ThreeNow – TV3 – New Zealand – Bias and Credibility,https://mediabiasfactcheck.com/tv3-new-zealand-bias/,www.threenow.co.nz,left-center,mostly,high credibility
CNS News – Bias and Credibility,https://mediabiasfactcheck.com/cns-news/,www.cnsnews.com,extreme-right,low,low credibility
TMZ – Bias and Credibility,https://mediabiasfactcheck.com/tmz/,www.tmz.com,left-center,mixed,medium credibility
Competitive Enterprise Institute – Bias and Credibility,https://mediabiasfactcheck.com/competitive-enterprise-institute/,www.cei.org,right,low,low credibility
Type Media Center – Bias and Credibility,https://mediabiasfactcheck.com/the-nation-institute/,www.typemediacenter.org,left-center,high,high credibility
United States Citizenship and Immigration Services (USCIS) – Bias and Credibility,https://mediabiasfactcheck.com/united-states-citizenship-and-immigration-services-uscis/,www.uscis.gov,left-center,very high,high credibility
USA Today – Bias and Credibility,https://mediabiasfactcheck.com/usa-today-2/,www.usatoday.com,left-center,mostly,high credibility
Conservative Underground News – Bias and Credibility,https://mediabiasfactcheck.com/conservative-underground-news-bias/,www.conservativeundergroundnews.com,right,mixed,low credibility
Council on American-Islamic Relations (CAIR) – Bias and Credibility,https://mediabiasfactcheck.com/council-on-american-islamic-relations-cair/,www.cair.com,right-center,mixed,low credibility
Cowger Nation – Bias and Credibility,https://mediabiasfactcheck.com/cowger-nation/,www.cowgernation.com,right,mixed,low credibility
Dagospia – Bias and Credibility,https://mediabiasfactcheck.com/dagospia-bias/,www.dagospia.com,right,low,low credibility
Daily Political Newswire – Bias and Credibility,https://mediabiasfactcheck.com/daily-political-newswire/,www.dailypoliticalnewswire.com,right,low,low credibility
DavidHarrisJr.com – Bias and Credibility,https://mediabiasfactcheck.com/davidharrisjr-com/,www.davidharrisjr.com,extreme-right,low,low credibility
Deep State Journal – Bias and Credibility,https://mediabiasfactcheck.com/deep-state-journal-bias/,www.deepstatejournal.com,extreme-right,low,low credibility
WBTS – NBC10 – Boston – Bias and Credibility,https://mediabiasfactcheck.com/wbts-nbc10-boston-bias/,www.nbcboston.com,left-center,high,high credibility
WHDH – Boston News – Bias and Credibility,https://mediabiasfactcheck.com/whdh-boston-news-bias/,www.whdh.com,left-center,high,high credibility
Wilmington Star-News – Bias and Credibility,https://mediabiasfactcheck.com/wilmington-star-news-bias/,www.starnewsonline.com,left-center,high,high credibility
WISH-TV – Bias and Credibility,https://mediabiasfactcheck.com/wish-tv/,www.wishtv.com,left-center,high,high credibility
Eagle Rising – Bias and Credibility,https://mediabiasfactcheck.com/eagle-rising/,www.eaglerising.com,extreme-right,low,no credibility rating available
World Press Review – Bias and Credibility,https://mediabiasfactcheck.com/world-press-review/,www.worldpress.org,left-center,mostly,medium credibility
WRC-TV – NBC Washington – Bias and Credibility,https://mediabiasfactcheck.com/wrc-tv-nbc-washington/,www.nbcwashington.com,left-center,high,high credibility
WUPA – CBS Atlanta – Bias and Credibility,https://mediabiasfactcheck.com/wupa-cbs-atlanta/,atlanta.cbslocal.com,left-center,high,high credibility
East SFV Today – Bias and Credibility,https://mediabiasfactcheck.com/east-sfv-news/,www.eastsfvtoday.com,right-center,mixed,low credibility
East Witchita Times – Bias and Credibility,https://mediabiasfactcheck.com/east-witchita-times-bias/,www.eastwichitatimes.com,right-center,mixed,low credibility
38 North – Bias and Credibility,https://mediabiasfactcheck.com/38-north/,www.38north.org,center,high,high credibility
Elizabethtown Times – Bias and Credibility,https://mediabiasfactcheck.com/elizabethtown-times-bias/,www.elizabethtowntimes.com,right-center,mixed,low credibility
Adweek – Bias and Credibility,https://mediabiasfactcheck.com/adweek/,www.adweek.com,center,high,high credibility
Everytown for Gun Safety – Bias and Credibility,https://mediabiasfactcheck.com/everytown-for-gun-safety/,www.everytownresearch.org,No media bias rating,mixed,low credibility
Alabama Now – Bias and Credibility,https://mediabiasfactcheck.com/alabama-now-bias/,www.alabamanow.com,center,high,high credibility
Alliance for Securing Democracy – Bias and Credibility,https://mediabiasfactcheck.com/alliance-securing-democracy/,securingdemocracy.gmfus.org,center,high,high credibility
Finger Lakes Today – Bias and Credibility,https://mediabiasfactcheck.com/finger-lakes-today-bias/,www.fingerlakestoday.com,right-center,mixed,low credibility
C19ns.com (Nigella Sativa) – Bias and Credibility,https://mediabiasfactcheck.com/c19ns-com-nigella-sativa-bias/,www.c19ns.com,right,mixed,low credibility
The Jakarta Post – Bias and Credibility,https://mediabiasfactcheck.com/the-jakarta-post/,www.thejakartapost.com,left-center,mostly,high credibility
The Lakeland Ledger – Bias and Credibility,https://mediabiasfactcheck.com/the-ledger/,www.theledger.com,left-center,high,high credibility
The Moderate Voice – Bias and Credibility,https://mediabiasfactcheck.com/the-moderate-voice/,www.themoderatevoice.com,left-center,high,high credibility
Cape News – Bias and Credibility,https://mediabiasfactcheck.com/cape-news-bias/,www.capemonews.com,right-center,mixed,low credibility
The Odyssey Online – Bias and Credibility,https://mediabiasfactcheck.com/the-odyssey-online/,www.theodysseyonline.com,left-center,mixed,medium credibility
Causeur (Talker) – Bias and Credibility,https://mediabiasfactcheck.com/causeur-talker-bias/,www.causeur.fr,right,low,low credibility
TheRighting – Bias and Credibility,https://mediabiasfactcheck.com/therighting-bias/,www.therighting.com,left-center,high,high credibility
Central Georgia News – Bias and Credibility,https://mediabiasfactcheck.com/central-georgia-news/,www.centralgeorgianews.com,right-center,mixed,low credibility
Central Montana Times – Bias and Credibility,https://mediabiasfactcheck.com/central-montana-times-bias/,www.centralmontanatimes.com,right-center,mixed,low credibility
The Tyee – Bias and Credibility,https://mediabiasfactcheck.com/the-tyee/,www.thetyee.ca,left-center,high,high credibility
China Global Television Network (CGTN) – Bias and Credibility,https://mediabiasfactcheck.com/china-global-television-network-cgtn/,www.cgtn.com,left-center,mixed,low credibility
Thomson Reuters Foundation – Bias and Credibility,https://mediabiasfactcheck.com/thomson-reuters-foundation/,news.trust.org,left-center,high,high credibility
Clay Reporter – Bias and Credibility,https://mediabiasfactcheck.com/clay-reporter-bias/,www.clayreporter.com,right-center,mixed,low credibility
Coconino News – Bias and Credibility,https://mediabiasfactcheck.com/coconino-news/,www.coconinonews.com,right-center,mixed,low credibility
Toronto Star – Bias and Credibility,https://mediabiasfactcheck.com/toronto-star/,www.thestar.com,left-center,high,high credibility
UAWire – Bias and Credibility,https://mediabiasfactcheck.com/uawire/,www.uawire.org,left-center,mixed,medium credibility
University Business – Bias and Credibility,https://mediabiasfactcheck.com/university-business/,www.universitybusiness.com,left-center,mixed,high credibility
US News World Report – Bias and Credibility,https://mediabiasfactcheck.com/us-news-world-report/,www.usnews.com,left-center,high,high credibility
Valdosta Daily Times – Bias and Credibility,https://mediabiasfactcheck.com/valdosta-daily-times-bias/,www.valdostadailytimes.com,left-center,high,high credibility
Ventura County Star – Bias and Credibility,https://mediabiasfactcheck.com/ventura-county-star-bias/,www.vcstar.com,left-center,high,high credibility
Victoria Buzz – Bias and Credibility,https://mediabiasfactcheck.com/victoria-buzz-bias/,www.victoriabuzz.com,left-center,high,high credibility
VladTV – Bias and Credibility,https://mediabiasfactcheck.com/vladtv-bias/,www.vladtv.com,left-center,mixed,medium credibility
Vulture – Bias and Credibility,https://mediabiasfactcheck.com/vulture/,www.vulture.com,left-center,high,high credibility
DC Dirty Laundry – Bias and Credibility,https://mediabiasfactcheck.com/dc-dirty-laundry/,www.dcdirtylaundry.com,extreme-right,VeryLow,low credibility
Washington Post – Bias and Credibility,https://mediabiasfactcheck.com/washington-post/,www.washingtonpost.com,left-center,mostly,high credibility
WCCO – CBS Minnesota – Bias and Credibility,https://mediabiasfactcheck.com/wcco-cbs-minnesota/,minnesota.cbslocal.com,left-center,high,high credibility
DeSantis Daily – Bias and Credibility,https://mediabiasfactcheck.com/desantis-daily-bias/,www.desantisdaily.com,right,mixed,low credibility
Disntr – Bias and Credibility,https://mediabiasfactcheck.com/disntr-bias/,www.disntr.com,right,mixed,low credibility
Download.News – Bias and Credibility,https://mediabiasfactcheck.com/download-news-bias-and-credibility/,www.download.news,extreme-right,VeryLow,low credibility
Woodrow Wilson International Center for Scholars – Bias and Credibility,https://mediabiasfactcheck.com/woodrow-wilson-international-center-for-scholars/,www.wilsoncenter.org,left-center,high,high credibility
East Central Alabama News – Bias and Credibility,https://mediabiasfactcheck.com/east-central-alabama-news/,www.ecalabamanews.com,right-center,mixed,low credibility
East Idaho Times – Bias and Credibility,https://mediabiasfactcheck.com/east-idaho-times/,www.eastidahotimes.com,right-center,mixed,low credibility
WWJ – CBS Detroit – Bias and Credibility,https://mediabiasfactcheck.com/wwj-cbs-detroit/,detroit.cbslocal.com,left-center,high,high credibility
York Daily Record – Bias and Credibility,https://mediabiasfactcheck.com/york-daily-record/,www.ydr.com,left-center,high,high credibility
11 News – KKCO – Bias and Credibility,https://mediabiasfactcheck.com/11-news-kkco/,www.nbc11news.com,center,high,high credibility
24ur.com – Bias and Credibility,https://mediabiasfactcheck.com/24ur-com/,www.24ur.com,center,mostly,high credibility
EC Nebraska News – Bias and Credibility,https://mediabiasfactcheck.com/ec-nebraska-news-bias/,www.ecnebraskanews.com,right-center,mixed,low credibility
Ad Fontes Media – Bias and Credibility,https://mediabiasfactcheck.com/all-generalizations-are-false-ad-fontes-media/,www.adfontesmedia.com,center,high,high credibility
Europe-Israel News – Bias and Credibility,https://mediabiasfactcheck.com/europe-israel-news/,www.europe-israel.org,right,mixed,low credibility
Fact-Checking Turkey – Bias and Credibility,https://mediabiasfactcheck.com/fact-checking-turkey/,www.factcheckingturkey.com,right,mixed,low credibility
Dissident Mag – Bias and Credibility,https://mediabiasfactcheck.com/fash-the-nation/,www.dissident-mag.com,extreme-right,VeryLow,low credibility
Federalist Press – Bias and Credibility,https://mediabiasfactcheck.com/federalist-press/,www.federalistpress.com,right,mixed,low credibility
AmoMama – Bias and Credibility,https://mediabiasfactcheck.com/amomama/,news.amomama.com,center,mostly,high credibility
Flex Mag – Bias and Credibility,https://mediabiasfactcheck.com/flex-mag/,www.usafortrumponline.com,extreme-right,low,no credibility rating available
The Intercept – Bias and Credibility,https://mediabiasfactcheck.com/the-intercept/,www.theintercept.com,left-center,mostly,high credibility
C19VitaminC.com – Bias and Credibility,https://mediabiasfactcheck.com/c19vitaminc-com-bias/,www.c19vitaminc.com,right,mixed,low credibility
The Local (Norway) – Bias and Credibility,https://mediabiasfactcheck.com/the-local-norway/,www.thelocal.no,left-center,high,high credibility
The National – Scotland – Bias and Credibility,https://mediabiasfactcheck.com/the-national-scotland-bias/,www.thenational.scot,left-center,high,high credibility
The News-Times (Danbury) – Bias and Credibility,https://mediabiasfactcheck.com/the-news-times-danbury/,www.newstimes.com,left-center,high,high credibility
Catholic Tribune – Pennsylvania – Bias and Credibility,https://mediabiasfactcheck.com/catholic-tribune-pennsylvania-bias/,www.pacatholictribune.com,right-center,mixed,low credibility
Cedar Rapids Today – Bias and Credibility,https://mediabiasfactcheck.com/cedar-rapids-today/,www.cedarrapidstoday.com,right-center,mixed,low credibility
Central Colorado News – Bias and Credibility,https://mediabiasfactcheck.com/central-colorado-news/,www.centralcoloradonews.com,right-center,mixed,low credibility
Central Louisiana News – Bias and Credibility,https://mediabiasfactcheck.com/central-louisiana-news-bias/,www.centrallouisiananews.com,right-center,mixed,low credibility
Central Pennsylvania Times – Bias and Credibility,https://mediabiasfactcheck.com/central-pennsylvania-times-bias/,www.centralpatimes.com,left-center,mixed,low credibility
The Varsity – Bias and Credibility,https://mediabiasfactcheck.com/the-varsity/,www.thevarsity.ca,left-center,high,high credibility
Church Militant – Bias and Credibility,https://mediabiasfactcheck.com/church-militant/,www.churchmilitant.com,extreme-right,mixed,low credibility
Thrillist – Bias and Credibility,https://mediabiasfactcheck.com/thrillist-bias-credibility/,www.thrillist.com,left-center,high,high credibility
Times of Israel – Bias and Credibility,https://mediabiasfactcheck.com/times-of-israel/,www.timesofisrael.com,left-center,high,high credibility
Cobb News – Bias and Credibility,https://mediabiasfactcheck.com/cobb-news-bias/,www.cobbnewsga.com,left-center,mixed,low credibility
Columbus Standard – Bias and Credibility,https://mediabiasfactcheck.com/columbus-standard-bias/,www.columbusstandard.com,right-center,mixed,low credibility
TVA Nouvelles – Bias and Credibility,https://mediabiasfactcheck.com/tva-nouvelles-bias/,www.tvanouvelles.ca,left-center,mostly,high credibility
United Federation of Teachers (UFT) – Bias and Credibility,https://mediabiasfactcheck.com/united-federation-of-teachers-uft/,www.uft.org,left-center,high,high credibility
Ukrayinska Pravda (The Ukrainian Truth ) – Bias and Credibility,https://mediabiasfactcheck.com/ukrayinska-pravda-the-ukrainian-truth/,www.pravda.com.ua,left-center,mostly,high credibility
Utica Observer-Dispatch – Bias and Credibility,https://mediabiasfactcheck.com/utica-observer-dispatch/,www.uticaod.com,left-center,high,high credibility
Constitution State News – Bias and Credibility,https://mediabiasfactcheck.com/constitution-state-news/,www.constitutionstatenews.com,right-center,mixed,low credibility
Council for the National Interest – Bias and Credibility,https://mediabiasfactcheck.com/council-for-the-national-interest/,www.councilforthenationalinterest.org,left-center,mixed,low credibility
Victoria News – Bias and Credibility,https://mediabiasfactcheck.com/victoria-news-bias/,www.vicnews.com,left-center,high,high credibility
Visalia Times-Delta – Bias and Credibility,https://mediabiasfactcheck.com/visalia-times-delta-bias/,www.visaliatimesdelta.com,left-center,high,high credibility
VTDigger – Bias and Credibility,https://mediabiasfactcheck.com/vtdigger-bias/,www.vtdigger.org,left-center,high,high credibility
WAMU-FM – Bias and Credibility,https://mediabiasfactcheck.com/wamu-fm/,www.wamu.org,left-center,high,high credibility
Washington Office on Latin America (WOLA) – Bias and Credibility,https://mediabiasfactcheck.com/washington-office-on-latin-america-wola-bias/,www.wola.org,left-center,high,high credibility
DeKalb Times – Bias and Credibility,https://mediabiasfactcheck.com/dekalb-times-bias/,www.dekalbtimes.com,right-center,mixed,low credibility
Des Moines Sun – Bias and Credibility,https://mediabiasfactcheck.com/des-moines-sun-bias/,www.desmoinessun.com,right-center,mixed,low credibility
Discover the Networks – Bias and Credibility,https://mediabiasfactcheck.com/discover-the-networks/,www.discoverthenetworks.org,extreme-right,low,low credibility
Down East Times – Bias and Credibility,https://mediabiasfactcheck.com/down-east-times-bias/,www.downeasttimes.com,right-center,mixed,low credibility
Duval Times – Bias and Credibility,https://mediabiasfactcheck.com/duval-times/,www.duvaltimes.com,right-center,mixed,low credibility
World Economic Forum – Bias and Credibility,https://mediabiasfactcheck.com/world-economic-forum/,www.weforum.org,left-center,high,high credibility
WSVN.com – Bias and Credibility,https://mediabiasfactcheck.com/wsvn-com/,www.wsvn.com,left-center,high,high credibility
WVAS – NPR – Montgomery – Bias and Credibility,https://mediabiasfactcheck.com/wvas-npr-montgomery-bias/,www.wvasfm.org,left-center,high,high credibility
East San Diego News – Bias and Credibility,https://mediabiasfactcheck.com/east-san-diego-news/,www.eastsandiegonews.com,right-center,mixed,low credibility
East Ventura News – Bias and Credibility,https://mediabiasfactcheck.com/east-ventura-news/,www.eastventuranews.com,right-center,mixed,low credibility
Echo Check – Bias and Credibility,https://mediabiasfactcheck.com/echo-check/,www.echocheck.org,extreme-right,VeryLow,low credibility
Education Daily Wire – Bias and Credibility,https://mediabiasfactcheck.com/education-daily-wire-bias/,www.educationdailywire.com,right-center,mixed,low credibility
Empire State Today – Bias and Credibility,https://mediabiasfactcheck.com/empire-state-today-bias/,www.empirestatetoday.com,right-center,mixed,low credibility
Everett Times – Bias and Credibility,https://mediabiasfactcheck.com/everett-times-bias/,www.everetttimes.com,left-center,mixed,low credibility
Family Research Council – Bias and Credibility,https://mediabiasfactcheck.com/family-research-council/,www.frc.org,extreme-right,low,low credibility
Fayetteville Standard – Bias and Credibility,https://mediabiasfactcheck.com/fayetteville-standard/,www.fayettevillestandard.com,right-center,mixed,low credibility
Femalista – Bias and Credibility,https://mediabiasfactcheck.com/femalista/,www.femalista.com,No media bias rating,mixed,low credibility
The Muskokan – Bias and Credibility,https://mediabiasfactcheck.com/the-muskokan-bias/,www.muskokaregion.com,left-center,high,high credibility
The News Tribune – Bias and Credibility,https://mediabiasfactcheck.com/the-news-tribune/,www.thenewstribune.com,left-center,high,high credibility
Catholic Tribune – Minnesota – Bias and Credibility,https://mediabiasfactcheck.com/catholic-tribune-minnesota-bias/,www.mncatholictribune.com,right-center,mixed,low credibility
The Punch (Nigeria) – Bias and Credibility,https://mediabiasfactcheck.com/the-punch-nigeria/,www.punchng.com,left-center,mixed,medium credibility
The Ringer – Bias and Credibility,https://mediabiasfactcheck.com/the-ringer/,www.theringer.com,left-center,high,high credibility
The Stanford Daily – Bias and Credibility,https://mediabiasfactcheck.com/the-stanford-daily-bias-and-credibility/,www.stanforddaily.com,left-center,high,high credibility
Central OC Times – Bias and Credibility,https://mediabiasfactcheck.com/central-oc-times/,www.centraloctimes.com,right-center,mixed,low credibility
Chicago City Wire – Bias and Credibility,https://mediabiasfactcheck.com/chicago-city-wire/,www.chicagocitywire.com,right-center,mixed,low credibility
The Wire – India – Bias and Credibility,https://mediabiasfactcheck.com/the-wire-india/,www.thewire.in,left-center,mostly,high credibility
Clarion Project – Bias and Credibility,https://mediabiasfactcheck.com/clarion-project/,www.clarionproject.org,extreme-right,low,low credibility
Times Colonist – Bias and Credibility,https://mediabiasfactcheck.com/times-colonist/,www.timescolonist.com,left-center,high,high credibility
Today.com (NBC Today Show) – Bias and Credibility,https://mediabiasfactcheck.com/today-com/,www.today.com,left-center,mostly,high credibility
Concerned Women for America – Bias and Credibility,https://mediabiasfactcheck.com/concerned-women-america/,www.concernedwomen.org,extreme-right,low,low credibility
Conservative Beaver – Bias and Credibility,https://mediabiasfactcheck.com/conservative-beaver/,www.conservativebeaver.com,extreme-right,VeryLow,low credibility
Conservative Free Press – Bias and Credibility,https://mediabiasfactcheck.com/conservative-free-press/,www.conservativefreepress.com,extreme-right,low,low credibility
Conservative Revival – Bias and Credibility,https://mediabiasfactcheck.com/conservative-revival-bias/,www.conservativerevival.com,extreme-right,low,low credibility
Variety Magazine – Bias and Credibility,https://mediabiasfactcheck.com/variety-magazine/,www.variety.com,left-center,high,high credibility
CovertAction Magazine – Bias and Credibility,https://mediabiasfactcheck.com/covertaction-magazine-bias/,www.covertactionmagazine.com,No media bias rating,mixed,low credibility
Cultural Action Party of Canada – Bias and Credibility,https://mediabiasfactcheck.com/cultural-action-party-of-canada-bias/,www.capforcanada.com,extreme-right,low,low credibility
Voice of OC – Bias and Credibility,https://mediabiasfactcheck.com/voice-of-oc/,www.voiceofoc.org,left-center,high,high credibility
Waconia Patriot – Bias and Credibility,https://mediabiasfactcheck.com/waconia-patriot-bias/,www.hometownsource.com,left-center,high,high credibility
DEBKAfile – Bias and Credibility,https://mediabiasfactcheck.com/debkafile/,www.debka.com,right,mixed,low credibility
WAPR – NPR – Selma – Bias and Credibility,https://mediabiasfactcheck.com/wapr-npr-selma-bias/,www.apr.org,left-center,high,high credibility
Waterloo Record – Bias and Credibilty,https://mediabiasfactcheck.com/waterloo-record-bias/,www.therecord.com,left-center,high,high credibility
Denver City Wire – Bias and Credibility,https://mediabiasfactcheck.com/denver-city-wire/,www.denvercitywire.com,right-center,mixed,low credibility
Whitehouse.gov – Bias and Credibility,https://mediabiasfactcheck.com/whitehouse-gov/,www.whitehouse.gov,left-center,mostly,high credibility
WindsorNewsToday – Bias and Credibility,https://mediabiasfactcheck.com/windsornewstoday-bias/,www.windsornewstoday.ca,left-center,high,high credibility
Dubuque Times – Bias and Credibility,https://mediabiasfactcheck.com/dubuque-times-bias/,www.dubuquetimes.com,right-center,mixed,low credibility
Wooster Daily Record – Bias and Credibility,https://mediabiasfactcheck.com/wooster-daily-record-bias/,www.the-daily-record.com,left-center,high,high credibility
World Resources Institute (WRI) – Bias and Credibility,https://mediabiasfactcheck.com/world-resources-institute-wri/,www.wri.org,left-center,high,high credibility
WTOG – CBS Tampa – Bias and Credibility,https://mediabiasfactcheck.com/wtog-cbs-tampa/,tampa.cbslocal.com,left-center,high,high credibility
East Michigan News – Bias and Credibility,https://mediabiasfactcheck.com/east-michigan-news-bias/,www.eastmichigannews.com,right-center,mixed,low credibility
East SBV Times – Bias and Credibility,https://mediabiasfactcheck.com/east-sbv-times/,www.eastsbvtimes.com,right-center,mixed,low credibility
East Volusia News – Bias and Credibility,https://mediabiasfactcheck.com/east-volusia-news/,www.eastvolusianews.com,right-center,mixed,low credibility
EC Georgia News – Bias and Credibility,https://mediabiasfactcheck.com/ec-georgia-news/,www.ecgeorgianews.com,right-center,mixed,low credibility
ABC7Chicago.com – Bias and Credibility,https://mediabiasfactcheck.com/abc7chicago-com/,www.abc7chicago.com,center,high,high credibility
Emirates 24/7 – Bias and Credibility,https://mediabiasfactcheck.com/emirates-247/,www.emirates247.com,right-center,mixed,low credibility
Agenzia Nazionale Stampa Associata (ANSA) – Bias and Credibility,https://mediabiasfactcheck.com/agenzia-nazionale-stampa-associata-ansa/,www.ansa.it,center,high,high credibility
Airwars – Bias and Credibility,https://mediabiasfactcheck.com/airwars/,www.airwars.org,center,high,high credibility
AllAfrica – Bias and Credibility,https://mediabiasfactcheck.com/allafrica/,www.allafrica.com,center,high,high credibility
Filming Cops – Bias and Credibility,https://mediabiasfactcheck.com/filming-cops/,www.filmingcops.com,No media bias rating,mixed,low credibility
FL24.net – Bias and Credibility,https://mediabiasfactcheck.com/fl24-net/,www.fl24.net,right,mixed,low credibility
Arenac County Independent – Bias and Credibility,https://mediabiasfactcheck.com/arenac-county-independent-bias/,www.arenacindependent.com,center,high,high credibility
Asia Times – Bias and Credibility,https://mediabiasfactcheck.com/asia-times/,www.asiatimes.com,center,high,high credibility
Auburn Citizen – Bias and Credibility,https://mediabiasfactcheck.com/auburn-citizen-bias/,www.auburnpub.com,center,high,high credibility
The Observer (UK) – Bias and Credibility,https://mediabiasfactcheck.com/the-observer/,www.theguardian.com,left-center,mixed,high credibility
Catholic Tribune – Wisconsin – Bias and Credibility,https://mediabiasfactcheck.com/catholic-tribune-wisconsin-bias/,www.wicatholictribune.com,right-center,mixed,low credibility
Centennial State News – Bias and Credibility,https://mediabiasfactcheck.com/centennial-state-news/,www.centennialstatenews.com,right-center,mixed,low credibility
The Sault News – Bias and Credibility,https://mediabiasfactcheck.com/the-sault-news-bias/,www.sooeveningnews.com,left-center,high,high credibility
The State Press (Arizona) – Bias and Credibility,https://mediabiasfactcheck.com/the-state-press-arizona/,www.statepress.com,left-center,high,high credibility
Chambana Sun – Bias and Credibility,https://mediabiasfactcheck.com/chambana-sun/,www.chambanasun.com,right-center,mixed,low credibility
The Wilderness Society – Bias and Credibility,https://mediabiasfactcheck.com/the-wilderness-society/,www.wilderness.org,left-center,high,high credibility
CitizenGO – Bias and Credibility,https://mediabiasfactcheck.com/citizengo-bias/,www.citizengo.org,extreme-right,low,low credibility
ClayandBuck.com – Bias and Credibility,https://mediabiasfactcheck.com/clayandbuck-com-bias/,www.clayandbuck.com,right,mixed,low credibility
Coachella Today – Bias and Credibility,https://mediabiasfactcheck.com/coachella-today/,www.coachellatoday.com,right-center,mixed,low credibility
Columbia News – Bias and Credibility,https://mediabiasfactcheck.com/columbia-news-bias/,www.columbiamonews.com,right-center,mixed,low credibility
Concord Ledger – Bias and Credibility,https://mediabiasfactcheck.com/concord-ledger-bias/,www.concordledger.com,right-center,mixed,low credibility
Union of Concerned Scientists – Bias and Credibility,https://mediabiasfactcheck.com/union-of-concerned-scientists/,www.ucsusa.org,left-center,mostly,high credibility
Conservative Firing Line – Bias and Credibility,https://mediabiasfactcheck.com/conservative-firing-line/,www.conservativefiringline.com,extreme-right,VeryLow,low credibility
Conservative Post – Bias and Credibility,https://mediabiasfactcheck.com/conservative-post/,www.conservativepost.com,extreme-right,low,low credibility
Vanderhoof Omineca Express – Bias and Credibility,https://mediabiasfactcheck.com/vanderhoof-omineca-express-bias/,www.ominecaexpress.com,left-center,high,high credibility
Vibe – Bias and Credibility,https://mediabiasfactcheck.com/vibe/,www.vibe.com,left-center,mixed,medium credibility
Vineland Daily Journal – Bias and Credibility,https://mediabiasfactcheck.com/vineland-daily-journal-bias/,www.thedailyjournal.com,left-center,high,high credibility
Daily Buzz Live – Bias and Credibility,https://mediabiasfactcheck.com/daily-buzz-live/,www.dailybuzzlive.com,No media bias rating,VeryLow,low credibility
Daily Star UK – Bias and Credibility,https://mediabiasfactcheck.com/daily-star-uk/,www.dailystar.co.uk,right-center,mixed,low credibility
Warren Reporter – Bias and Credibility,https://mediabiasfactcheck.com/warren-reporter-bias/,www.nj.com,left-center,high,high credibility
Def-Con News – Bias and Credibility,https://mediabiasfactcheck.com/def-con-news-bias/,www.defconnews.com,right,low,low credibility
Delaware Valley Sun – Bias and Credibility,https://mediabiasfactcheck.com/delaware-valley-sun-bias/,www.delawarevalleysun.com,left-center,mixed,low credibility
Whitby This Week – Bias and Credibility,https://mediabiasfactcheck.com/whitby-this-week-bias/,www.durhamregion.com,left-center,high,high credibility
WikiLeaks – Bias and Credibility,https://mediabiasfactcheck.com/wikileaks/,www.wikileaks.org,left-center,mixed,medium credibility
WJAB – NPR – Huntsville – Bias and Credibility,https://mediabiasfactcheck.com/wjab-npr-huntsville-bias/,www.wjab.org,left-center,high,high credibility
Eagle Valley Times – Bias and Credibility,https://mediabiasfactcheck.com/eagle-valley-times-bias/,www.eaglevalleytimes.com,right-center,mixed,low credibility
East Central Reporter – Bias and Credibility,https://mediabiasfactcheck.com/east-central-reporter/,www.eastcentralreporter.com,right-center,mixed,low credibility
East Indy News – Bias and Credibility,https://mediabiasfactcheck.com/east-indy-news/,www.eastindynews.com,right-center,mixed,low credibility
East Louisville News – Bias and Credibility,https://mediabiasfactcheck.com/east-louisville-news-bias/,www.eastlouisvillenews.com,right-center,mixed,low credibility
East Pennyroyal News – Bias and Credibility,https://mediabiasfactcheck.com/east-pennyroyal-news-bias/,www.eastpennyroyalnews.com,right-center,mixed,low credibility
9News KUSA – Bias and Credibility,https://mediabiasfactcheck.com/9news-kusa/,www.9news.com,center,high,high credibility
24/7 Wall St – Bias and Credibility,https://mediabiasfactcheck.com/24-7-wall-st/,www.247wallst.com,center,high,high credibility
ABC7 New York – Bias and Credibility,https://mediabiasfactcheck.com/abc7-new-york/,www.abc7ny.com,center,high,high credibility
Adrian Daily Telegram – Bias and Credibility,https://mediabiasfactcheck.com/adrian-daily-telegram-bias/,www.lenconnect.com,center,high,high credibility
AFP (Agence France Presse) – Bias and Credibility,https://mediabiasfactcheck.com/afp-agence-france-presse/,www.afp.com,center,high,high credibility
Air Force Times – Bias and Credibility,https://mediabiasfactcheck.com/air-force-times/,www.airforcetimes.com,center,high,high credibility
Algemeen Dagblad – Bias and Credibility,https://mediabiasfactcheck.com/algemeen-dagblad/,www.ad.nl,center,high,high credibility
Amarillo Globe-News – Bias and Credibility,https://mediabiasfactcheck.com/amarillo-globe-news/,www.amarillo.com,center,high,high credibility
Anchorage Daily News – Bias and Credibility,https://mediabiasfactcheck.com/anchorage-daily-news/,www.adn.com,center,high,high credibility
Ardrossan and Saltcoats Herald – Bias and Credibility,https://mediabiasfactcheck.com/ardrossan-and-saltcoats-herald-bias/,www.ardrossanherald.com,center,high,high credibility
Foreign Policy Initiative – Bias and Credibility,https://mediabiasfactcheck.com/foreign-policy-initiative/,www.foreignpolicyi.org,right-center,mixed,no credibility rating available
Frank Speech (Mike Lindell) – Bias and Credibility,https://mediabiasfactcheck.com/frank-speech-mike-lindell/,www.frankspeech.com,right,VeryLow,low credibility
Free West Media – Bias and Credibility,https://mediabiasfactcheck.com/free-west-media/,www.freewestmedia.com,right,mixed,low credibility
East Contra Costa News – Bias and Credibility,https://mediabiasfactcheck.com/east-contra-costa-news/,www.eastcontracostanews.com,right-center,mixed,low credibility
East Kentucky Times – Bias and Credibility,https://mediabiasfactcheck.com/east-kentucky-times-bias/,www.eastkentuckytimes.com,right-center,mixed,low credibility
East Panhandle News – Bias and Credibility,https://mediabiasfactcheck.com/east-panhandle-news/,www.eastpanhandlenews.com,right-center,mixed,low credibility
East Sierra News – Bias and Credibility,https://mediabiasfactcheck.com/east-sierra-news/,www.eastsierranews.com,right-center,mixed,low credibility
eBaum’s World – Bias and Credibility,https://mediabiasfactcheck.com/ebaums-world-bias/,www.ebaumsworld.com,center,mixed,low credibility
EC Mississippi News – Bias and Credibility,https://mediabiasfactcheck.com/ec-mississippi-news-bias/,www.ecmissnews.com,right-center,mixed,low credibility
Emerald Coast Times – Bias and Credibility,https://mediabiasfactcheck.com/emerald-coast-times/,www.emeraldcoasttimes.com,right-center,mixed,low credibility
AgDaily – Bias and Credibility,https://mediabiasfactcheck.com/agdaily/,www.agdaily.com,center,high,high credibility
Ahwatukee Foothills News – Bias and Credibility,https://mediabiasfactcheck.com/ahwatukee-foothills-news-bias/,www.ahwatukee.com,center,high,high credibility
Fars News – Bias and Credibility,https://mediabiasfactcheck.com/fars-news/,www.farsnews.ir,left-center,mixed,low credibility
America Max News – Bias and Credibility,https://mediabiasfactcheck.com/america-max-news/,www.americamaxnews.com,center,mixed,medium credibility
Ann Arbor News (Mlive.com) – Bias and Credibility,https://mediabiasfactcheck.com/ann-arbor-news-mlive-com-bias/,www.mlive.com,center,high,high credibility
Army Times – Bias and Credibility,https://mediabiasfactcheck.com/army-times/,www.armytimes.com,center,high,high credibility
FR24 News – Bias and Credibility,https://mediabiasfactcheck.com/fr24-news/,www.fr24news.com,No media bias rating,mixed,low credibility
Free-Speech Front – Bias and Credibility,https://mediabiasfactcheck.com/free-speech-front/,www.free-speechfront.info,extreme-right,low,low credibility
Barry and District News – Bias and Credibility,https://mediabiasfactcheck.com/barry-and-district-news-bias/,www.barryanddistrictnews.co.uk,center,high,high credibility
GB News UK – Bias and Credibility,https://mediabiasfactcheck.com/gb-news-uk-bias/,www.gbnews.com,right,mixed,low credibility
Big Think – Bias and Credibility,https://mediabiasfactcheck.com/big-think/,www.bigthink.com,center,high,high credibility
Bleeping Computer – Bias and Credibility,https://mediabiasfactcheck.com/bleeping-computer-bias-rating/,www.bleepingcomputer.com,center,high,high credibility
Boonville Daily News – Bias and Credibility,https://mediabiasfactcheck.com/boonville-daily-news-bias/,www.boonvilledailynews.com,center,high,high credibility
Grand Rapids News – Bias and Credibility,https://mediabiasfactcheck.com/grand-rapids-news-bias/,www.grandrapidsminews.com,left-center,mixed,low credibility
Brentwood Live – Bias and Credibility,https://mediabiasfactcheck.com/brentwood-live-bias/,www.brentwoodlive.co.uk,center,high,high credibility
GTR Times – Bias and Credibility,https://mediabiasfactcheck.com/gtr-times-bias/,www.gtrtimes.com,right-center,mixed,low credibility
Bullshido – Bias and Credibility,https://mediabiasfactcheck.com/bullshido/,www.bullshido.net,center,high,high credibility
Business 2 Community – Bias and Credibility,https://mediabiasfactcheck.com/business-2-community/,www.business2community.com,center,mostly,medium credibility
Higher Education Tribune – Bias and Credibility,https://mediabiasfactcheck.com/higher-education-tribune-bias/,www.highereducationtribune.com,right-center,mixed,low credibility
Hoodsite-USA Crime – Bias and Credibility,https://mediabiasfactcheck.com/hoodsite/,www.usacrime.com,No media bias rating,mixed,low credibility
Howard County News – Bias and Credibility,https://mediabiasfactcheck.com/howard-county-times-bias/,www.howardconews.com,right-center,mixed,low credibility
iHarare – Bias and Credibility,https://mediabiasfactcheck.com/iharare/,www.iharare.com,No media bias rating,mixed,low credibility
Chattanooga Times Free Press – Bias and Credibility,https://mediabiasfactcheck.com/times-free-press/,www.timesfreepress.com,center,high,high credibility
Christian Science Monitor – Bias and Credibility,https://mediabiasfactcheck.com/christian-science-monitor/,www.csmonitor.com,center,high,high credibility
Iowa Star – Bias and Credibility,https://mediabiasfactcheck.com/iowa-star-bias/,www.theiowastar.com,right,mixed,low credibility
Jefferson City News – Bias and Credibility,https://mediabiasfactcheck.com/jefferson-city-news-bias/,www.jeffcitynews.com,right-center,mixed,low credibility
Jonesboro Times – Bias and Credibility,https://mediabiasfactcheck.com/jonesboro-times/,www.jonesborotimes.com,right-center,mixed,low credibility
Kankakee Times – Bias and Credibility,https://mediabiasfactcheck.com/kankakee-times-bias/,www.kankakeetimes.com,right-center,mixed,low credibility
Concord Monitor – Bias and Credibility,https://mediabiasfactcheck.com/concord-monitor/,www.concordmonitor.com,center,high,high credibility
Consumer Reports – Bias and Credibility,https://mediabiasfactcheck.com/consumer-reports/,www.consumerreports.org,center,high,high credibility
Corvallis Gazette-Times – Bias and Credibility,https://mediabiasfactcheck.com/corvallis-gazette-times-bias/,www.gazettetimes.com,center,high,high credibility
Lancaster Courier – Bias and Credibility,https://mediabiasfactcheck.com/lancaster-courier/,www.lancastercourier.com,No media bias rating,mixed,low credibility
LAX Leader – Bias and Credibility,https://mediabiasfactcheck.com/lax-leader/,www.laxleader.com,right-center,mixed,low credibility
Daily Camera – Bias and Credibility,https://mediabiasfactcheck.com/daily-camera/,www.dailycamera.com,center,high,high credibility
Libs of TikTok – Bias and Credibility,https://mediabiasfactcheck.com/libs-of-tiktok-bias/,www.libsoftiktok.com,extreme-right,low,low credibility
Dayton Daily News – Bias and Credibility,https://mediabiasfactcheck.com/dayton-daily-news/,www.daytondailynews.com,center,high,high credibility
Delaware Live News – Bias and Credibility,https://mediabiasfactcheck.com/delaware-live-news-bias/,www.delawarelive.com,center,high,high credibility
Macomb Today – Bias and Credibility,https://mediabiasfactcheck.com/macomb-today-bias/,www.macombtoday.com,right-center,mixed,low credibility
East Hillsborough News – Bias and Credibility,https://mediabiasfactcheck.com/east-hillsborough-news/,www.easthillsboroughnews.com,right-center,mixed,low credibility
WUAL – NPR – Tuscaloosa – Bias and Credibility,https://mediabiasfactcheck.com/wual-npr-tuscaloosa/,www.apr.org,left-center,high,high credibility
YnetNews – Bias and Credibility,https://mediabiasfactcheck.com/ynetnews/,www.ynetnews.com,left-center,high,high credibility
East Twin Cities – Bias and Credibility,https://mediabiasfactcheck.com/east-twin-cities-bias/,www.easttwincities.com,right-center,mixed,low credibility
23WIFR News – Bias and Credibility,https://mediabiasfactcheck.com/23wifr-news/,www.wifr.com,center,high,high credibility
1440 Newsletter – Bias and Credibility,https://mediabiasfactcheck.com/1440-newsletter/,www.join1440.com,center,high,high credibility
ActionNewsJax.com – Bias and Credibility,https://mediabiasfactcheck.com/actionnewsjax-com/,www.actionnewsjax.com,center,high,high credibility
End the Fed – Bias and Credibility,https://mediabiasfactcheck.com/end-the-fed/,www.endthefed.org,right,low,low credibility
Evil.News – Bias and Credibility,https://mediabiasfactcheck.com/evil-news/,www.evil.news,extreme-right,low,low credibility
Albany Democrat-Herald – Bias and Credibility,https://mediabiasfactcheck.com/albany-democrat-herald/,www.democratherald.com,center,high,high credibility
Alpena News – Bias and Credibility,https://mediabiasfactcheck.com/alpena-news-bias/,www.thealpenanews.com,center,high,high credibility
First in Freedom Daily – Bias and Credibility,https://mediabiasfactcheck.com/first-freedom-daily/,www.firstinfreedomdaily.com,right,mixed,low credibility
Arc Digital – Bias and Credibility,https://mediabiasfactcheck.com/arc-digital/,www.arcdigital.media,center,high,high credibility
For the Right News – Bias and Credibility,https://mediabiasfactcheck.com/for-the-right-news/,www.conservativeglobe.com,extreme-right,low,low credibility
Freedom News Report – Bias and Credibility,https://mediabiasfactcheck.com/freedom-news-report/,www.freedomnewsreport.com,right,mixed,low credibility
Ballotpedia – Bias and Credibility,https://mediabiasfactcheck.com/ballotpedia/,www.ballotpedia.org,center,very high,high credibility
Garden State Times – Bias and Credibility,https://mediabiasfactcheck.com/garden-state-times-bias/,www.gardenstatetimes.com,right-center,mixed,low credibility
Big Country 99.5 – Tulsa – Bias and Credibility,https://mediabiasfactcheck.com/big-country-99-5-tulsa-bias/,www.bigcountry995.com,center,high,high credibility
Ghost.Report – Bias and Credibility,https://mediabiasfactcheck.com/ghost-report/,www.ghost.report,right,mixed,low credibility
Bonner County Daily Bee – Bias and Credibility,https://mediabiasfactcheck.com/bonner-county-daily-bee-bias/,www.bonnercountydailybee.com,center,high,high credibility
Bournemouth Daily Echo – Bias and Credibility,https://mediabiasfactcheck.com/bournemouth-daily-echo-bias/,www.bournemouthecho.co.uk,center,high,high credibility
Braintree & Witham Times – Bias and Credibility,https://mediabiasfactcheck.com/braintree-witham-times-bias/,www.braintreeandwithamtimes.co.uk,center,high,high credibility
Bristol Herald Courier – Bias and Credibility,https://mediabiasfactcheck.com/bristol-herald-courier-bias/,www.heraldcourier.com,center,high,high credibility
Hal Turner Radio Show – Bias and Credibility,https://mediabiasfactcheck.com/hal-turner-radio-show/,www.halturnerradioshow.com,extreme-right,VeryLow,low credibility
Hawkeye Reporter – Bias and Credibility,https://mediabiasfactcheck.com/hawkeye-reporter-bias/,www.hawkeyereporter.com,right-center,mixed,low credibility
Calmar Courier – Bias and Credibility,https://mediabiasfactcheck.com/calmar-courier-bias/,www.calmarcourier.com,center,high,high credibility
Capitol Fax – Bias and Credibility,https://mediabiasfactcheck.com/capitol-fax/,www.capitolfax.com,center,high,high credibility
CBS Philly (KYW-TV) – Bias and Credibility,https://mediabiasfactcheck.com/cbs-philly-kyw-tv/,philadelphia.cbslocal.com,center,high,high credibility
Chandler Arizonan – Bias and Credibility,https://mediabiasfactcheck.com/chandler-arizonan-bias/,www.chandlernews.com,center,high,high credibility
Illicit Info – Bias and Credibility,https://mediabiasfactcheck.com/illicit-info/,www.illicitinfo.com,extreme-right,low,low credibility
Indy Standard – Bias and Credibility,https://mediabiasfactcheck.com/indy-standard-bias/,www.indystandard.com,right-center,mixed,low credibility
Insurance Rate Reporter – Bias and Credibility,https://mediabiasfactcheck.com/insurance-rate-reporter-bias/,www.insuranceratereporter.com,right-center,mixed,low credibility
Israel Unwired – Bias and Credibility,https://mediabiasfactcheck.com/israel-unwired-bias/,www.israelunwired.com,extreme-right,low,low credibility
John Birch Society – Bias and Credibility,https://mediabiasfactcheck.com/john-birch-society-bias/,www.jbs.org,extreme-right,low,low credibility
Coeur d’Alene Press – Bias and Credibility,https://mediabiasfactcheck.com/coeur-dalene-press-bias/,www.cdapress.com,center,high,high credibility
Concord Independent Tribune – Bias and Credibility,https://mediabiasfactcheck.com/concord-independent-tribune-bias/,www.independenttribune.com,center,high,high credibility
Constitutional Rights Foundation (CRF) – Bias and Credibility,https://mediabiasfactcheck.com/constitutional-rights-foundation/,www.crf-usa.org,center,high,high credibility
LADbible – Bias and Credibility,https://mediabiasfactcheck.com/ladbible/,www.ladbible.com,No media bias rating,VeryLow,low credibility
CP24 – Bias and Credibility,https://mediabiasfactcheck.com/cp24/,www.cp24.com,center,high,high credibility
Leading Report – Bias and Credibility,https://mediabiasfactcheck.com/leading-report-bias/,www.theleadingreport.com,extreme-right,VeryLow,low credibility
Liberty Bell – Bias and Credibility,https://mediabiasfactcheck.com/liberty-bell/,www.libertybell.com,extreme-right,low,low credibility
Daily Journal (Missouri) – Bias and Credibility,https://mediabiasfactcheck.com/daily-journal-missouri/,www.dailyjournalonline.com,center,high,high credibility
Lindell TV – Bias and Credibility,https://mediabiasfactcheck.com/lindell-tv/,www.lindelltv.com,right,VeryLow,low credibility
London Web News – Bias and Credibility,https://mediabiasfactcheck.com/london-web-news/,www.londonwebnews.com,No media bias rating,low,low credibility
DifferenceBetween.net – Bias and Credibility,https://mediabiasfactcheck.com/differencebetween-net/,www.differencebetween.net,center,very high,high credibility
FDA Reporter – Bias and Credibility,https://mediabiasfactcheck.com/fda-reporter-bias/,www.fdareporter.com,right-center,mixed,low credibility
American Press Institute (API) – Bias and Credibility,https://mediabiasfactcheck.com/american-press-institute-api/,www.americanpressinstitute.org,center,very high,high credibility
Flashout (thecareerbd.com) – Bias and Credibility,https://mediabiasfactcheck.com/flashout-thecareerbd-com-bias/,www.thecareerbd.com,right-center,mixed,low credibility
Forbidden News Network – Bias and Credibility,https://mediabiasfactcheck.com/forbidden-news-network-bias-and-credibility/,www.bannedbook.org,right,mixed,low credibility
Athens Messenger – Bias and Credibility,https://mediabiasfactcheck.com/athens-messenger-bias/,www.athensmessenger.com,center,high,high credibility
Ayr Advertiser – Bias and Credibility,https://mediabiasfactcheck.com/ayr-advertiser-bias/,www.ayradvertiser.com,center,high,high credibility
Barrhead News – Bias and Credibility,https://mediabiasfactcheck.com/barrhead-news-bias/,www.barrheadnews.com,center,high,high credibility
Gatestone Institute – Bias and Credibility,https://mediabiasfactcheck.com/gatestone-institute/,www.gatestoneinstitute.org,extreme-right,mixed,low credibility
Gem State Wire – Bias and Credibility,https://mediabiasfactcheck.com/gem-state-wire/,www.gemstatewire.com,right-center,mixed,low credibility
Binghamton Press & Sun Bulletin – Bias and Credibility,https://mediabiasfactcheck.com/binghamton-press-sun-bulletin/,www.pressconnects.com,center,high,high credibility
BNO News – Bias and Credibility,https://mediabiasfactcheck.com/bno-news/,www.bnonews.com,center,high,high credibility
Border Counties Advertiser – Bias and Credibility,https://mediabiasfactcheck.com/border-counties-advertiser-bias/,www.bordercountiesadvertizer.co.uk,center,high,high credibility
Bozeman Daily Chronicle – Bias and Credibility,https://mediabiasfactcheck.com/bozeman-daily-chronicle/,www.bozemandailychronicle.com,center,high,high credibility
GreatReject Bias – Bias and Credibility,https://mediabiasfactcheck.com/greatreject/,www.greatreject.org,No media bias rating,VeryLow,low credibility
Bromsgrove Advertiser – Bias and Credibility,https://mediabiasfactcheck.com/bromsgrove-advertiser-bias/,www.bromsgroveadvertiser.co.uk,center,high,high credibility
Hannity.com – Bias and Credibility,https://mediabiasfactcheck.com/hannity-com/,www.hannity.com,extreme-right,low,low credibility
Headline USA – Bias and Credibility,https://mediabiasfactcheck.com/headline-usa-bias/,www.headlineusa.com,right,mixed,low credibility
Heartland Institute – Bias and Credibility,https://mediabiasfactcheck.com/heartland-institute/,www.heartland.org,right,low,low credibility
Cape Coral Breeze – Bias and Credibility,https://mediabiasfactcheck.com/cape-coral-breeze-bias/,www.capecoralbreeze.com,center,high,high credibility
Castanet – Bias and Credibility,https://mediabiasfactcheck.com/castanet/,www.castanet.net,center,high,high credibility
HR Daily Wire – Bias and Credibility,https://mediabiasfactcheck.com/hr-daily-wire-bias/,www.hrdailywire.com,right-center,mixed,low credibility
Channel News Asia (CNA) – Bias and Credibility,https://mediabiasfactcheck.com/channel-news-asia-cna/,www.channelnewsasia.com,center,high,high credibility
Imperial CA News – Bias and Credibility,https://mediabiasfactcheck.com/imperial-ca-news/,www.imperialcanews.com,right-center,mixed,low credibility
Chinook Observer – Bias and Credibility,https://mediabiasfactcheck.com/chinook-observer/,www.chinookobserver.com,center,high,high credibility
CityNews Calgary – Bias and Credibility,https://mediabiasfactcheck.com/citynews-calgary-bias/,calgary.citynews.ca,center,high,high credibility
CityNews Ottawa – Bias and Credibility,https://mediabiasfactcheck.com/citynews-ottawa-bias/,ottawa.citynews.ca,center,high,high credibility
Jefferson County Times – Bias and Credibility,https://mediabiasfactcheck.com/jefferson-county-times-bias/,www.jeffcotimes.com,right-center,mixed,low credibility
Clydebank Post – Bias and Credibility,https://mediabiasfactcheck.com/clydebank-post-bias/,www.clydebankpost.co.uk,center,high,high credibility
Committee for Economic Development – Bias and Credibility,https://mediabiasfactcheck.com/committee-for-economic-development/,www.ced.org,center,high,high credibility
Congress.gov – Bias and Credibility,https://mediabiasfactcheck.com/congress-gov/,www.congress.gov,center,very high,high credibility
Cook County News-Herald – Bias and Credibility,https://mediabiasfactcheck.com/cook-county-news-herald-bias/,www.cookcountynews-herald.com,center,high,high credibility
Coronavirus.gov – Bias and Credibility,https://mediabiasfactcheck.com/coronavirus-gov/,www.coronavirus.gov,center,high,high credibility
Courthouse News Service – Bias and Credibility,https://mediabiasfactcheck.com/courthouse-news-service/,www.courthousenews.com,center,high,high credibility
Crain’s Cleveland Business – Bias and Credibility,https://mediabiasfactcheck.com/crains-cleveland-business-bias/,www.crainscleveland.com,center,high,high credibility
Legal Newsline – Bias and Credibility,https://mediabiasfactcheck.com/legal-newsline-bias/,www.legalnewsline.com,right-center,mixed,low credibility
Daily Business Review – Bias and Credibility,https://mediabiasfactcheck.com/daily-business-review/,www.law.com,center,high,high credibility
Liberty Wire – Bias and Credibility,https://mediabiasfactcheck.com/liberty-wire-bias/,www.libertywire.net,extreme-right,VeryLow,low credibility
Darien Times – Bias and Credibility,https://mediabiasfactcheck.com/darien-times/,www.darientimes.com,center,high,high credibility
LiveLeak (ItemFix) – Bias and Credibility,https://mediabiasfactcheck.com/liveleak/,www.itemfix.com,right-center,mixed,low credibility
Lucianne.com – Bias and Credibility,https://mediabiasfactcheck.com/lucianne-com/,www.lucianne.com,right,mixed,no credibility rating available
Magic Valley Times – Bias and Credibility,https://mediabiasfactcheck.com/magic-valley-times/,www.magicvalleytimes.com,right-center,mixed,low credibility
DPA German Press Agency – Bias and Credibility,https://mediabiasfactcheck.com/dpa-german-press-agency/,www.dpa.com,center,high,high credibility
Massachusetts Business Daily – Bias and Credibility,https://mediabiasfactcheck.com/massachusetts-business-daily-bias/,www.mabusinessdaily.com,right-center,mixed,low credibility
Mecklenburg Herald – Bias and Credibility,https://mediabiasfactcheck.com/mecklenburg-herald-bias/,www.mecklenburgherald.com,left-center,mixed,low credibility
First State Times – Bias and Credibility,https://mediabiasfactcheck.com/first-state-times/,www.firststatetimes.com,right-center,mixed,low credibility
Florida Capital Star – Bias and Credibility,https://mediabiasfactcheck.com/florida-capital-star-bias/,www.floridacapitalstar.com,right,mixed,low credibility
Asheboro Courier-Tribune – Bias and Credibility,https://mediabiasfactcheck.com/asheboro-courier-tribune/,www.courier-tribune.com,center,high,high credibility
Freedom First Network – Bias and Credibility,https://mediabiasfactcheck.com/freedom-first-network/,www.freedomfirstnetwork.com,right,low,low credibility
Babnet Tunisia – Bias and Credibility,https://mediabiasfactcheck.com/babnet-bias/,www.babnet.net,center,mixed,medium credibility
Gadsden Today – Bias and Credibility,https://mediabiasfactcheck.com/gadsden-today/,www.gadsdentoday.com,right-center,mixed,low credibility
BestLife – Bias and Credibility,https://mediabiasfactcheck.com/bestlife/,www.bestlifeonline.com,center,mostly,high credibility
Big News Network – Bias and Credibility,https://mediabiasfactcheck.com/big-news-network/,www.bignewsnetwork.com,center,mostly,high credibility
Girls Just Wanna Have Guns – Bias and Credibility,https://mediabiasfactcheck.com/girls-just-wanna-have-guns/,www.girlsjustwannahaveguns.com,extreme-right,low,low credibility
Gold Country Today – Bias and Credibility,https://mediabiasfactcheck.com/gold-country-today/,www.goldcountrytoday.com,right-center,mixed,low credibility
GOPUSA – Bias and Credibility,https://mediabiasfactcheck.com/gopusa/,www.gopusa.com,right,mixed,low credibility
Bracknell News – Bias and Credibility,https://mediabiasfactcheck.com/bracknell-news-bias/,www.bracknellnews.co.uk,center,high,high credibility
Grundy Reporter – Bias and Credibility,https://mediabiasfactcheck.com/grundy-reporter-bias/,www.grundyreporter.com,right-center,mixed,low credibility
Bryan-College Station Eagle – Bias and Credibility,https://mediabiasfactcheck.com/bryan-college-station-eagle-bias/,www.theeagle.com,center,high,high credibility
Bureau County Republican – Bias and Credibility,https://mediabiasfactcheck.com/bureau-county-republican-bias/,www.shawlocal.com,center,high,high credibility
Head Topics – Bias and Credibility,https://mediabiasfactcheck.com/head-topics/,www.headtopics.com,left-center,mixed,low credibility
Calvert Recorder – Bias and Credibility,https://mediabiasfactcheck.com/calvert-recorder-bias/,www.somdnews.com,center,high,high credibility
Honolulu Reporter – Bias and Credibility,https://mediabiasfactcheck.com/honolulu-reporter/,www.honolulureporter.com,right-center,mixed,low credibility
Catalina Foothills News – Bias and Credibility,https://mediabiasfactcheck.com/catalina-foothills-news-bias/,www.tucsonlocalmedia.com,center,high,high credibility
Central Fife Times – Bias and Credibility,https://mediabiasfactcheck.com/central-fife-times-bias/,www.centralfifetimes.com,center,high,high credibility
"I, Hypocrite – Bias and Credibility",https://mediabiasfactcheck.com/i-hypocrite/,www.ihypocrite.net,extreme-right,mixed,low credibility
Chelmsford Landmark – Bias and Credibility,https://mediabiasfactcheck.com/chelmsford-landmark-bias/,www.thelandmark.com,center,high,high credibility
Information Liberation – Bias and Credibility,https://mediabiasfactcheck.com/information-liberation/,www.informationliberation.com,extreme-right,low,low credibility
CityNews Edmonton – Bias and Credibility,https://mediabiasfactcheck.com/citynews-edmonton-bias/,edmonton.citynews.ca,center,high,high credibility
iPatriot – Bias and Credibility,https://mediabiasfactcheck.com/ipatriot/,www.ipatriot.com,right,mixed,low credibility
Clarinda Herald-Journal – Bias and Credibility,https://mediabiasfactcheck.com/clarinda-herald-journal-bias/,www.clarindaherald.com,center,high,high credibility
Clear Lake Mirror-Reporter – Bias and Credibility,https://mediabiasfactcheck.com/clear-lake-mirror-reporter-bias/,www.clreporter.com,center,high,high credibility
Kalamazoo Times – Bias and Credibility,https://mediabiasfactcheck.com/kalamazoo-times-bias/,www.kalamazootimes.com,right-center,mixed,low credibility
KC Reporter – Bias and Credibility,https://mediabiasfactcheck.com/kc-reporter-bias/,www.kcreporter.com,right-center,mixed,low credibility
Constitution Daily – Bias and Credibility,https://mediabiasfactcheck.com/constitution-daily/,www.constitutioncenter.org,center,high,high credibility
Kremlin.ru – Bias and Credibility,https://mediabiasfactcheck.com/kremlin-ru-bias/,en.kremlin.ru,right-center,mixed,low credibility
LA Harbor News – Bias and Credibility,https://mediabiasfactcheck.com/la-harbor-news/,www.laharbornews.com,right-center,mixed,low credibility
Lansing Sun,https://mediabiasfactcheck.com/lansing-sun-bias/,www.lansingsun.com,right-center,mixed,low credibility
Lawrence Reporter – Bias and Credibility,https://mediabiasfactcheck.com/lawrence-reporter-bias/,www.lawrencereporter.com,right-center,mixed,low credibility
Lehigh Valley News – Bias and Credibility,https://mediabiasfactcheck.com/lehigh-valley-news-bias/,www.lehighnews.org,left-center,mixed,low credibility
Daily Journal (Illinois) – Bias and Credibility,https://mediabiasfactcheck.com/daily-journal-illinois/,www.daily-journal.com,center,high,no credibility rating available
Danville Register & Bee – Bias and Credibility,https://mediabiasfactcheck.com/danville-register-bee-bias/,www.godanriver.com,center,high,high credibility
Dekalb Daily Chronicle – Bias and Credibility,https://mediabiasfactcheck.com/dekalb-daily-chronicle-bias/,www.shawlocal.com,center,high,high credibility
Lowe Delta News – Bias and Credibility,https://mediabiasfactcheck.com/lowe-delta-news/,www.lowedeltanews.com,right-center,mixed,low credibility
Digital Journal – Bias and Credibility,https://mediabiasfactcheck.com/digital-journal/,www.digitaljournal.com,center,high,high credibility
Dorset Echo – Bias and Credibility,https://mediabiasfactcheck.com/dorset-echo-bias/,www.dorsetecho.co.uk,center,high,high credibility
Duluth News Tribune – Bias and Credibility,https://mediabiasfactcheck.com/duluth-news-tribune/,www.duluthnewstribune.com,center,high,high credibility
Eagle Tribune – Bias and Credibility,https://mediabiasfactcheck.com/eagle-tribune/,www.eagletribune.com,center,high,high credibility
East Valley Tribune – Bias and Credibility,https://mediabiasfactcheck.com/east-valley-tribune-bias/,www.eastvalleytribune.com,center,high,high credibility
Metapedia – Bias and Credibility,https://mediabiasfactcheck.com/metapedia/,en.metapedia.org,extreme-right,low,low credibility
Anderson Independent Mail – Bias and Credibility,https://mediabiasfactcheck.com/anderson-independent-mail/,www.independentmail.com,center,high,high credibility
Florida Parish News – Bias and Credibility,https://mediabiasfactcheck.com/florida-parish-news-bias/,www.floridaparishnews.com,right-center,mixed,low credibility
Fort Smith Times – Bias and Credibility,https://mediabiasfactcheck.com/fort-smith-times/,www.fortsmithtimes.com,right-center,mixed,low credibility
Australian Associated Press (AAP) – Bias and Credibility,https://mediabiasfactcheck.com/australian-associated-press-aap/,www.aap.com.au,center,high,high credibility
Fria Tider (Free Times) – Bias and Credibility,https://mediabiasfactcheck.com/fria-tider-free-times/,www.friatider.se,extreme-right,low,low credibility
Galesburg Reporter – Bias and Credibility,https://mediabiasfactcheck.com/galesburg-reporter/,www.galesburgreporter.com,right-center,mixed,low credibility
Bicester Advertiser – Bias and Credibility,https://mediabiasfactcheck.com/bicester-advertiser-bias/,www.bicesteradvertiser.net,center,high,high credibility
GETTR – Bias and Credibility,https://mediabiasfactcheck.com/gettr/,www.gettr.com,right,low,low credibility
Gloucester Today – Bias and Credibility,https://mediabiasfactcheck.com/gloucester-today-bias/,www.gloucestertoday.com,right-center,mixed,low credibility
GOP Daily Brief – Bias and Credibility,https://mediabiasfactcheck.com/gop-daily-brief-bias/,www.gopdailybrief.com,extreme-right,mixed,low credibility
Grand Junction Times – Bias and Credibility,https://mediabiasfactcheck.com/grand-junction-times/,www.grandjunctiontimes.com,right-center,mixed,low credibility
Great Lakes Wire – Bias and Credibility,https://mediabiasfactcheck.com/great-lakes-wire-bias/,www.greatlakeswire.com,right-center,mixed,low credibility
Bring Me The News – Bias and Credibility,https://mediabiasfactcheck.com/bring-me-the-news/,www.bringmethenews.com,center,high,high credibility
Buffalo News – Bias and Credibility,https://mediabiasfactcheck.com/buffalo-news/,www.buffalonews.com,center,high,high credibility
Bury Times – Bias and Credibility,https://mediabiasfactcheck.com/bury-times-bias/,www.burytimes.co.uk,center,high,high credibility
C-SPAN – Bias and Credibility,https://mediabiasfactcheck.com/c-span/,www.c-span.org,center,very high,high credibility
Hogg Watch – Bias and Credibility,https://mediabiasfactcheck.com/hogg-watch/,www.hoggwatch.com,extreme-right,low,low credibility
Casper Star-Tribune – Bias and Credibility,https://mediabiasfactcheck.com/casper-star-tribune/,www.trib.com,center,high,high credibility
Center for Responsive Politics (Open Secrets) – Bias and Credibility,https://mediabiasfactcheck.com/center-for-responsive-politics-open-secrets/,www.opensecrets.org,center,very high,high credibility
Challis Messenger – Bias and Credibility,https://mediabiasfactcheck.com/challis-messenger-bias/,www.postregister.com,center,high,high credibility
Illinois Valley Times – Bias and Credibility,https://mediabiasfactcheck.com/illinois-valley-times-bias/,www.illinoisvalleytimes.com,right-center,mixed,low credibility
Chillicothe Constitution-Tribune – Bias and Credibility,https://mediabiasfactcheck.com/chillicothe-constitution-tribune-bias/,www.chillicothenews.com,center,high,high credibility
Institute for Historical Review – Bias and Credibility,https://mediabiasfactcheck.com/institute-for-historical-review/,www.ihr.org,extreme-right,VeryLow,low credibility
CityNews Montreal – Bias and Credibility,https://mediabiasfactcheck.com/citynews-montreal-bias/,montreal.citynews.ca,center,high,high credibility
Clacton Gazette – Bias and Credibility,https://mediabiasfactcheck.com/clacton-gazette-bias/,www.clactonandfrintongazette.co.uk,center,high,high credibility
Clayton Record – Bias and Credibility,https://mediabiasfactcheck.com/clayton-record-bias/,www.claytonrecord.com,center,high,high credibility
Kane County Reporter – Bias and Credibility,https://mediabiasfactcheck.com/kane-county-reporter/,www.kanecountyreporter.com,right-center,mixed,low credibility
Kendall County Times – Bias and Credibility,https://mediabiasfactcheck.com/kendall-county-times/,www.kendallcountytimes.com,right-center,mixed,low credibility
Kings County Times – Bias and Credibility,https://mediabiasfactcheck.com/kings-county-times/,www.kingscountytimes.com,right-center,mixed,low credibility
Corriere Della Sera – Bias and Credibility,https://mediabiasfactcheck.com/corriere-della-sera/,www.corriere.it,center,high,high credibility
Country Living – Bias and Credibility,https://mediabiasfactcheck.com/country-living/,www.countryliving.com,center,high,high credibility
Craig Press – Bias and Credibility,https://mediabiasfactcheck.com/craig-press-bias/,www.craigdailypress.com,center,high,high credibility
Creston News Advertiser – Bias and Credibility,https://mediabiasfactcheck.com/creston-news-advertiser-bias/,www.crestonnews.com,center,high,high credibility
Cumnock Chronicle – Bias and Credibility,https://mediabiasfactcheck.com/cumnock-chronicle-bias/,www.cumnockchronicle.com,center,high,high credibility
Liberty News – Bias and Credibility,https://mediabiasfactcheck.com/liberty-news/,www.libertynews.com,right,low,low credibility
Daily Nonpareil – Bias and Credibility,https://mediabiasfactcheck.com/daily-nonpareil-bias/,www.nonpareilonline.com,center,high,high credibility
Litchfield Hills Today – Bias and Credibility,https://mediabiasfactcheck.com/litchfield-hills-today/,www.litchfieldhillstoday.com,right-center,mixed,low credibility
Louder With Crowder – Bias and Credibility,https://mediabiasfactcheck.com/louder-with-crowder/,www.louderwithcrowder.com,right,mixed,low credibility
Macomb Digest – Bias and Credibility,https://mediabiasfactcheck.com/macomb-digest-bias/,www.macombdigest.com,left-center,mixed,low credibility
D Magazine – Bias and Credibility,https://mediabiasfactcheck.com/d-magazine-bias/,www.dmagazine.com,center,high,high credibility
Manatee Review – Bias and Credibility,https://mediabiasfactcheck.com/manatee-review/,www.manateereview.com,right-center,mixed,low credibility
Dunfermline Press – Bias and Credibility,https://mediabiasfactcheck.com/dunfermline-press-bias/,www.dunfermlinepress.com,center,high,high credibility
Mehr News Agency – Bias and Credibility,https://mediabiasfactcheck.com/mehr-news-agency/,en.mehrnews.com,right,mixed,low credibility
Eldora Herald-Ledger – Bias and Credibility,https://mediabiasfactcheck.com/eldora-herald-ledger-bias/,www.eldoranewspapers.com,center,high,high credibility
Metro West Times – Bias and Credibility,https://mediabiasfactcheck.com/metro-west-times-bias/,www.metrowesttimes.com,right-center,mixed,low credibility
Andover Advertiser – Bias and Credibility,https://mediabiasfactcheck.com/andover-advertiser-bias/,www.andoveradvertiser.co.uk,center,high,high credibility
Focus on the Family – Bias and Credibility,https://mediabiasfactcheck.com/focus-on-the-family/,www.focusonthefamily.com,extreme-right,low,low credibility
Fox News (foxnews.com) – Bias and Credibility,https://mediabiasfactcheck.com/fox-news/,www.foxnews.com,right,mixed,low credibility
Avenue News – Bias and Credibility,https://mediabiasfactcheck.com/avenue-news-bias/,www.avenuenews.com,center,high,high credibility
Frontpage Magazine – Bias and Credibility,https://mediabiasfactcheck.com/frontpage-magazine/,www.frontpagemag.com,extreme-right,low,low credibility
Belleville News-Democrat – Bias and Credibility,https://mediabiasfactcheck.com/belleville-news-democrat/,www.bnd.com,center,high,high credibility
Better Government Association – Bias and Credibility,https://mediabiasfactcheck.com/better-government-association/,www.bettergov.org,center,high,high credibility
Biloxi Sun Herald – Bias and Credibility,https://mediabiasfactcheck.com/biloxi-sun-herald/,www.sunherald.com,center,high,high credibility
Globe Magazine – Bias and Credibility,https://mediabiasfactcheck.com/globe-magazine/,www.globemagazine.com,No media bias rating,VeryLow, credibility
GoodGopher – Bias and Credibility,https://mediabiasfactcheck.com/goodgopher/,www.goodgopher.com,right,VeryLow,no credibility rating available
Borehamwood Times – Bias and Credibility,https://mediabiasfactcheck.com/borehamwood-times-bias/,www.borehamwoodtimes.co.uk,center,high,high credibility
Great American Daily – Bias and Credibility,https://mediabiasfactcheck.com/great-american-daily/,www.greatamericandaily.com,extreme-right,low,low credibility
Grunge – Bias and Credibility,https://mediabiasfactcheck.com/grunge/,www.grunge.com,No media bias rating,mixed,low credibility
Bucks Free Press – Bias and Credibility,https://mediabiasfactcheck.com/bucks-free-press-bias/,www.bucksfreepress.co.uk,center,high,high credibility
Hartford Reporter – Bias and Credibility,https://mediabiasfactcheck.com/hartford-reporter/,www.hartfordreporter.com,right-center,mixed,low credibility
Henderson Times – Bias and Credibility,https://mediabiasfactcheck.com/henderson-times-bias/,www.hendersontimes.org,left-center,mixed,low credibility
Hillsborough Sun – Bias and Credibility,https://mediabiasfactcheck.com/hillsborough-sun-bias/,www.hillsboroughsun.com,right-center,mixed,low credibility
Carroll County News – Bias and Credibility,https://mediabiasfactcheck.com/carroll-county-news-bias/,www.carrollconews.com,center,high,high credibility
Center for Democracy and Technology – Bias and Credibility,https://mediabiasfactcheck.com/center-democracy-technology/,www.cdt.org,center,high,high credibility
Hutch Today – Bias and Credibility,https://mediabiasfactcheck.com/hutch-today-bias/,www.hutchtoday.com,right-center,mixed,low credibility
Chatham House – Bias and Credibility,https://mediabiasfactcheck.com/chatham-house-bias/,www.chathamhouse.org,center,high,high credibility
Independent Sentinel – Bias and Credibility,https://mediabiasfactcheck.com/independent-sentinel/,www.independentsentinel.com,right,low,low credibility
Cincinnati Enquirer – Bias and Credibility,https://mediabiasfactcheck.com/cincinnati-enquirer/,www.cincinnati.com,center,high,high credibility
Iowa City Today – Bias and Credibility,https://mediabiasfactcheck.com/iowa-city-today-bias/,www.iowacitytoday.com,right-center,mixed,low credibility
Jackson Purchase News – Bias and Credibility,https://mediabiasfactcheck.com/jackson-purchase-news-bias/,www.jacksonpurchasenews.com,right-center,mixed,low credibility
Clay Today – Bias and Credibility,https://mediabiasfactcheck.com/clay-today-bias/,www.claytodayonline.com,center,high,high credibility
CNET – Bias and Credibility,https://mediabiasfactcheck.com/cnet/,www.cnet.com,center,high,high credibility
Comparitech – Bias and Credibility,https://mediabiasfactcheck.com/comparitech-bias/,www.comparitech.com,center,high,high credibility
Congressional Budget Office (CBO) – Bias and Credibility,https://mediabiasfactcheck.com/congressional-budget-office-cbo/,www.cbo.gov,center,very high,high credibility
Kokomo Standard – Bias and Credibility,https://mediabiasfactcheck.com/kokomo-standard-bias/,www.kokomostandard.com,right-center,mixed,low credibility
Lafayette Reporter – Bias and Credibility,https://mediabiasfactcheck.com/lafayette-reporter-bias/,www.lafayettereporter.com,right-center,mixed,low credibility
Court TV – Bias and Credibility,https://mediabiasfactcheck.com/courttv-bias/,www.courttv.com,center,high,high credibility
Crains Detroit – Bias and Credibility,https://mediabiasfactcheck.com/crains-detroit/,www.crainsdetroit.com,center,high,high credibility
Left Action – Bias and Credibility,https://mediabiasfactcheck.com/left-action/,www.leftaction.com,extreme-left,low,low credibility
Lewiston Times – Bias and Credibility,https://mediabiasfactcheck.com/lewiston-times-bias/,www.lewistontimes.com,right-center,mixed,low credibility
Daily Inter Lake – Bias and Credibility,https://mediabiasfactcheck.com/daily-inter-lake-bias/,www.dailyinterlake.com,center,high,high credibility
Daily Record – Bias and Credibility,https://mediabiasfactcheck.com/daily-record/,www.dailyrecord.com,center,high,high credibility
Livingston Today – Bias and Credibility,https://mediabiasfactcheck.com/livingston-today-bias/,www.livingstontoday.com,right-center,mixed,low credibility
The Des Moines Register – Bias and Credibility,https://mediabiasfactcheck.com/the-des-moines-register/,www.desmoinesregister.com,center,high,high credibility
Macon Times – Bias and Credibility,https://mediabiasfactcheck.com/macon-times/,www.macontimes.com,right-center,mixed,low credibility
Maine Lakes News – Bias and Credibility,https://mediabiasfactcheck.com/maine-lakes-news-bias/,www.mainelakesnews.com,right-center,mixed,low credibility
Marin Leader – Bias and Credibility,https://mediabiasfactcheck.com/marin-leader/,www.marinleader.com,right-center,mixed,low credibility
Maui Reporter – Bias and Credibility,https://mediabiasfactcheck.com/maui-reporter/,www.mauireporter.com,right-center,mixed,low credibility
Merced Times – Bias and Credibility,https://mediabiasfactcheck.com/merced-times/,www.mercedtimes.com,right-center,mixed,low credibility
Elko Daily Free Press – Bias and Credibility,https://mediabiasfactcheck.com/elko-daily-free-press/,www.elkodaily.com,center,high,high credibility
Eurasia Group – Bias and Credibility,https://mediabiasfactcheck.com/eurasia-group/,www.eurasiagroup.net,center,high,high credibility
Aspen Times – Bias and Credibility,https://mediabiasfactcheck.com/aspen-times-bias/,www.summitdaily.com,center,high,high credibility
FreedomProject Media – Bias and Credibility,https://mediabiasfactcheck.com/freedomproject-media/,www.freedomproject.com,extreme-right,low,high credibility
Ballot-Access News – Bias and Credibility,https://mediabiasfactcheck.com/ballot-access-news/,www.ballot-access.org,center,high,high credibility
Beatrice Daily Sun – Bias and Credibility,https://mediabiasfactcheck.com/beatrice-daily-sun-bias/,www.beatricedailysun.com,center,high,high credibility
Gen Z Conservative – Bias and Credibility,https://mediabiasfactcheck.com/gen-z-conservative/,www.genzconservative.com,extreme-right,mixed,low credibility
Biography (A&E) – Bias and Credibility,https://mediabiasfactcheck.com/biography-ae-bias/,www.biography.com,center,high,high credibility
Boca Post – Bias and Credibility,https://mediabiasfactcheck.com/boca-post-bias-and-credibility/,www.bocapost.com,center,high,high credibility
GOP.gov (House Republicans) – Bias and Credibility,https://mediabiasfactcheck.com/gop-gov-house-republicans/,www.gop.gov,right,mixed,low credibility
Grand Rapids Reporter – Bias and Credibility,https://mediabiasfactcheck.com/grand-rapids-reporter-bias/,www.grandrapidsreporter.com,right-center,mixed,low credibility
Gript.ie – Bias and Credibility,https://mediabiasfactcheck.com/gript-ie-bias/,www.gript.ie,right,mostly,high credibility
Gucmakale.com – Bias and Credibility,https://mediabiasfactcheck.com/gucmakale-com/,www.gucmakale.com,No media bias rating,mixed,low credibility
Buffalo Center Tribune – Bias and Credibility,https://mediabiasfactcheck.com/buffalo-center-tribune-bias/,www.thebuffalocentertribune.com,center,high,high credibility
Burnham & Highbridge Weekly – Bias and Credibility,https://mediabiasfactcheck.com/burnham-highbridge-weekly/,www.burnhamandhighbridgeweeklynews.co.uk,center,high,high credibility
Here Is The Evidence – Bias and Credibility,https://mediabiasfactcheck.com/here-is-the-evidence/,www.hereistheevidence.com,right,low,low credibility
Hindustan Times – Bias and Credibility,https://mediabiasfactcheck.com/hindustan-times/,www.hindustantimes.com,left-center,mixed,low credibility
Hoosier State Today – Bias and Credibility,https://mediabiasfactcheck.com/hoosier-state-today-bias/,www.hoosierstatetoday.com,right-center,mixed,low credibility
Housatonic Valley News – Bias and Credibility,https://mediabiasfactcheck.com/housatonic-valley-news/,www.housatonicvalleynews.com,right-center,mixed,low credibility
Centreville Record Observer – Bias and Credibility,https://mediabiasfactcheck.com/centreville-record-observer/,www.myeasternshoremd.com,center,high,high credibility
Illegal Alien Crime Report – Bias and Credibility,https://mediabiasfactcheck.com/illegal-alien-crime-report/,www.illegalaliencrimereport.com,extreme-right,mixed,low credibility
Chico Enterprise-Record – Bias and Credibility,https://mediabiasfactcheck.com/chico-enterprise-record-bias/,www.chicoer.com,center,high,high credibility
Inner Strength Zone – Bias and Credibility,https://mediabiasfactcheck.com/inner-strength-zone/,www.innerstrength.zone,No media bias rating,mixed,low credibility
CityNews Kitchener – Bias and Credibility,https://mediabiasfactcheck.com/citynews-kitchener-bias/,kitchener.citynews.ca,center,high,high credibility
Ivermectin for Covid-19 (ivmmeta.com) – Bias and Credibility,https://mediabiasfactcheck.com/ivermectin-for-covid-19-ivmmeta-com-bias/,www.ivmmeta.com,right,mixed,low credibility
Joco Today – Bias and Credibility,https://mediabiasfactcheck.com/joco-today-bias/,www.jocotoday.com,right-center,mixed,low credibility
Just The News – Bias and Credibility,https://mediabiasfactcheck.com/just-the-news/,www.justthenews.com,right,mixed,low credibility
Kauai Sun – Bias and Credibility,https://mediabiasfactcheck.com/kauai-sun/,www.kauaisun.com,right-center,mixed,low credibility
Key West Reporter – Bias and Credibility,https://mediabiasfactcheck.com/key-west-reporter/,www.keywestreporter.com,right-center,mixed,low credibility
Cotswold Journal – Bias and Credibility,https://mediabiasfactcheck.com/cotswold-journal-bias/,www.cotswoldjournal.co.uk,center,high,high credibility
Lafayette Times – Bias and Credibility,https://mediabiasfactcheck.com/lafayette-times-bias/,www.lafayettetimes.com,right-center,mixed,low credibility
The Covid Tracking Project – Bias and Credibility,https://mediabiasfactcheck.com/the-covid-tracking-project/,www.covidtracking.com,center,high,high credibility
Las Vegas City Wire – Bias and Credibility,https://mediabiasfactcheck.com/las-vegas-city-wire-bias/,www.lasvegascitywire.com,right-center,mixed,low credibility
Crux – Bias and Credibility,https://mediabiasfactcheck.com/crux-bias/,www.cruxnow.com,center,high,high credibility
D.C. Circuit Breaker – Bias and Credibility,https://mediabiasfactcheck.com/d-c-circuit-breaker/,www.dccircuitbreaker.org,center,high,high credibility
Liberty Unyielding – Bias and Credibility,https://mediabiasfactcheck.com/liberty-unyielding/,www.libertyunyielding.com,right,mostly,no credibility rating available
LifeZette – Bias and Credibility,https://mediabiasfactcheck.com/lifezette/,www.lifezette.com,right,mixed,low credibility
Delaware County Daily Times – Bias and Credibility,https://mediabiasfactcheck.com/delaware-county-daily-times-bias/,www.delcotimes.com,center,high,high credibility
De Standaard – Bias and Credibility,https://mediabiasfactcheck.com/de-standaard-bias/,www.standaard.be,center,high,high credibility
Dispatch – Argus – Bias and Credibility,https://mediabiasfactcheck.com/dispatch-argus-bias/,www.qconline.com,center,high,high credibility
Dothan Eagle – Bias and Credibility,https://mediabiasfactcheck.com/dothan-eagle-bias/,www.dothaneagle.com,center,high,high credibility
Dumbarton Reporter – Bias and Credibility,https://mediabiasfactcheck.com/dumbarton-reporter-bias/,www.dumbartonreporter.co.uk,center,high,high credibility
East County Observer – Bias and Credibility,https://mediabiasfactcheck.com/east-county-observer-bias/,www.yourobserver.com,center,high,high credibility
Eau Claire Leader-Telegram – Bias and Credibility,https://mediabiasfactcheck.com/eau-claire-leader-telegram/,www.leadertelegram.com,center,high,high credibility
Metro East Sun – Bias and Credibility,https://mediabiasfactcheck.com/metro-east-sun/,www.metroeastsun.com,right-center,mixed,low credibility
Escanaba Daily Press – Bias and Credibility,https://mediabiasfactcheck.com/escanaba-daily-press-bias/,www.dailypress.net,center,high,high credibility
Atlas Obscura – Bias and Credibility,https://mediabiasfactcheck.com/atlas-obscura/,www.atlasobscura.com,center,high,high credibility
azfamily.com – Bias and Credibility,https://mediabiasfactcheck.com/azfamily-com/,www.azfamily.com,center,high,high credibility
Basingstoke Gazette – Bias and Credibility,https://mediabiasfactcheck.com/basingstoke-gazette-bias/,www.basingstokegazette.co.uk,center,high,high credibility
Geller Report – Bias and Credibility,https://mediabiasfactcheck.com/geller-report/,www.gellerreport.com,extreme-right,low,low credibility
Georgia Mountain News – Bias and Credibility,https://mediabiasfactcheck.com/georgia-mountain-news/,www.georgiamountainnews.com,right-center,mixed,low credibility
Blasting News – Bias and Credibility,https://mediabiasfactcheck.com/blastingnews/,us.blastingnews.com,center,high,high credibility
Golden State Today – Bias and Credibility,https://mediabiasfactcheck.com/golden-state-today/,www.goldenstatetoday.com,right-center,mixed,low credibility
Border Telegraph – Bias and Credibility,https://mediabiasfactcheck.com/border-telegraph-bias/,www.bordertelegraph.com,center,high,high credibility
Granma (Cuba) – Bias and Credibility,https://mediabiasfactcheck.com/granma-cuba-bias/,en.granma.cu,extreme-left,mixed,low credibility
Bridgewater Mercury – Bias and Credibility,https://mediabiasfactcheck.com/bridgewater-mercury-bias/,www.bridgwatermercury.co.uk,center,high,high credibility
Gulf News – Bias and Credibility,https://mediabiasfactcheck.com/gulf-news/,www.gulfnews.com,right-center,mixed,low credibility
Harford News – Bias and Credibility,https://mediabiasfactcheck.com/harford-news-bias/,www.harfordnews.com,right-center,mixed,low credibility
Butler County Times-Gazette – Bias and Credibility,https://mediabiasfactcheck.com/butler-county-times-gazette-bias/,www.butlercountytimesgazette.com,center,high,high credibility
Cable Public Affairs Channel (CPAC) – Bias and Credibility,https://mediabiasfactcheck.com/canadian-public-affairs-channel-cpac/,www.cpac.ca,center,high,high credibility
Holland Reporter – Bias and Credibility,https://mediabiasfactcheck.com/holland-reporter-bias/,www.hollandreporter.com,right-center,mixed,low credibility
Houma Thibodaux News – Bias and Credibility,https://mediabiasfactcheck.com/houma-thibodaux-news-bias/,www.houmathibodauxnews.com,right-center,mixed,low credibility
Huntsville Leader – Bias and Credibility,https://mediabiasfactcheck.com/huntsville-leader/,www.huntsvilleleader.com,right-center,mixed,low credibility
Charity Navigator – Bias and Credibility,https://mediabiasfactcheck.com/charity-navigator/,www.charitynavigator.org,center,very high,high credibility
Chester and District Standard – Bias and Credibility,https://mediabiasfactcheck.com/chester-and-district-standard-bias/,www.chesterstandard.co.uk,center,high,high credibility
InfoScum – Bias and Credibility,https://mediabiasfactcheck.com/infoscum/,www.infoscum.com,left-center,mixed,low credibility
International Organization for the Family (IOF) – Bias and Credibility,https://mediabiasfactcheck.com/international-organization-for-the-family-iof/,www.profam.org,extreme-right,low,low credibility
CityNews Winnipeg – Bias and Credibility,https://mediabiasfactcheck.com/citynews-winnipeg-bias/,winnipeg.citynews.ca,center,high,high credibility
Clay County Times-Democrat – Bias and Credibility,https://mediabiasfactcheck.com/clay-county-times-democrat-bias/,www.cctimesdemocrat.com,center,high,high credibility
Judicial Watch – Bias and Credibility,https://mediabiasfactcheck.com/judicial-watch/,www.judicialwatch.org,extreme-right,low,low credibility
Community Impact – Bias and Credibility,https://mediabiasfactcheck.com/community-impact/,www.communityimpact.com,center,high,high credibility
Kern County Times – Bias and Credibility,https://mediabiasfactcheck.com/kern-county-times/,www.kerncountytimes.com,right-center,mixed,low credibility
Korean Central News Agency – Bias and Credibility,https://mediabiasfactcheck.com/korean-central-news-agency/,www.kcna.kp,extreme-left,VeryLow,low credibility
Countable – Bias and Credibility,https://mediabiasfactcheck.com/countable-news/,www.countable.com,center,high,high credibility
Lake Tahoe Sun – Bias and Credibility,https://mediabiasfactcheck.com/lake-tahoe-sun/,www.laketahoesun.com,right-center,mixed,low credibility
Craven Herald & Pioneer – Bias and Credibility,https://mediabiasfactcheck.com/craven-herald-pioneer-bias/,www.cravenherald.co.uk,center,high,high credibility
Culpeper Star-Exponent – Bias and Credibility,https://mediabiasfactcheck.com/culpeper-star-exponent-bias/,www.starexponent.com,center,high,high credibility
Liberty Hangout – Bias and Credibility,https://mediabiasfactcheck.com/liberty-hangout/,www.libertyhangout.org,extreme-right,low,low credibility
Daily Maverick – Bias and Credibility,https://mediabiasfactcheck.com/daily-maverick/,www.dailymaverick.co.za,center,high,high credibility
Defense News – Bias and Credibility,https://mediabiasfactcheck.com/defense-news/,www.defensenews.com,center,high,high credibility
Denison Bulletin Review – Bias and Credibility,https://mediabiasfactcheck.com/denison-bulletin-review/,www.dbrnews.com,center,high,high credibility
Detik.com – Bias and Credibility,https://mediabiasfactcheck.com/detik-com/,www.detik.com,center,mostly,high credibility
Magnolia State News – Bias and Credibility,https://mediabiasfactcheck.com/magnolia-state-news-bias/,www.magnoliastatenews.com,right-center,mixed,low credibility
Mainstream Fake Media – Bias and Credibility,https://mediabiasfactcheck.com/mainstream-fake-media-bias/,www.mainstreamfakemedia.com,right,low,low credibility
Maryland State Wire – Bias and Credibility,https://mediabiasfactcheck.com/maryland-state-wire-bias/,www.mdstatewire.com,right-center,mixed,low credibility
McLean County Times – Bias and Credibility,https://mediabiasfactcheck.com/mclean-county-times/,www.mcleancountytimes.com,right-center,mixed,low credibility
Elburn Herald – Bias and Credibility,https://mediabiasfactcheck.com/elburn-herald-bias/,www.shawlocal.com,center,high,high credibility
El Nuevo Dia – Bias and Credibility,https://mediabiasfactcheck.com/el-nuevo-dia/,www.elnuevodia.com,center,high,high credibility
Essex Echo – Bias and Credibility,https://mediabiasfactcheck.com/essex-echo-bias/,www.echo-news.co.uk,center,high,high credibility
Michigan Star – Bias and Credibility,https://mediabiasfactcheck.com/michigan-star-bias/,www.themichiganstar.com,right,mixed,low credibility
Mid Massachusetts News – Bias and Credibility,https://mediabiasfactcheck.com/mid-massachusetts-news-bias/,www.midmassnews.com,right-center,mixed,low credibility
Fresno Leader – Bias and Credibility,https://mediabiasfactcheck.com/fresno-leader/,www.fresnoleader.com,right-center,mixed,low credibility
FT Wayne Times – Bias and Credibility,https://mediabiasfactcheck.com/ft-wayne-times-bias/,www.ftwaynetimes.com,right-center,mixed,low credibility
Bay City Times – Bias and Credibility,https://mediabiasfactcheck.com/bay-city-times-bias/,www.mlive.com,center,high,high credibility
Genesee News – Bias and Credibility,https://mediabiasfactcheck.com/genesee-news-bias/,www.geneseenews.com,right-center,mixed,low credibility
Georgia Star News – Bias and Credibility,https://mediabiasfactcheck.com/georgia-star-news-bias/,www.georgiastarnews.com,right,mixed,low credibility
Glacier Country News – Bias and Credibility,https://mediabiasfactcheck.com/glacier-country-news-bias/,www.glaciercountrynews.com,right-center,mixed,low credibility
Bonners Ferry Herald – Bias and Credibility,https://mediabiasfactcheck.com/bonners-ferry-herald-bias/,www.bonnersferryherald.com,center,high,high credibility
Grand Canyon Times – Bias and Credibility,https://mediabiasfactcheck.com/grand-canyon-times/,www.grandcanyontimes.com,right-center,mixed,low credibility
Bradford Telegraph and Argus – Bias and Credibility,https://mediabiasfactcheck.com/bradford-telegraph-and-argus-bias/,www.thetelegraphandargus.co.uk,center,high,high credibility
Bridport and Lyme Regis News – Bias and Credibility,https://mediabiasfactcheck.com/bridport-and-lyme-regis-news-bias/,www.bridportnews.co.uk,center,high,high credibility
Gunster News – Bias and Credibility,https://mediabiasfactcheck.com/gunster-news-bias-and-credibility/,www.gunsternews.com,center,mixed,low credibility
Burnett County Sentinel – Bias and Credibility,https://mediabiasfactcheck.com/burnett-county-sentinel/,www.burnettcountysentinel.com,center,mostly,no credibility rating available
Butler County Tribune-Journal – Bias and Credibility,https://mediabiasfactcheck.com/butler-county-tribune-journal-bias/,www.butlercountytribune.com,center,high,high credibility
Canon City Daily Record – Bias and Credibility,https://mediabiasfactcheck.com/canon-city-daily-record-bias/,www.canoncitydailyrecord.com,center,high,high credibility
Hopkinsville Times – Bias and Credibility,https://mediabiasfactcheck.com/hopkinsville-times-bias/,www.hopkinsvilletimes.com,right-center,mixed,low credibility
Center for Strategic and International Studies – Bias and Credibility,https://mediabiasfactcheck.com/center-for-strategic-and-international-studies/,www.csis.org,center,very high,high credibility
I Hate the Media – Bias and Credibility,https://mediabiasfactcheck.com/i-hate-the-media/,www.ihatethemedia.com,extreme-right,low,low credibility
Chelmsford & Mid Essex Times – Bias and Credibility,https://mediabiasfactcheck.com/chelmsford-mid-essex-times-bias/,www.chelmsfordweeklynews.co.uk,center,high,high credibility
Chippewa Herald – Bias and Credibility,https://mediabiasfactcheck.com/chippewa-herald-bias/,www.chippewa.com,center,high,high credibility
Interior Alaska News – Bias and Credibility,https://mediabiasfactcheck.com/interior-alaska-news/,www.interioralaskanews.com,right-center,mixed,low credibility
CityNews Vancouver – Bias and Credibility,https://mediabiasfactcheck.com/citynews-vancouver-bias/,vancouver.citynews.ca,center,high,high credibility
Jefferson Reporter – Bias and Credibility,https://mediabiasfactcheck.com/jefferson-reporter/,www.jeffersonreporter.com,right-center,mixed,low credibility
JordanBPeterson.com – Bias and Credibility,https://mediabiasfactcheck.com/jordanbpeterson-com-bias/,www.jordanbpeterson.com,right,mixed,low credibility
Committee to Protect Journalists – Bias and Credibility,https://mediabiasfactcheck.com/committee-to-protect-journalists/,www.cpj.org,center,high,high credibility
Kent County Today – Bias and Credibility,https://mediabiasfactcheck.com/kent-county-today/,www.kentcountytoday.com,right-center,mixed,low credibility
Knights Templar International – Bias and Credibility,https://mediabiasfactcheck.com/knights-templar-international/,www.knightstemplarorder.com,extreme-right,low,low credibility
La Crosse Leader – Bias and Credibility,https://mediabiasfactcheck.com/la-crosse-leader-bias/,www.lacrosseleader.org,left-center,mixed,low credibility
Lake County Gazette – Bias and Credibility,https://mediabiasfactcheck.com/lake-county-gazette-bias/,www.lakecountygazette.com,right-center,mixed,low credibility
Larimer News – Bias and Credibility,https://mediabiasfactcheck.com/larimer-news/,www.larimernews.com,right-center,mixed,low credibility
Crookston Times – Bias and Credibility,https://mediabiasfactcheck.com/crookston-times-bias/,www.crookstontimes.com,center,high,high credibility
Lew Rockwell – Bias and Credibility,https://mediabiasfactcheck.com/lew-rockwell/,www.lewrockwell.com,extreme-right,low,low credibility
LibertyTalk.FM – Bias and Credibility,https://mediabiasfactcheck.com/libertytalk-fm/,www.libertytalk.fm,right,mixed,low credibility
LifeSiteNews – Bias and Credibility,https://mediabiasfactcheck.com/life-site-news/,www.lifesitenews.com,right,low,low credibility
Little Apple Times – Bias and Credibility,https://mediabiasfactcheck.com/little-apple-times-bias/,www.littleappletimes.com,right-center,mixed,low credibility
Louisville City Wire – Bias and Credibility,https://mediabiasfactcheck.com/louisville-city-wire-bias/,www.louisvillecitywire.com,right-center,mixed,low credibility
Digi24 – Bias and Credibility,https://mediabiasfactcheck.com/digi24-bias/,www.digi24.ro,center,high,high credibility
Doctors Without Borders – Bias and Credibility,https://mediabiasfactcheck.com/doctors-without-borders/,www.doctorswithoutborders.org,center,high,high credibility
Manila Business Daily – Bias and Credibility,https://mediabiasfactcheck.com/manila-business-daily-bias/,www.manilabusinessdaily.com,right-center,mixed,low credibility
Mat-Su Times – Bias and Credibility,https://mediabiasfactcheck.com/mat-su-times/,www.matsutimes.com,right-center,mixed,low credibility
East Idaho News – Bias and Credibility,https://mediabiasfactcheck.com/east-idaho-news/,www.eastidahonews.com,center,high,high credibility
Mesa Times – Bias and Credibility,https://mediabiasfactcheck.com/mesa-times-bias/,www.mesatimes.org,left-center,mixed,low credibility
Erie Times-News – Bias and Credibility,https://mediabiasfactcheck.com/erie-times-news/,www.goerie.com,center,high,high credibility
Eureka Times-Standard – Bias and Credibility,https://mediabiasfactcheck.com/eureka-times-standard-bias/,www.times-standard.com,center,high,high credibility
Fayetteville Observer – Bias and Credibility,https://mediabiasfactcheck.com/fayetteville-observer/,www.fayobserver.com,center,high,high credibility
GAB News – Bias and Credibility,https://mediabiasfactcheck.com/gab-news-bias/,news.gab.com,extreme-right,low,low credibility
Benzinga – Bias and Credibility,https://mediabiasfactcheck.com/benzinga/,www.benzinga.com,center,high,high credibility
Geology In – Bias and Credibility,https://mediabiasfactcheck.com/geology-in/,www.geologyin.com,No media bias rating,mixed,low credibility
Bismarck Tribune – Bias and Credibility,https://mediabiasfactcheck.com/bismarck-tribune/,www.bismarcktribune.com,center,high,high credibility
Gnews – Bias and Credibility,https://mediabiasfactcheck.com/gnews/,www.gnews.org,right,low,low credibility
BorderReport – Bias and Credibility,https://mediabiasfactcheck.com/borderreport-bias/,www.borderreport.com,center,high,high credibility
Bradenton Herald – Bias and Credibility,https://mediabiasfactcheck.com/bradenton-herald-bias/,www.bradenton.com,center,high,high credibility
Bridge Michigan – Bias and Credibility,https://mediabiasfactcheck.com/bridge-magazine/,www.bridgemi.com,center,high,high credibility
Guardian Nigeria – Bias and Credibility,https://mediabiasfactcheck.com/guardian-nigeria/,www.guardian.ng,center,mixed,low credibility
The Hagmann Report – Bias and Credibility,https://mediabiasfactcheck.com/the-hagmann-report/,www.hagmannreport.com,extreme-right,low,low credibility
Hawar News Agency – Bias and Credibility,https://mediabiasfactcheck.com/hawar-news-agency/,en.hawarnews.org,extreme-left,low,low credibility
Hernando Reporter – Bias and Credibility,https://mediabiasfactcheck.com/hernando-reporter/,www.hernandoreporter.com,right-center,mixed,low credibility
Cape Cod Times – Bias and Credibility,https://mediabiasfactcheck.com/cape-cod-times/,www.capecodtimes.com,center,high,high credibility
Hot Springs Times – Bias and Credibility,https://mediabiasfactcheck.com/hot-springs-times/,www.hotspringstimes.com,right-center,mixed,low credibility
Hudson Today – Bias and Credibility,https://mediabiasfactcheck.com/hudson-today-bias/,www.hudsontoday.com,right-center,mixed,low credibility
Chard & Ilminster News – Bias and Credibility,https://mediabiasfactcheck.com/chard-illminster-news-bias/,www.chardandilminsternews.co.uk,center,high,high credibility
InfoGalactic – Bias and Credibility,https://mediabiasfactcheck.com/infogalactic/,www.infogalactic.com,extreme-right,low,low credibility
Informer – Serbia – Bias and Credibility,https://mediabiasfactcheck.com/informer-serbia-bias/,www.informer.rs,right,mixed,low credibility
CityNews Halifax – Bias and Credibility,https://mediabiasfactcheck.com/citynews-halifax-bias/,halifax.citynews.ca,center,high,high credibility
CityNews Toronto – Bias and Credibility,https://mediabiasfactcheck.com/680-news/,toronto.citynews.ca,center,high,high credibility
Clarksville Star – Bias and Credibility,https://mediabiasfactcheck.com/clarksville-star-bias/,www.butlercountytribune.com,center,high,high credibility
The Columbus Telegram – Bias and Credibility,https://mediabiasfactcheck.com/the-columbus-telegram-bias/,www.columbustelegram.com,center,high,high credibility
Katehon – Bias and Credibility,https://mediabiasfactcheck.com/katehon-bias/,www.katehon.com,right,low,low credibility
Kentuckiana Times – Bias and Credibility,https://mediabiasfactcheck.com/kentuckiana-times-bias/,www.kentuckianatimes.com,right-center,mixed,low credibility
Cook Political Report – Bias and Credibility,https://mediabiasfactcheck.com/cook-political-report/,www.cookpolitical.com,center,high,high credibility
Council on Foreign Relations – Bias and Credibility,https://mediabiasfactcheck.com/council-on-foreign-relations/,www.cfr.org,center,high,high credibility
Lake Region News – Bias and Credibility,https://mediabiasfactcheck.com/lake-region-news-bias/,www.lakeregionnews.com,right-center,mixed,low credibility
Last Frontier News – Bias and Credibility,https://mediabiasfactcheck.com/last-frontier-news/,www.lastfrontiernews.com,right-center,mixed,low credibility
CTV News – Bias and Credibility,https://mediabiasfactcheck.com/ctv-news/,www.ctvnews.ca,center,high,high credibility
Daily Freeman-Journal – Bias and Credibility,https://mediabiasfactcheck.com/daily-freeman-journal-bias/,www.messengernews.net,center,high,high credibility
Life News – Bias and Credibility,https://mediabiasfactcheck.com/life-news/,www.lifenews.com,right,low,low credibility
Defense One – Bias and Credibility,https://mediabiasfactcheck.com/defense-one/,www.defenseone.com,center,high,high credibility
Denton Record-Chronicle – Bias and Credibility,https://mediabiasfactcheck.com/denton-record-chronicle/,www.dentonrc.com,center,high,high credibility
Macon Reporter – Bias and Credibility,https://mediabiasfactcheck.com/macon-reporter-bias/,www.maconreporter.com,right-center,mixed,low credibility
Maine Business Daily – Bias and Credibility,https://mediabiasfactcheck.com/maine-business-daily-bias/,www.mainebusinessdaily.com,right-center,mixed,low credibility
DT News (LA Downtown News) – Bias and Credibility,https://mediabiasfactcheck.com/dt-news-la-downtown-news-bias/,www.ladowntownnews.com,center,high,high credibility
Eagle Grove Eagle – Bias and Credibility,https://mediabiasfactcheck.com/eagle-grove-eagle-bias/,www.theeaglegroveeagle.com,center,high,high credibility
Eastern Daily Press (UK) – Bias and Credibility,https://mediabiasfactcheck.com/eastern-daily-press-uk-bias/,www.edp24.co.uk,center,high,high credibility
Merrimack Valley News – Bias and Credibility,https://mediabiasfactcheck.com/merrimack-valley-news-bias/,www.merrimackvalleynews.com,right-center,mixed,low credibility
Metro Lex News – Bias and Credibility,https://mediabiasfactcheck.com/metro-lex-news-bias/,www.metrolexnews.com,right-center,mixed,low credibility
Mic Drop Politics – Bias and Credibility,https://mediabiasfactcheck.com/mic-drop-politics-bias/,www.micdroppolitics.com,extreme-right,low,low credibility
Fairmont Sentinel – Bias and Credibility,https://mediabiasfactcheck.com/fairmont-sentinel-bias/,www.fairmontsentinel.com,center,high,high credibility
Financial Times – Bias and Credibility,https://mediabiasfactcheck.com/financial-times/,www.ft.com,center,high,high credibility
Foreign Affairs – Bias and Credibility,https://mediabiasfactcheck.com/foreign-affairs/,www.foreignaffairs.com,center,high,high credibility
Mississippi Gulf News – Bias and Credibility,https://mediabiasfactcheck.com/mississippi-gulf-news-bias/,www.msgulfnews.com,right-center,mixed,low credibility
Maine Highlands News – Bias and Credibility,https://mediabiasfactcheck.com/maine-highlands-news-bias/,www.mainehighlandsnews.com,right-center,mixed,low credibility
Dudley News – Bias and Credibility,https://mediabiasfactcheck.com/dudley-news-bias/,www.dudleynews.co.uk,center,high,high credibility
Ealing Times – Bias and Credibility,https://mediabiasfactcheck.com/ealing-times-bias/,www.ealingtimes.co.uk,center,high,high credibility
Mercer Times – Bias and Credibility,https://mediabiasfactcheck.com/mercer-times-bias/,www.mercertimes.com,right-center,mixed,low credibility
Elmira Star-Gazette – Bias and Credibility,https://mediabiasfactcheck.com/elmira-star-gazette-bias/,www.stargazette.com,center,high,high credibility
Miami Courant – Bias and Credibility,https://mediabiasfactcheck.com/miami-courant/,www.miamicourant.com,right-center,mixed,low credibility
Factwire News Agency – Bias and Credibility,https://mediabiasfactcheck.com/factwire-news-agency/,www.factwire.org,center,high,high credibility
Military Review (topwar.ru) – Bias and Credibility,https://mediabiasfactcheck.com/military-review-topwar-ru-bias/,www.topwar.ru,right,mixed,low credibility
Forreston Journal – Bias and Credibility,https://mediabiasfactcheck.com/forreston-journal-bias/,www.shawlocal.com,center,high,high credibility
France24 – Bias and Credibility,https://mediabiasfactcheck.com/france24/,www.france24.com,center,high,high credibility
Monroe Review – Bias and Credibility,https://mediabiasfactcheck.com/monroe-review-bias/,www.monroereview.com,right-center,mixed,low credibility
Morning Poll – Bias and Credibility,https://mediabiasfactcheck.com/morning-poll-bias/,www.morningpoll.com,right,low,low credibility
Muskegon Sun – Bias and Credibility,https://mediabiasfactcheck.com/muskegon-sun-bias/,www.muskegonsun.com,right-center,mixed,low credibility
GovTrack – Bias and Credibility,https://mediabiasfactcheck.com/govtrack/,www.govtrack.us,center,high,high credibility
National Rifle Association (NRA) – Bias and Credibility,https://mediabiasfactcheck.com/national-rifle-association-nra/,home.nra.org,right,mixed,low credibility
Naugatuck Times – Bias and Credibility,https://mediabiasfactcheck.com/naugatuck-times/,www.naugatucktimes.com,right-center,mixed,low credibility
NC Massachusetts News – Bias and Credibility,https://mediabiasfactcheck.com/nc-massachusetts-news-bias/,www.ncmassnews.com,right-center,mixed,low credibility
Healthcare Finance News – Bias and Credibility,https://mediabiasfactcheck.com/healthcare-finance-news/,www.healthcarefinancenews.com,center,high,high credibility
NE Florida News – Bias and Credibility,https://mediabiasfactcheck.com/ne-florida-news/,www.nefloridanews.com,right-center,mixed,low credibility
NE Louisiana News – Bias and Credibility,https://mediabiasfactcheck.com/ne-louisiana-news-bias/,www.nelouisiananews.com,right-center,mixed,low credibility
NE New York Today – Bias and Credibility,https://mediabiasfactcheck.com/ne-new-york-today-bias/,www.nenewyorktoday.com,right-center,mixed,low credibility
Inland Valley Daily Bulletin – Bias and Credibility,https://mediabiasfactcheck.com/inland-valley-daily-bulletin/,www.dailybulletin.com,center,high,high credibility
Investigative Reporters and Editors – Bias and Credibility,https://mediabiasfactcheck.com/investigative-reporters-and-editors/,www.ire.org,center,very high,high credibility
News Pushed – Bias and Credibility,https://mediabiasfactcheck.com/news-pushed/,www.newspushed.com,extreme-right,low,low credibility
NewsAmmo – Bias and Credibility,https://mediabiasfactcheck.com/newsammo/,www.newsammo.com,extreme-right,mixed,low credibility
KABC – Los Angeles News – Bias and Credibility,https://mediabiasfactcheck.com/kabc-los-angeles-news-bias/,www.abc7.com,center,high,high credibility
KALB – Central Louisiana News – Bias and Credibility,https://mediabiasfactcheck.com/kalb-central-louisiana-news-bias/,www.kalb.com,center,high,high credibility
North Bluegrass News – Bias and Credibility,https://mediabiasfactcheck.com/north-bluegrass-news-bias/,www.northbluegrassnews.com,right-center,mixed,low credibility
KAUZ – Wichita Falls News – Bias and Credibility,https://mediabiasfactcheck.com/kauz-wichita-falls-news-bias/,www.newschannel6now.com,center,high,high credibility
KCBD – Lubbock News – Bias and Credibility,https://mediabiasfactcheck.com/kcbd-lubbock-news-bias/,www.kcbd.com,center,high,high credibility
KCRG News – Bias and Credibility,https://mediabiasfactcheck.com/kcrg-news/,www.kcrg.com,center,high,high credibility
North Inland News – Bias and Credibility,https://mediabiasfactcheck.com/north-inland-news/,www.northinlandnews.com,right-center,mixed,low credibility
Kearney Hub – Bias and Credibility,https://mediabiasfactcheck.com/kearney-hub-bias/,www.kearneyhub.com,center,high,high credibility
KERO – 23ABC – Bias and Credibility,https://mediabiasfactcheck.com/kero-23abc/,www.turnto23.com,center,high,high credibility
KEYE – Austin News – Bias and Credibility,https://mediabiasfactcheck.com/keye-austin-news-bias/,www.cbsaustin.com,center,high,high credibility
KFMB – San Diego News – Bias and Credibility,https://mediabiasfactcheck.com/kfmb-san-diego-news-bias/,www.cbs8.com,center,high,high credibility
Now8News – Bias and Credibility,https://mediabiasfactcheck.com/now8news/,www.now8news.com,No media bias rating,VeryLow,low credibility
NW Alabama News – Bias and Credibility,https://mediabiasfactcheck.com/nw-alabama-news/,www.nwalabamanews.com,right-center,mixed,low credibility
NW Clark News – Bias and Credibility,https://mediabiasfactcheck.com/nw-clark-news-bias/,www.nwclarknews.com,right-center,mixed,low credibility
NW Kentucky News – Bias and Credibility,https://mediabiasfactcheck.com/nw-kentucky-news-bias/,www.nwkentuckynews.com,right-center,mixed,low credibility
KIMT – Mason City News – Bias and Credibility,https://mediabiasfactcheck.com/kimt-mason-city-news-bias/,www.kimt.com,center,high,high credibility
KIRO 7 – Seattle – Bias and Credibility,https://mediabiasfactcheck.com/kiro-7/,www.kiro7.com,center,high,high credibility
KKTV 11 News – Bias and Credibility,https://mediabiasfactcheck.com/kktv-11-news/,www.kktv.com,center,high,high credibility
Outraged Patriot – Bias and Credibility,https://mediabiasfactcheck.com/outraged-patriot/,www.outragedpatriot.com,extreme-right,low,low credibility
Panama City Reporter – Bias and Credibility,https://mediabiasfactcheck.com/panama-city-reporter/,www.panamacityreporter.com,right-center,mixed,low credibility
KMGH – Denver7 – Bias and Credibility,https://mediabiasfactcheck.com/kmgh-denver7-bias/,www.thedenverchannel.com,center,high,high credibility
Dodge City Daily Globe – Bias and Credibility,https://mediabiasfactcheck.com/dodge-city-daily-globe-bias/,www.dodgeglobe.com,center,high,high credibility
Maryland Business Daily – Bias and Credibility,https://mediabiasfactcheck.com/maryland-business-daily-bias/,www.mdbusinessdaily.com,right-center,mixed,low credibility
McHenry Times – Bias and Credibility,https://mediabiasfactcheck.com/mchenry-times/,www.mchenrytimes.com,right-center,mixed,low credibility
Eat This Not That – Bias and Credibility,https://mediabiasfactcheck.com/eat-this-not-that/,www.eatthis.com,center,mostly,high credibility
Metric Media – Bias and Credibility,https://mediabiasfactcheck.com/metric-media/,www.metricmedianews.com,right-center,mixed,low credibility
Mexico Daily Post – Bias and Credibility,https://mediabiasfactcheck.com/mexico-daily-post-bias/,www.mexicodailypost.com,left-center,mixed,low credibility
Michigan Catholic Tribune – Bias and Credibility,https://mediabiasfactcheck.com/michigan-catholic-tribune-bias/,www.micatholictribune.com,right-center,mixed,low credibility
Federal Times – Bias and Credibility,https://mediabiasfactcheck.com/federal-times/,www.federaltimes.com,center,high,high credibility
Military Watch Magazine – Bias and Credibility,https://mediabiasfactcheck.com/military-watch-magazine-bias/,www.militarywatchmagazine.com,right-center,no factual reporting rating,low credibility
Minnesota Sun – Bias and Credibility,https://mediabiasfactcheck.com/minnesota-sun/,www.theminnesotasun.com,right,mixed,low credibility
Franklin News-Post – Bias and Credibility,https://mediabiasfactcheck.com/franklin-news-post-bias/,www.thefranklinnewspost.com,center,high,high credibility
Gallup – Bias and Credibility,https://mediabiasfactcheck.com/gallup/,news.gallup.com,center,very high,high credibility
Gladbrook Sun-Courier – Bias and Credibility,https://mediabiasfactcheck.com/gladbrook-sun-courier-bias/,www.sun-courier.com,center,high,high credibility
Global Security – Bias and Credibility,https://mediabiasfactcheck.com/global-security-bias/,www.globalsecurity.org,center,high,high credibility
Granite Falls Advocate-Tribune – Bias and Credibility,https://mediabiasfactcheck.com/granite-falls-advocate-tribune-bias/,www.granitefallsnews.com,center,high,high credibility
National Right to Life Committee (NRLC) – Bias and Credibility,https://mediabiasfactcheck.com/national-right-to-life-committee-nrlc/,www.nrlc.org,extreme-right,low,low credibility
NC Florida News – Bias and Credibility,https://mediabiasfactcheck.com/nc-florida-news/,www.ncfloridanews.com,right-center,mixed,low credibility
NC Minnesota News – Bias and Credibility,https://mediabiasfactcheck.com/nc-minnesota-news-bias/,www.ncminnesotanews.com,right-center,mixed,low credibility
Nebraska Panhandle News – Bias and Credibility,https://mediabiasfactcheck.com/nebraska-panhandle-news-bias/,www.nepanhandlenews.com,right-center,mixed,low credibility
Homeland Security News Wire – Bias and Credibility,https://mediabiasfactcheck.com/homeland-security-news-wire/,www.homelandsecuritynewswire.com,center,high,high credibility
NE Mississippi News – Bias and Credibility,https://mediabiasfactcheck.com/ne-mississippi-news-bias/,www.nemissnews.com,right-center,mixed,low credibility
Independent Record (Montana) – Bias and Credibility,https://mediabiasfactcheck.com/independent-record-montana/,www.helenair.com,center,high,high credibility
New Hampshire Business Daily – Bias and Credibility,https://mediabiasfactcheck.com/new-hampshire-business-daily-bias/,www.nhbusinessdaily.com,right-center,mixed,low credibility
News Break – Bias and Credibility,https://mediabiasfactcheck.com/news-break/,www.newsbreak.com,left-center,mixed,low credibility
Jacksonville Daily Record – Bias and Credibility,https://mediabiasfactcheck.com/jacksonville-daily-record-bias/,www.jaxdailyrecord.com,center,high,high credibility
Jewish Telegraphic Agency (JTA) – Bias and Credibility,https://mediabiasfactcheck.com/jewish-telegraphic-agency-jta/,www.jta.org,center,high,high credibility
Next News Network – Bias and Credibility,https://mediabiasfactcheck.com/next-news-network/,www.nextnewsnetwork.com,extreme-right,low,low credibility
North Acadiana News – Bias and Credibility,https://mediabiasfactcheck.com/north-acadiana-news-bias/,www.northacadiananews.com,right-center,mixed,low credibility
North Broward News – Bias and Credibility,https://mediabiasfactcheck.com/north-broward-news/,www.northbrowardnews.com,right-center,mixed,low credibility
KBMT – 12NewsNow – Bias and Credibility,https://mediabiasfactcheck.com/kbmt-12newsnow/,www.12newsnow.com,center,high,high credibility
KCDO – Denver News – Bias and Credibility,https://mediabiasfactcheck.com/kcdo-denver-news-bias/,www.thedenverchannel.com,center,high,high credibility
KCRA 3 – Bias and Credibility,https://mediabiasfactcheck.com/kcra-3/,www.kcra.com,center,high,high credibility
North Kent News – Bias and Credibility,https://mediabiasfactcheck.com/north-kent-news-bias/,www.northkentnews.com,right-center,mixed,low credibility
Kendall County Now – Bias and Credibility,https://mediabiasfactcheck.com/kendall-county-now-bias/,www.shawlocal.com,center,high,high credibility
KETK – Jacksonville Texas News – Bias and Credibility,https://mediabiasfactcheck.com/ketk-jacksonville-texas-news-bias/,www.ketk.com,center,high,high credibility
North New Castle News – Bias and Credibility,https://mediabiasfactcheck.com/north-new-castle-news/,www.northnewcastlenews.com,right-center,mixed,low credibility
Northwest Montana News – Bias and Credibility,https://mediabiasfactcheck.com/northwest-montana-news-bias/,www.nwmontananews.com,right-center,mixed,low credibility
KGMB – Hawaii News Now – Bias and Credibility,https://mediabiasfactcheck.com/kgmb-hawaii-news-now-bias/,www.hawaiinewsnow.com,center,high,high credibility
KGW – Portland News – Bias and Credibility,https://mediabiasfactcheck.com/kgw-portland-news-bias/,www.kgw.com,center,high,high credibility
NW Georgia News – Bias and Credibility,https://mediabiasfactcheck.com/nw-georgia-news/,www.nwgeorgianews.com,right-center,mixed,low credibility
NW Louisiana News – Bias and Credibility,https://mediabiasfactcheck.com/nw-louisiana-news-bias/,www.nwlouisiananews.com,right-center,mixed,low credibility
Kingston Daily Freeman – Bias and Credibility,https://mediabiasfactcheck.com/kingston-daily-freeman-bias/,www.dailyfreeman.com,center,high,high credibility
KIVI – Boise News – Bias and Credibility,https://mediabiasfactcheck.com/kivi-boise-news-bias/,www.kivitv.com,center,high,high credibility
Oneida Times – Bias and Credibility,https://mediabiasfactcheck.com/oneida-times-bias/,www.oneidatimes.com,right-center,mixed,low credibility
MercoPress – Bias and Credibility,https://mediabiasfactcheck.com/mercopress/,en.mercopress.com,left-center,mixed,low credibility
Englewood Sun – Bias and Credibility,https://mediabiasfactcheck.com/englewood-sun-bias/,www.yoursun.com,center,high,high credibility
Miami Standard – Bias and Credibility,https://mediabiasfactcheck.com/miami-standard-bias/,www.miamistandard.news,right,mixed,low credibility
Mid Coast Today – Bias and Credibility,https://mediabiasfactcheck.com/mid-coast-today-bias/,www.midcoasttoday.com,right-center,mixed,low credibility
Mid Michigan Standard – Bias and Credibility,https://mediabiasfactcheck.com/mid-michigan-standard-bias/,www.midmichiganstd.com,left-center,mixed,low credibility
Minneapolis Review – Bias and Credibility,https://mediabiasfactcheck.com/minneapolis-review-bias/,www.minneapolisreview.com,right-center,mixed,low credibility
Mississippi Business Daily – Bias and Credibility,https://mediabiasfactcheck.com/mississippi-business-daily-bias/,www.msbusinessdaily.com,right-center,mixed,low credibility
Mobile Courant – Bias and Credibility,https://mediabiasfactcheck.com/mobile-courant/,www.mobilecourant.com,right-center,mixed,low credibility
Fredericksburg Free Lance Star – Bias and Credibility,https://mediabiasfactcheck.com/fredericksburg-free-lance-star-bias/,www.fredericksburg.com,center,high,high credibility
Full Fact (UK) – Bias and Credibility,https://mediabiasfactcheck.com/full-fact-uk/,www.fullfact.org,center,high,high credibility
GeekWire – Bias and Credibility,https://mediabiasfactcheck.com/geekwire-bias/,www.geekwire.com,center,high,high credibility
MTO News – Bias and Credibility,https://mediabiasfactcheck.com/mto-news-bias/,www.mtonews.com,left-center,low,low credibility
GoodNewsNetwork – Bias and Credibility,https://mediabiasfactcheck.com/goodnewsnetwork/,www.goodnewsnetwork.org,center,high,high credibility
Grafton News – Bias and Credibility,https://mediabiasfactcheck.com/grafton-news-bias/,www.thegraftonnews.com,center,high,high credibility
Greenville News – Bias and Credibility,https://mediabiasfactcheck.com/greenville-news/,www.greenvilleonline.com,center,high,high credibility
Hazelton Standard-Speaker – Bias and Credibility,https://mediabiasfactcheck.com/hazelton-standard-speaker-bias/,www.standardspeaker.com,center,high,high credibility
NC Kentucky News – Bias and Credibility,https://mediabiasfactcheck.com/nc-kentucky-news-bias/,www.nckentuckynews.com,right-center,mixed,low credibility
Hays Daily News – Bias and Credibility,https://mediabiasfactcheck.com/hays-daily-news-bias/,www.hdnews.net,center,high,high credibility
NE Colorado News – Bias and Credibility,https://mediabiasfactcheck.com/ne-colorado-news/,www.necoloradonews.com,right-center,mixed,low credibility
HowStuffWorks – Bias and Credibility,https://mediabiasfactcheck.com/howstuffworks/,www.howstuffworks.com,center,very high,high credibility
NE Missouri News – Bias and Credibility,https://mediabiasfactcheck.com/ne-missouri-news-bias/,www.nemissourinews.com,right-center,mixed,low credibility
Independent Voter Network (IVN),https://mediabiasfactcheck.com/independent-voter-network-ivn/,www.ivn.us,center,high,high credibility
New Mexico Business Daily – Bias and Credibility,https://mediabiasfactcheck.com/new-mexico-business-daily-bias/,www.nmbusinessdaily.com,right-center,mixed,low credibility
International Rescue Committee (IRC) – Bias and Credibility,https://mediabiasfactcheck.com/international-rescue-committee-irc/,www.rescue.org,center,high,high credibility
Iron Mountain Daily News – Bias and Credibility,https://mediabiasfactcheck.com/iron-mountain-daily-news/,www.ironmountaindailynews.com,center,high,high credibility
News With Views – Bias and Credibility,https://mediabiasfactcheck.com/news-with-views/,www.newswithviews.com,extreme-right,low,low credibility
NewsWars – Bias and Credibility,https://mediabiasfactcheck.com/newswars/,www.newswars.com,extreme-right,low,low credibility
NOQ Report – Bias and Credibility,https://mediabiasfactcheck.com/noq-report/,www.noqreport.com,right,low,low credibility
Kane County Chronicle – Bias and Credibility,https://mediabiasfactcheck.com/kane-county-chronicle-bias/,www.shawlocal.com,center,high,high credibility
North Central Arkansas News – Bias and Credibility,https://mediabiasfactcheck.com/north-central-arkansas-news/,www.ncarkansasnews.com,right-center,mixed,low credibility
KBJR – Duluth News – Bias and Credibility,https://mediabiasfactcheck.com/kbjr-duluth-news-bias/,www.kbjr6.com,center,high,high credibility
North Egypt News – Bias and Credibility,https://mediabiasfactcheck.com/north-egypt-news-bias/,www.northegyptnews.com,right-center,mixed,low credibility
KCPQ – Fox 13 – Tacoma – Bias and Credibility,https://mediabiasfactcheck.com/kcpq-fox-13-tacoma-bias/,www.q13fox.com,center,high,high credibility
KDBC – El Paso News – Bias and Credibility,https://mediabiasfactcheck.com/kdbc-el-paso-news-bias/,www.cbs4local.com,center,high,high credibility
North Miami-Dade News – Bias and Credibility,https://mediabiasfactcheck.com/north-miami-dade-news/,www.northmianews.com,right-center,mixed,low credibility
KESQ – Palm Springs News – Bias and Credibility,https://mediabiasfactcheck.com/kesq-palm-springs-news-bias/,www.kesq.com,center,high,high credibility
North Pinellas News – Bias and Credibility,https://mediabiasfactcheck.com/north-pinellas-news/,www.auburntimes.com,right-center,mixed,low credibility
KFBB – Great Falls News – Bias and Credibility,https://mediabiasfactcheck.com/kfbb-great-falls-news-bias/,www.nonstoplocal.com,center,high,high credibility
KFTA – Northwest Arkansas News – Bias and Credibility,https://mediabiasfactcheck.com/kfta-northwest-arkansas-news-bias/,www.nwahomepage.com,center,high,high credibility
KGNS News – Bias and Credibility,https://mediabiasfactcheck.com/kgns-news/,www.kgns.tv,center,high,high credibility
NW Arkansas News – Bias and Credibility,https://mediabiasfactcheck.com/nw-arkansas-news/,www.nwarkansasnews.com,right-center,mixed,low credibility
KHOU – Houston News – Bias and Credibility,https://mediabiasfactcheck.com/khou-houston-news-bias/,www.khou.com,center,high,high credibility
KIEM – Redwood News – Bias and Credibility,https://mediabiasfactcheck.com/kiem-redwood-news-bias/,www.kiem-tv.com,center,high,high credibility
KING – Seattle News – Bias and Credibility,https://mediabiasfactcheck.com/king-seattle-news-bias/,www.king5.com,center,high,high credibility
Trending Politics – Bias and Credibility,https://mediabiasfactcheck.com/trending-politics/,www.trendingpolitics.com,right,low,low credibility
Mexico Business Daily – Bias and Credibility,https://mediabiasfactcheck.com/mexico-business-daily-bias/,www.mexicobusinessdaily.com,right-center,mixed,low credibility
Michigan Business Daily – Bias and Credibility,https://mediabiasfactcheck.com/michigan-business-daily-bias/,www.mibusinessdaily.com,right-center,mixed,low credibility
Middle East News Agency (MENA) – Bias and Credibility,https://mediabiasfactcheck.com/middle-east-news-agency-mena-bias/,www.mena.org.eg,right-center,mixed,low credibility
First Draft News – Bias and Credibility,https://mediabiasfactcheck.com/first-draft-news/,www.firstdraftnews.org,center,high,high credibility
Florida Times-Union – Bias and Credibility,https://mediabiasfactcheck.com/florida-times-union/,www.jacksonville.com,center,high,high credibility
Fort Leavenworth Lamp – Bias and Credibility,https://mediabiasfactcheck.com/fort-leavenworth-lamp-bias/,www.ftleavenworthlamp.com,center,high,high credibility
Mohave Today – Bias and Credibility,https://mediabiasfactcheck.com/mohave-today/,www.mohavetoday.com,right-center,mixed,low credibility
Garden City Telegram – Bias and Credibility,https://mediabiasfactcheck.com/garden-city-telegram-bias/,www.gctelegram.com,center,high,high credibility
Gilbert Sun News – Bias and Credibility,https://mediabiasfactcheck.com/gilbert-sun-news-bias/,www.gilbertsunnews.com,center,high,high credibility
Global Integrity – Bias and Credibility,https://mediabiasfactcheck.com/global-integrity/,www.globalintegrity.org,center,high,high credibility
US Government Accountability Office (GAO) – Bias and Credibility,https://mediabiasfactcheck.com/us-government-accountability-office-gao/,www.gao.gov,center,high,high credibility
National Insiders – Bias and Credibility,https://mediabiasfactcheck.com/national-insiders-bias/,www.nationalinsiders.com,right,low,low credibility
Nation and State – Bias and Credibility,https://mediabiasfactcheck.com/nation-and-state-bias/,www.nationandstate.com,right,low,low credibility
Hamburg Reporter – Bias and Credibility,https://mediabiasfactcheck.com/hamburg-reporter-bias/,www.hamburgreporter.com,center,high,high credibility
NC Mississippi News – Bias and Credibility,https://mediabiasfactcheck.com/nc-mississippi-news-bias/,www.ncmissnews.com,right-center,mixed,low credibility
Nebraska Business Daily – Bias and Credibility,https://mediabiasfactcheck.com/nebraska-business-daily-bias/,www.nebraskabusinessdaily.com,right-center,mixed,low credibility
NE Connecticut News – Bias and Credibility,https://mediabiasfactcheck.com/ne-connecticut-news/,www.neconnnews.com,right-center,mixed,low credibility
Hungry Horse News – Bias and Credibility,https://mediabiasfactcheck.com/hungry-horse-news-bias/,www.hungryhorsenews.com,center,high,high credibility
Inc. Magazine – Bias and Credibility,https://mediabiasfactcheck.com/inc-magazine/,www.inc.com,center,high,high credibility
Nevada Business Daily – Bias and Credibility,https://mediabiasfactcheck.com/nevada-business-daily-bias/,www.nvbusinessdaily.com,right-center,mixed,low credibility
New Nation News – Bias and Credibility,https://mediabiasfactcheck.com/new-nation-news/,www.newnation.org,extreme-right,VeryLow,low credibility
Investing.com – Bias and Credibility,https://mediabiasfactcheck.com/investing-com/,www.investing.com,center,mixed,medium credibility
NewsReady – Bias and Credibility,https://mediabiasfactcheck.com/newsready/,www.newsready.com,extreme-right,mixed,low credibility
Newsmax – Bias and Credibility,https://mediabiasfactcheck.com/newsmax/,www.newsmax.com,right,low,low credibility
New York Business Daily – Bias and Credibility,https://mediabiasfactcheck.com/new-york-business-daily-bias/,www.nybusinessdaily.com,right-center,mixed,low credibility
Kalamazoo Gazette – Bias and Credibility,https://mediabiasfactcheck.com/kalamazoo-gazette-bias/,www.mlive.com,center,high,high credibility
North Birmingham Times – Bias and Credibility,https://mediabiasfactcheck.com/north-birmingham-times/,www.northbirminghamtimes.com,right-center,mixed,low credibility
North Coast California News – Bias and Credibility,https://mediabiasfactcheck.com/north-coast-california-news/,www.northcoastcanews.com,right-center,mixed,low credibility
KBTX News 3 – Bias and Credibility,https://mediabiasfactcheck.com/kbtx-news-3/,www.kbtx.com,center,high,high credibility
North Essex News – Bias and Credibility,https://mediabiasfactcheck.com/north-essex-news-bias/,www.northessexnews.com,right-center,mixed,low credibility
North Idaho Times – Bias and Credibility,https://mediabiasfactcheck.com/north-idaho-times/,www.northidahotimes.com,right-center,mixed,low credibility
KDFW – Fox 4 – Dallas-Fort Worth – Bias and Credibility,https://mediabiasfactcheck.com/kdfw-fox-4-dallas-fort-worth-bias/,www.fox4news.com,center,high,high credibility
North Middlesex Times – Bias and Credibility,https://mediabiasfactcheck.com/north-middlesex-times-bias-and-credibility/,www.northmiddlesextimes.com,right-center,mixed,low credibility
North Palm Beach Today – Bias and Credibility,https://mediabiasfactcheck.com/north-palm-beach-today/,www.auburntimes.com,right-center,mixed,low credibility
KEYT – Santa Barbara News – Bias and Credibility,https://mediabiasfactcheck.com/keyt-santa-barbara-news-bias/,www.keyt.com,center,high,high credibility
KFDX – Wichita Falls News – Bias and Credibility,https://mediabiasfactcheck.com/kfdx-wichita-falls-news-bias/,www.texomashomepage.com,center,high,high credibility
KFYR – Bismarck News – Bias and Credibility,https://mediabiasfactcheck.com/kfyr-bismarck-news-bias/,www.kfyrtv.com,center,high,high credibility
KGTV – San Diego News – Bias and Credibility,https://mediabiasfactcheck.com/kgtv-san-diego-news-bias/,www.10news.com,center,high,high credibility
NW Bergen News – Bias and Credibility,https://mediabiasfactcheck.com/nw-bergen-news-bias/,www.nwbergennews.com,right-center,mixed,low credibility
KHSL – Chico News – Bias and Credibility,https://mediabiasfactcheck.com/khsl-chico-news-bias/,www.actionnewsnow.com,center,high,high credibility
KIII – Corpus Christi News – Bias and Credibility,https://mediabiasfactcheck.com/kiii-corpus-christi-news-bias/,www.kiiitv.com,center,high,high credibility
NW Valley Times – Bias and Credibility,https://mediabiasfactcheck.com/nw-valley-times/,www.nwvalleytimes.com,right-center,mixed,low credibility
Objectivist – Bias and Credibility,https://mediabiasfactcheck.com/objectivist/,www.objectivist.co,extreme-right,mixed,low credibility
KLAS – Las Vegas News – Bias and Credibility,https://mediabiasfactcheck.com/klas-las-vegas-news/,www.8newsnow.com,center,high,high credibility
ERR News (Estonia Public Broadcasting) – Bias and Credibility,https://mediabiasfactcheck.com/err-news-estonia-public-broadcasting/,news.err.ee,center,high,high credibility
Every CRS Report – Bias and Credibility,https://mediabiasfactcheck.com/every-crs-report/,www.everycrsreport.com,center,very high,high credibility
Federal News Network – Bias and Credibility,https://mediabiasfactcheck.com/federal-news-radio/,www.federalnewsnetwork.com,center,high,high credibility
Fitchburg Sentinel & Enterprise – Bias and Credibility,https://mediabiasfactcheck.com/fitchburg-sentinel-enterprise-bias/,www.sentinelandenterprise.com,center,high,high credibility
Minnesota Business Daily – Bias and Credibility,https://mediabiasfactcheck.com/minnesota-business-daily-bias/,www.mnbusinessdaily.com,right-center,mixed,low credibility
Fort Morgan Times – Bias and Credibility,https://mediabiasfactcheck.com/fort-morgan-times-bias/,www.fortmorgantimes.com,center,high,high credibility
Frederick News-Post – Bias and Credibility,https://mediabiasfactcheck.com/frederick-news-post-bias/,www.fredericknewspost.com,center,high,high credibility
Montana Business Daily – Bias and Credibility,https://mediabiasfactcheck.com/montana-business-daily-bias/,www.mtbusinessdaily.com,right-center,mixed,low credibility
Moon of Alabama – Bias and Credibility,https://mediabiasfactcheck.com/moon-of-alabama/,www.moonofalabama.org,No media bias rating,low,low credibility
Muncie – Bias and Credibility,https://mediabiasfactcheck.com/muncie-reporter/,www.munciereporter.com,right-center,mixed,low credibility
Naples Standard – Bias and Credibility,https://mediabiasfactcheck.com/naples-standard/,www.naplesstandard.com,right-center,mixed,low credibility
Gray DC Bureau – Bias and Credibility,https://mediabiasfactcheck.com/gray-dc-bureau-bias/,www.graydc.com,center,high,high credibility
Group of Thirty – Bias and Credibility,https://mediabiasfactcheck.com/group-of-thirty/,www.group30.org,center,high,high credibility
NC Kansas News – Bias and Credibility,https://mediabiasfactcheck.com/nc-kansas-news-bias/,www.nckansasnews.com,right-center,mixed,low credibility
Harvard Gazette – Bias and Credibility,https://mediabiasfactcheck.com/harvard-gazette/,news.harvard.edu,center,high,high credibility
Heritage Daily – Bias and Credibility,https://mediabiasfactcheck.com/heritage-daily-bias/,www.heritagedaily.com,center,high,medium credibility
NE Indiana News – Bias and Credibility,https://mediabiasfactcheck.com/ne-indiana-news/,www.neindiananews.com,right-center,mixed,low credibility
NE Kentucky News – Bias and Credibility,https://mediabiasfactcheck.com/ne-kentucky-news-bias/,www.nekentuckynews.com,right-center,mixed,low credibility
NE New Mexico News – Bias and Credibility,https://mediabiasfactcheck.com/ne-new-mexico-news-bias/,www.nenewmexiconews.com,right-center,mixed,low credibility
Indianapolis Star – Bias and Credibility,https://mediabiasfactcheck.com/indianapolis-star/,www.indystar.com,center,high,high credibility
International Organization – Bias and Credibility,https://mediabiasfactcheck.com/international-organization/,www.cambridge.org,center,very high,high credibility
News Heist – Bias and Credibility,https://mediabiasfactcheck.com/news-heist/,www.newsheist.com,extreme-right,low,low credibility
News Rescue – Bias and Credibility,https://mediabiasfactcheck.com/news-rescue/,www.newsrescue.com,right-center,mixed,low credibility
Justia – Bias and Credibility,https://mediabiasfactcheck.com/justia-bias/,www.justia.com,center,high,high credibility
KAGS – Bryan News – Bias and Credibility,https://mediabiasfactcheck.com/kags-bryan-news-bias/,www.kagstv.com,center,high,high credibility
North Alaska News – Bias and Credibility,https://mediabiasfactcheck.com/north-alaska-news/,www.northalaskanews.com,right-center,mixed,low credibility
North Boston News – Bias and Credibility,https://mediabiasfactcheck.com/north-boston-news-bias/,www.northbostonnews.com,right-center,mixed,low credibility
North Country Reporter – Bias and Credibility,https://mediabiasfactcheck.com/north-country-reporter-bias/,www.northcountryreporter.com,right-center,mixed,low credibility
KCAU – Sioux City News – Bias and Credibility,https://mediabiasfactcheck.com/kcau-sioux-city-news-bias/,www.siouxlandproud.com,center,high,high credibility
North Fulton Today – Bias and Credibility,https://mediabiasfactcheck.com/north-fulton-today/,www.northfultontoday.com,right-center,mixed,low credibility
KCTV5 – Bias and Credibility,https://mediabiasfactcheck.com/kctv5/,www.kctv5.com,center,high,high credibility
KDRV – Medford News – Bias and Credibility,https://mediabiasfactcheck.com/kdrv-medford-news-bias/,www.kdrv.com,center,high,high credibility
KENS – San Antonio News – Bias and Credibility,https://mediabiasfactcheck.com/kens-san-antonio-news-bias/,www.kens5.com,center,high,high credibility
KETV – Bias and Credibility,https://mediabiasfactcheck.com/ketv/,www.ketv.com,center,high,high credibility
Key West Citizen – Bias and Credibility,https://mediabiasfactcheck.com/key-west-citizen-bias/,www.keysnews.com,center,high,high credibility
North STL News – Bias and Credibility,https://mediabiasfactcheck.com/north-stl-news-bias/,www.northstlnews.com,right-center,mixed,low credibility
North Wichita News – Bias and Credibility,https://mediabiasfactcheck.com/north-wichita-news/,www.northwichitanews.com,right-center,mixed,low credibility
NRL News Today – Bias and Credibility,https://mediabiasfactcheck.com/nrl-news-today/,www.nationalrighttolifenews.org,extreme-right,low,low credibility
K-Hits 106.9 – Tulsa – Bias and Credibility,https://mediabiasfactcheck.com/k-hits-106-9-tulsa-bias/,www.khits.com,center,high,high credibility
NW Jersey News – Bias and Credibility,https://mediabiasfactcheck.com/nw-jersey-news-bias/,www.nwjerseynews.com,right-center,mixed,low credibility
NW Minnesota News – Bias and Credibility,https://mediabiasfactcheck.com/nw-minnesota-news-bias/,www.nwminnesotanews.com,right-center,mixed,low credibility
KION – Monterey News – Bias and Credibility,https://mediabiasfactcheck.com/kion-monterey-news-bias/,www.kion546.com,center,high,high credibility
Oakland Times – Bias and Credibility,https://mediabiasfactcheck.com/oakland-times-bias/,www.oaklandtimes.org,left-center,mixed,low credibility
Okeechobee Times – Bias and Credibility,https://mediabiasfactcheck.com/okeechobee-times/,www.okeechobeetimes.com,right-center,mixed,low credibility
KLJB – Quad Cities News – Bias and Credibility,https://mediabiasfactcheck.com/kljb-quad-cities-news-bias/,www.ourquadcities.com,center,high,high credibility
FactCheck.org – Bias and Credibility,https://mediabiasfactcheck.com/factcheck/,www.factcheck.org,center,very high,high credibility
Middle East Media Research Institute (MEMRI) – Bias and Credibility,https://mediabiasfactcheck.com/middle-east-media-research-institute-memri/,www.memri.org,right,mixed,low credibility
Flint Journal – Bias and Credibility,https://mediabiasfactcheck.com/flint-journal-bias/,www.mlive.com,center,high,high credibility
Foreign Policy – Bias and Credibility,https://mediabiasfactcheck.com/foreign-policy/,www.foreignpolicy.com,center,high,high credibility
Foster’s Daily Democrat – Bias and Credibility,https://mediabiasfactcheck.com/fosters-daily-democrat/,www.fosters.com,center,high,high credibility
Mondoweiss – Bias and Credibility,https://mediabiasfactcheck.com/mondoweiss/,www.mondoweiss.net,extreme-left,mixed, credibility
Garner Leader – Bias and Credibility,https://mediabiasfactcheck.com/garner-leader-bias/,www.garnerleader.com,center,high,high credibility
Morris Leader – Bias and Credibility,https://mediabiasfactcheck.com/morris-leader-bias/,www.morrisleader.com,right-center,mixed,low credibility
Mutembei TV – Bias and Credibility,https://mediabiasfactcheck.com/mutembei-tv-bias/,www.mutembeitv.com,right-center,mixed,low credibility
Nature Coast Times – Bias and Credibility,https://mediabiasfactcheck.com/nature-coast-times/,www.naturecoasttimes.com,right-center,mixed,low credibility
Green Bay Press-Gazette – Bias and Credibility,https://mediabiasfactcheck.com/green-bay-press-gazette/,www.greenbaypressgazette.com,center,high,high credibility
Grunion Gazette – Bias and Credibility,https://mediabiasfactcheck.com/grunion-gazette-bias/,www.presstelegram.com,center,high,high credibility
NC Indiana News – Bias and Credibility,https://mediabiasfactcheck.com/nc-indiana-news/,www.ncindiananews.com,right-center,mixed,low credibility
Hastings Tribune – Bias and Credibility,https://mediabiasfactcheck.com/hastings-tribune/,www.hastingstribune.com,center,high,high credibility
Hermosa Beach Daily Breeze – Bias and Credibility,https://mediabiasfactcheck.com/hermosa-beach-daily-breeze-bias/,www.dailybreeze.com,center,high,high credibility
NE Iowa News – Bias and Credibility,https://mediabiasfactcheck.com/ne-iowa-news-bias/,www.auburntimes.com,right-center,mixed,low credibility
Ida County Courier – Bias and Credibility,https://mediabiasfactcheck.com/ida-county-courier-bias/,www.idacountycourier.com,center,high,high credibility
NE Sacramento News – Bias and Credibility,https://mediabiasfactcheck.com/ne-sacramento-news/,www.nesacramentonews.com,right-center,mixed,low credibility
Institute for Women’s Policy Research (IWPR) – Bias and Credibility,https://mediabiasfactcheck.com/institute-for-womens-policy-research-iwpr/,www.iwpr.org,center,high,high credibility
News18 – Bias and Credibility,https://mediabiasfactcheck.com/news18/,www.news18.com,right-center,mixed,low credibility
Ipsos Polling – Bias and Credibility,https://mediabiasfactcheck.com/ipsos-polling/,www.ipsos.com,center,high,high credibility
Japan Times – Bias and Credibility,https://mediabiasfactcheck.com/japan-times/,www.japantimes.co.jp,center,high,high credibility
Newsview – Bias and Credibility,https://mediabiasfactcheck.com/newsview/,www.newsview.gr,extreme-right,VeryLow,low credibility
Nola Reporter – Bias and Credibility,https://mediabiasfactcheck.com/nola-reporter-bias/,www.nolareporter.com,right-center,mixed,low credibility
KAMR – Amarillo News – Bias and Credibility,https://mediabiasfactcheck.com/kamr-amarillo-news-bias/,www.myhighplains.com,center,high,high credibility
KARK – Little Rock News – Bias and Credibility,https://mediabiasfactcheck.com/kark-little-rock-news-bias/,www.kark.com,center,high,high credibility
KAVU – Victoria News – Bias and Credibility,https://mediabiasfactcheck.com/kavu-victoria-news-bias/,www.crossroadstoday.com,center,high,high credibility
North Country Leader – Bias and Credibility,https://mediabiasfactcheck.com/north-country-leader-bias/,www.northcountryleader.com,right-center,mixed,low credibility
North Gwinnett News – Bias and Credibility,https://mediabiasfactcheck.com/north-gwinnett-news/,www.northgwinnettnews.com,right-center,mixed,low credibility
KCWY – Casper News – Bias and Credibility,https://mediabiasfactcheck.com/kcwy-casper-news-bias/,www.wyomingnewsnow.tv,center,high,high credibility
North Lake Times – Bias and Credibility,https://mediabiasfactcheck.com/north-lake-times/,www.northlaketimes.com,right-center,mixed,low credibility
North OC Times – Bias and Credibility,https://mediabiasfactcheck.com/north-oc-times/,www.northoctimes.com,right-center,mixed,low credibility
KEVN – Rapid City News – Bias and Credibility,https://mediabiasfactcheck.com/kevn-rapid-city-news-bias/,www.blackhillsfox.com,center,high,high credibility
North SFV Today – Bias and Credibility,https://mediabiasfactcheck.com/north-sfv-today/,www.northsfvtoday.com,right-center,mixed,low credibility
North Vegas Times – Bias and Credibility,https://mediabiasfactcheck.com/north-vegas-times-bias/,www.northvegastimes.com,right-center,mixed,low credibility
Novi Times – Bias and Credibility,https://mediabiasfactcheck.com/novi-times-bias/,www.novitimes.com,right-center,mixed,low credibility
KGUN – Tucson News – Bias and Credibility,https://mediabiasfactcheck.com/kgun-tucson-news-bias/,www.kgun9.com,center,high,high credibility
KHMT – Harding News – Bias and Credibility,https://mediabiasfactcheck.com/khmt-harding-news-bias/,www.yourbigsky.com,center,high,high credibility
KIAH – CW39 – Bias and Credibility,https://mediabiasfactcheck.com/kiah-cw39/,www.cw39.com,center,high,high credibility
NW Mississippi News – Bias and Credibility,https://mediabiasfactcheck.com/nw-mississippi-news-bias/,www.nwmissnews.com,right-center,mixed,low credibility
Kiowa County Signal – Bias and Credibility,https://mediabiasfactcheck.com/kiowa-county-signal-bias/,www.kiowacountysignal.com,center,high,high credibility
KJCT – Grand Junction News – Bias and Credibility,https://mediabiasfactcheck.com/kjct-grand-junction-news-bias/,www.kjct8.com,center,high,high credibility
Origo – Bias and Credibility,https://mediabiasfactcheck.com/origo-bias/,www.origo.hu,right,mixed,low credibility
KLRT – Little Rock News – Bias and Credibility,https://mediabiasfactcheck.com/klrt-little-rock-news-bias/,www.fox16.com,center,high,high credibility
Parler – Bias and Credibility,https://mediabiasfactcheck.com/parler/,www.parler.com,extreme-right,low,low credibility
KMOT – Minot News – Bias and Credibility,https://mediabiasfactcheck.com/kmot-minot-news-bias/,www.kfyrtv.com,center,high,high credibility
Middle East Forum – Bias and Credibility,https://mediabiasfactcheck.com/middle-east-forum/,www.meforum.org,extreme-right,low,low credibility
First Coast News – Bias and Credibility,https://mediabiasfactcheck.com/first-coast-news/,www.firstcoastnews.com,center,high,high credibility
Florida Politics – Bias and Credibility,https://mediabiasfactcheck.com/florida-politics/,www.floridapolitics.com,center,high,high credibility
Forty Dodge Messenger – Bias and Credibility,https://mediabiasfactcheck.com/forty-dodge-messenger-bias/,www.messengernews.net,center,high,high credibility
FourStatesHomepage.com – Bias and Credibility,https://mediabiasfactcheck.com/fourstateshomepage-com/,www.fourstateshomepage.com,center,high,high credibility
Mohawk Valley Times – Bias and Credibility,https://mediabiasfactcheck.com/mohawk-valley-times-bias/,www.mohawkvalleytimes.com,right-center,mixed,low credibility
FT Bragg Advocate-News – Bias and Credibility,https://mediabiasfactcheck.com/ft-bragg-advocate-news/,www.advocate-news.com,center,high,high credibility
Geek.com – Bias and Credibility,https://mediabiasfactcheck.com/geek-com/,www.geek.com,center,high,high credibility
Glendale Star – Bias and Credibility,https://mediabiasfactcheck.com/glendale-star-bias/,www.glendalestar.com,center,high,high credibility
Globe Gazette (Iowa) – Bias and Credibility,https://mediabiasfactcheck.com/globe-gazette-iowa/,www.globegazette.com,center,high,high credibility
National Alliance – Bias and Credibility,https://mediabiasfactcheck.com/national-alliance/,www.no url available,extreme-right,VeryLow,low credibility
National Vanguard – Bias and Credibility,https://mediabiasfactcheck.com/national-vanguard/,www.nationalvanguard.org,extreme-right,VeryLow,low credibility
Hacker News – Bias and Credibility,https://mediabiasfactcheck.com/hacker-news/,news.ycombinator.com,center,mostly,high credibility
Hampton Chronicle – Bias and Credibility,https://mediabiasfactcheck.com/hampton-chronicle-bias/,www.hamptonchronicle.com,center,high,high credibility
NE Bergen News – Bias and Credibility,https://mediabiasfactcheck.com/ne-bergan-news-bias/,www.nebergennews.com,right-center,mixed,low credibility
Hickory Daily Record – Bias and Credibility,https://mediabiasfactcheck.com/hickory-daily-record-bias/,www.hickoryrecord.com,center,high,high credibility
How-To-Geek – Bias and Credibility,https://mediabiasfactcheck.com/how-to-geek/,www.howtogeek.com,center,very high,high credibility
NE Nebraska News – Bias and Credibility,https://mediabiasfactcheck.com/ne-nebraska-news-bias/,www.nenebraskanews.com,right-center,mixed,low credibility
IndexMundi – Bias and Credibility,https://mediabiasfactcheck.com/indexmundi/,www.indexmundi.com,center,high,high credibility
New Mexico Sun – Bias and Credibility,https://mediabiasfactcheck.com/new-mexico-sun-bias/,www.auburntimes.com,right-center,mixed,low credibility
News Global – Bias and Credibility,https://mediabiasfactcheck.com/news-global-bias/,www.newsglobal.com,right,low,low credibility
Jackson Citizen Patriot – Bias and Credibility,https://mediabiasfactcheck.com/jackson-citizen-patriot-bias/,www.mlive.com,center,high,high credibility
JD Supra Bias and Credibility – Bias and Credibility,https://mediabiasfactcheck.com/jd-supra-bias/,www.jdsupra.com,center,high,high credibility
KAAL – Austin News – Bias and Credibility,https://mediabiasfactcheck.com/kaal-austin-news-bias/,www.kaaltv.com,center,high,high credibility
Nordic Monitor – Bias and Credibility,https://mediabiasfactcheck.com/nordic-monitor/,www.nordicmonitor.com,left-center,mixed,low credibility
KAPP – Yakima News – Bias and Credibility,https://mediabiasfactcheck.com/kapp-yakima-news-bias/,www.yaktrinews.com,center,high,high credibility
KATH – Juneau – Bias and Credibility,https://mediabiasfactcheck.com/kath-juneau-bias/,www.alaskasnewssource.com,center,high,high credibility
Northeast Herald – Bias and Credibility,https://mediabiasfactcheck.com/northeast-herald-bias/,www.northeastherald.org,left-center,mixed,low credibility
KCEN – Central Texas News – Bias and Credibility,https://mediabiasfactcheck.com/kcen-central-texas-news-bias/,www.kcentv.com,center,high,high credibility
North Michigan News – Bias and Credibility,https://mediabiasfactcheck.com/north-michigan-news-bias/,www.northmichigannews.com,right-center,mixed,low credibility
North Jefferson Country News – Bias and Credibility,https://mediabiasfactcheck.com/north-jefferson-country-news/,www.northjeffconews.com,right-center,mixed,low credibility
KELO – Sioux Falls News – Bias and Credibility,https://mediabiasfactcheck.com/kelo-sioux-falls-news-bias/,www.keloland.com,center,high,high credibility
North Orlando News – Bias and Credibility,https://mediabiasfactcheck.com/north-orlando-news/,www.auburntimes.com,right-center,mixed,low credibility
North Ramsey News – Bias and Credibility,https://mediabiasfactcheck.com/north-ramsey-news-bias/,www.northramseynews.com,right-center,mixed,low credibility
KFDA – Amarillo News – Bias and Credibility,https://mediabiasfactcheck.com/kfda-amarillo-news-bias/,www.newschannel10.com,center,high,high credibility
Northwest Lake Times – Bias and Credibility,https://mediabiasfactcheck.com/northwest-lake-times-bias/,www.nwlaketimes.com,left-center,mixed,low credibility
KGPE – Fresno News – Bias and Credibility,https://mediabiasfactcheck.com/kgpe-fresno-news-bias/,www.yourcentralvalley.com,center,high,high credibility
NW Atlanta News – Bias and Credibility,https://mediabiasfactcheck.com/nw-atlanta-news/,www.nwatlantanews.com,right-center,mixed,low credibility
NW Illinois News – Bias and Credibility,https://mediabiasfactcheck.com/nw-illinois-news-bias/,www.nwillinoisnews.com,right-center,mixed,low credibility
KIFI – Idaho Falls News – Bias and Credibility,https://mediabiasfactcheck.com/kifi-idaho-falls-news-bias/,www.localnews8.com,center,high,high credibility
NW Riverside News – Bias and Credibility,https://mediabiasfactcheck.com/nw-riverside-news/,www.nwriversidenews.com,right-center,mixed,low credibility
KITV – Bias and Credibility,https://mediabiasfactcheck.com/kitv/,www.kitv.com,center,high,high credibility
Ocean County Leader – Bias and Credibility,https://mediabiasfactcheck.com/ocean-county-leader-bias/,www.oceancountyleader.com,right-center,mixed,low credibility
KLFY – Lafayette News – Bias and Credibility,https://mediabiasfactcheck.com/klfy-lafayette-news-bias/,www.klfy.com,center,high,high credibility
Palm Coast Times – Bias and Credibility,https://mediabiasfactcheck.com/palm-coast-times/,www.palmcoasttimes.com,right-center,mixed,low credibility
Mile High Sentinel – Bias and Credibility,https://mediabiasfactcheck.com/mile-high-sentinel-bias/,www.milehighsentinel.com,left-center,mixed,low credibility
Minnesota State Wire – Bias and Credibility,https://mediabiasfactcheck.com/minnesota-state-wire-bias/,www.minnesotastatewire.com,right-center,mixed,low credibility
Missouri Business Daily – Bias and Credibility,https://mediabiasfactcheck.com/missouri-business-daily-bias/,www.mobusinessdaily.com,right-center,mixed,low credibility
Fremont Tribune – Bias and Credibility,https://mediabiasfactcheck.com/fremont-tribune-bias/,www.fremonttribune.com,center,high,high credibility
Monterey Times – Bias and Credibility,https://mediabiasfactcheck.com/monterey-times/,www.montereytimes.com,right-center,mixed,low credibility
Gladstone Dispatch – Bias and Credibility,https://mediabiasfactcheck.com/gladstone-dispatch-bias/,www.gladstonedispatch.com,center,high,high credibility
Global Slavery Index – Bias and Credibility,https://mediabiasfactcheck.com/global-slavery-index/,www.globalslaveryindex.org,center,high,high credibility
Nassau Standard – Bias and Credibility,https://mediabiasfactcheck.com/nassau-standard-bias/,www.nassaustandard.com,right-center,mixed,low credibility
Great Falls Tribune – Bias and Credibility,https://mediabiasfactcheck.com/great-falls-tribune/,www.greatfallstribune.com,center,high,high credibility
Natural State News – Bias and Credibility,https://mediabiasfactcheck.com/natural-state-news/,www.naturalstatenews.com,right-center,mixed,low credibility
Hamilton Journal-News – Bias and Credibility,https://mediabiasfactcheck.com/hamilton-journal-news-bias/,www.journal-news.com,center,high,high credibility
NE Alabama News – Bias and Credibility,https://mediabiasfactcheck.com/ne-alabama-news/,www.nealabamanews.com,right-center,mixed,low credibility
NE Cali News – Bias and Credibility,https://mediabiasfactcheck.com/ne-cali-news/,www.necalinews.com,right-center,mixed,low credibility
Holstein Advance – Bias and Credibility,https://mediabiasfactcheck.com/holstein-advance-bias/,www.holsteinadvance.com,center,high,high credibility
I24 News – Bias and Credibility,https://mediabiasfactcheck.com/i24-news/,www.i24news.tv,center,mixed,medium credibility
Independence Examiner – Bias and Credibility,https://mediabiasfactcheck.com/independence-examiner-bias/,www.examiner.net,center,high,high credibility
Newark Reporter – Bias and Credibility,https://mediabiasfactcheck.com/newark-reporter-bias/,www.newarkreporter.com,right-center,mixed,low credibility
International Press Institute – Bias and Credibility,https://mediabiasfactcheck.com/international-press-institute/,www.ipi.media,center,very high,high credibility
News Hour First – Bias and Credibility,https://mediabiasfactcheck.com/news-hour-first/,www.newshourfirst.com,right,low,low credibility
News Sloth – Bias and Credibility,https://mediabiasfactcheck.com/news-sloth/,www.newssloth.com,right,mixed,low credibility
Newsner – Bias and Credibility,https://mediabiasfactcheck.com/newsner/,en.newsner.com,No media bias rating,VeryLow,low credibility
Niagara Leader – Bias and Credibility,https://mediabiasfactcheck.com/niagara-leader-bias/,www.niagaraleader.com,right-center,mixed,low credibility
KAMC – Lubbock News – Bias and Credibility,https://mediabiasfactcheck.com/kamc-lubbock-news-bias/,www.everythinglubbock.com,center,high,high credibility
KARE11 – Bias and Credibility,https://mediabiasfactcheck.com/kare11/,www.kare11.com,center,high,high credibility
North Cook News – Bias and Credibility,https://mediabiasfactcheck.com/north-cook-news/,www.northcooknews.com,right-center,mixed,low credibility
Northern Clark County Herald – Bias and Credibility,https://mediabiasfactcheck.com/northern-clark-county-herald-bias/,www.northernclarkcountyherald.com,left-center,mixed,low credibility
Northern Wisconsin Times – Bias and Credibility,https://mediabiasfactcheck.com/northern-wisconsin-times-bias/,www.northernwitimes.com,left-center,mixed,low credibility
North Hennepin News – Bias and Credibility,https://mediabiasfactcheck.com/north-hennepin-news-bias/,www.northhennepinnews.com,right-center,mixed,low credibility
KDAF – CW33 – Bias and Credibility,https://mediabiasfactcheck.com/kdaf-cw33-bias/,www.cw33.com,center,high,high credibility
North Little Rock Times – Bias and Credibility,https://mediabiasfactcheck.com/north-little-rock-times/,www.northlittlerocktimes.com,right-center,mixed,low credibility
North Omaha Times – Bias and Credibility,https://mediabiasfactcheck.com/north-omaha-times-bias/,www.northomahatimes.com,right-center,mixed,low credibility
KEYC – Mankato News – Bias and Credibility,https://mediabiasfactcheck.com/keyc-mankato-news-bias/,www.keyc.com,center,high,high credibility
North SGV News – Bias and Credibility,https://mediabiasfactcheck.com/north-sgv-news/,www.northsgvnews.com,right-center,mixed,low credibility
Northwest Wayne News – Bias and Credibility,https://mediabiasfactcheck.com/northwest-wayne-news-bias/,www.nwwaynenews.com,right-center,mixed,low credibility
NowThis News – Bias and Credibility,https://mediabiasfactcheck.com/nowthis-news/,www.nowthisnews.com,No media bias rating,mixed,low credibility
KGWN – Wyoming News Now – Bias and Credibility,https://mediabiasfactcheck.com/kgwn-wyoming-news-now/,www.wyomingnewsnow.tv,center,high,high credibility
KHON – Honolulu News – Bias and Credibility,https://mediabiasfactcheck.com/khon-honolulu-news-bias/,www.khon2.com,center,high,high credibility
KIDY – Fox West Texas – Bias and Credibility,https://mediabiasfactcheck.com/kidy-fox-west-texas-bias/,www.myfoxzone.com,center,high,high credibility
NW Missouri Times – Bias and Credibility,https://mediabiasfactcheck.com/nw-missouri-times-bias/,www.nwmissouritimes.com,right-center,mixed,low credibility
Kiplinger – Bias and Credibility,https://mediabiasfactcheck.com/kiplinger/,www.kiplinger.com,center,high,high credibility
Ocala Standard – Bias and Credibility,https://mediabiasfactcheck.com/ocala-standard/,www.ocalastandard.com,right-center,mixed,low credibility
KLAX – Alexandria News – Bias and Credibility,https://mediabiasfactcheck.com/klax-alexandria-news-bias/,www.klax-tv.com,center,high,high credibility
KLTV – Tyler News – Bias and Credibility,https://mediabiasfactcheck.com/kltv-tyler-news/,www.kltv.com,center,high,high credibility
Pasco Reporter – Bias and Credibility,https://mediabiasfactcheck.com/pasco-reporter/,www.auburntimes.com,right-center,mixed,low credibility
KMTV – Omaha News – Bias and Credibility,https://mediabiasfactcheck.com/kmtv-omaha-news-bias/,www.3newsnow.com,center,high,high credibility
Milwaukee Metro Times – Bias and Credibility,https://mediabiasfactcheck.com/milwaukee-metro-times-bias/,www.milwaukeemetrotimes.com,left-center,mixed,low credibility
Mint Press News – Bias and Credibility,https://mediabiasfactcheck.com/mint-press-news/,www.mintpressnews.com,No media bias rating,low,low credibility
Mixi.Media – Bias and Credibility,https://mediabiasfactcheck.com/mixi-media/,www.mixi.media,right,low,low credibility
Monmouth Times – Bias and Credibility,https://mediabiasfactcheck.com/monmouth-times-bias/,www.monmouthtimes.com,right-center,mixed,low credibility
Montgomery News – Bias and Credibility,https://mediabiasfactcheck.com/montgomery-news-bias/,www.montgomerymdnews.com,right-center,mixed,low credibility
MoveOn – Bias and Credibility,https://mediabiasfactcheck.com/move-on/,front.moveon.org,No media bias rating,mixed,no credibility rating available
NW Iowa News – Bias and Credibility,https://mediabiasfactcheck.com/nw-iowa-news-bias/,www.nwiowanews.com,right-center,mixed,low credibility
National Enquirer – Bias and Credibility,https://mediabiasfactcheck.com/national-enquirer/,www.nationalenquirer.com,right,low,low credibility
Ground News – Bias and Credibility,https://mediabiasfactcheck.com/ground-news/,www.ground.news,center,mostly,high credibility
Hiawatha World – Bias and Credibility,https://mediabiasfactcheck.com/hiawatha-world-bias/,www.hiawathaworldonline.com,center,high,high credibility
Hanford Sentinel – Bias and Credibility,https://mediabiasfactcheck.com/hanford-sentinel-bias-rating/,www.hanfordsentinel.com,center,mostly,high credibility
NE Atlanta News – Bias and Credibility,https://mediabiasfactcheck.com/ne-atlanta-news/,www.neatlantanews.com,right-center,mixed,low credibility
Heterodox Academy – Bias and Credibility,https://mediabiasfactcheck.com/heterodox-academy/,www.heterodoxacademy.org,center,high,high credibility
NE Kansas City News – Bias and Credibility,https://mediabiasfactcheck.com/ne-kansas-city-news-bias/,www.nekansascitynews.com,right-center,mixed,low credibility
Idaho Falls Post Register – Bias and Credibility,https://mediabiasfactcheck.com/idaho-falls-post-register-bias/,www.postregister.com,center,high,high credibility
NE Valley Times – Bias and Credibility,https://mediabiasfactcheck.com/ne-valley-times/,www.nevalleytimes.com,right-center,mixed,low credibility
International Consortium of Investigative Journalists – Bias and Credibility,https://mediabiasfactcheck.com/international-consortium-of-investigative-journalists/,www.icij.org,center,very high,high credibility
News Blaze – Bias and Credibility,https://mediabiasfactcheck.com/news-blaze/,www.newsblaze.com,extreme-right,mixed,low credibility
The People’s Voice (Newspunch) – Bias and Credibilty,https://mediabiasfactcheck.com/news-punch/,www.thepeoplesvoice.tv,extreme-right,VeryLow,low credibility
Jasper County Tribune – Bias and Credibility,https://mediabiasfactcheck.com/jasper-county-tribune-bias/,www.newtondailynews.com,center,high,high credibility
Justice Denied – Bias and Credibility,https://mediabiasfactcheck.com/justice-denied/,www.justicedenied.org,center,high,high credibility
KAIT8-TV – Bias and Credibility,https://mediabiasfactcheck.com/kait8-tv/,www.kait8.com,center,high,high credibility
North Baltimore Journal – Bias and Credibility,https://mediabiasfactcheck.com/north-baltimore-journal-bias/,www.northbaltimorejournal.com,right-center,mixed,low credibility
KATC – Lafayette News – Bias and Credibility,https://mediabiasfactcheck.com/katc-lafayette-news-bias/,www.katc.com,center,high,high credibility
North DSM News – Bias and Credibility,https://mediabiasfactcheck.com/north-dsm-news-bias/,www.northdsmnews.com,right-center,mixed,low credibility
KCCI Des Moines – Bias and Credibility,https://mediabiasfactcheck.com/kcci-des-moines/,www.kcci.com,center,high,high credibility
KCIT – Amarillo News – Bias and Credibility,https://mediabiasfactcheck.com/kcit-amarillo-news-bias/,www.myhighplains.com,center,high,high credibility
North Iowa Reporter – Bias and Credibility,https://mediabiasfactcheck.com/north-iowa-reporter-bias/,www.northiowareporter.com,right-center,mixed,low credibility
KDVR-TV – Bias and Credibility,https://mediabiasfactcheck.com/kdvr-tv/,www.kdvr.com,center,high,high credibility
Kent Island Bay Times – Bias and Credibility,https://mediabiasfactcheck.com/kent-island-bay-times-bias/,www.myeasternshoremd.com,center,high,high credibility
North Pima News – Bias and Credibility,https://mediabiasfactcheck.com/north-pima-news/,www.northpimanews.com,right-center,mixed,low credibility
KEZI – Eugene News – Bias and Credibility,https://mediabiasfactcheck.com/kezi-eugene-news-bias/,www.kezi.com,center,high,high credibility
KFSM – Fort Smith-Fayetteville News – Bias and Credibility,https://mediabiasfactcheck.com/kfsm-fort-smith-fayetteville-news-bias/,www.12news.com,center,high,high credibility
KGET – Bakersfield News – Bias and Credibility,https://mediabiasfactcheck.com/kget-bakersfield-news-bias/,www.kget.com,center,high,high credibility
NTD TV (New Tang Dynasty) – Bias and Credibility,https://mediabiasfactcheck.com/ntd-tv-new-tang-dynasty/,www.ntd.com,right,mixed,low credibility
NW Connecticut News – Bias and Credibility,https://mediabiasfactcheck.com/nw-connecticut-news/,www.nwconnnews.com,right-center,mixed,low credibility
NW Kansas News – Bias and Credibility,https://mediabiasfactcheck.com/nw-kansas-news-bias/,www.nwkansasnews.com,right-center,mixed,low credibility
KIIT – North Platte News – Bias and Credibility,https://mediabiasfactcheck.com/kiit-north-platte-news-bias/,www.knopnews2.com,center,high,high credibility
NYC Gazette – Bias and Credibility,https://mediabiasfactcheck.com/nyc-gazette-bias/,www.nycgazette.com,right-center,mixed,low credibility
KJRH – Tulsa News – Bias and Credibility,https://mediabiasfactcheck.com/kjrh-tulsa-news-bias/,www.kjrh.com,center,high,high credibility
Orlando Standard – Bias and Credibility,https://mediabiasfactcheck.com/orlando-standard/,www.orlandostandard.com,right-center,mixed,low credibility
Pacific Pundit – Bias and Credibility,https://mediabiasfactcheck.com/pacific-pundit/,www.pacificpundit.com,extreme-right,low,low credibility
KMOV – St. Louis News – Bias and Credibility,https://mediabiasfactcheck.com/kmov/,www.kmov.com,center,high,high credibility
Patriotic Post – Bias and Credibility,https://mediabiasfactcheck.com/patriotic-post-bias/,www.patrioticpost.com,right,low,low credibility
Peachtree Gazette – Bias and Credibility,https://mediabiasfactcheck.com/peachtree-gazette-bias/,www.peachtreegazette.com,left-center,mixed,low credibility
Moms for Liberty – Bias and Credibility,https://mediabiasfactcheck.com/moms-for-liberty-bias/,www.momsforliberty.org,right,mixed,low credibility
Monroe NY News – Bias and Credibility,https://mediabiasfactcheck.com/monroe-ny-news-bias/,www.monroenynews.com,right-center,mixed,low credibility
MoonBattery – Bias and Credibility,https://mediabiasfactcheck.com/moonbattery/,www.moonbattery.com,extreme-right,low,low credibility
Glenwood Springs Post Independent – Bias and Credibility,https://mediabiasfactcheck.com/glenwood-springs-post-independent-bias/,www.postindependent.com,center,high,high credibility
New Jersey Business Daily – Bias and Credibility,https://mediabiasfactcheck.com/new-jersey-business-daily-bias/,www.njbusinessdaily.com,right-center,mixed,low credibility
Grand Island Independent – Bias and Credibility,https://mediabiasfactcheck.com/grand-island-independent-bias/,www.theindependent.com,center,high,high credibility
National Zero – Bias and Credibility,https://mediabiasfactcheck.com/national-zero/,www.nationalzero.com,No media bias rating,no factual reporting rating,low credibility
NC Georgia News – Bias and Credibility,https://mediabiasfactcheck.com/nc-georgia-news/,www.ncgeorgianews.com,right-center,mixed,low credibility
Harvard Business Review – Bias and Credibility,https://mediabiasfactcheck.com/harvard-business-review/,www.hbr.org,center,high,high credibility
Herald & Review (Illinois) – Bias and Credibility,https://mediabiasfactcheck.com/herald-review-illinois/,www.herald-review.com,center,high,high credibility
Hillsboro Star-Journal – Bias and Credibility,https://mediabiasfactcheck.com/hillsboro-star-journal-bias/,www.starj.com,center,mostly,high credibility
NE Kansas News – Bias and Credibility,https://mediabiasfactcheck.com/ne-kansas-news-bias/,www.nekansasnews.com,right-center,mixed,low credibility
Idaho Statesman – Bias and Credibility,https://mediabiasfactcheck.com/idaho-statesman/,www.idahostatesman.com,center,high,high credibility
NEO – New Eastern Outlook – Bias and Credibility,https://mediabiasfactcheck.com/neo-new-eastern-outlook/,www.journal-neo.org,right,low,low credibility
International Energy Agency (IEA) – Bias and Credibility,https://mediabiasfactcheck.com/international-energy-agency-iea/,www.iea.org,center,high,high credibility
Investopedia – Bias and Credibility,https://mediabiasfactcheck.com/investopedia/,www.investopedia.com,center,high,high credibility
Janes Information Group – Bias and Credibility,https://mediabiasfactcheck.com/ihs-janes-360/,www.janes.com,center,high,high credibility
Fort Wayne Journal Gazette – Bias and Credibility,https://mediabiasfactcheck.com/journal-gazette-times-courier/,www.journalgazette.net,center,high,high credibility
KADN – Lafayette News – Bias and Credibility,https://mediabiasfactcheck.com/kadn-lafayette-news-bias/,www.kadn.com,center,high,high credibility
Norfolk Reporter – Bias and Credibility,https://mediabiasfactcheck.com/norfolk-reporter-bias/,www.norfolkreporter.com,right-center,mixed,low credibility
KARD – West Monroe News – Bias and Credibility,https://mediabiasfactcheck.com/kard-west-monroe-news/,www.myarklamiss.com,center,high,high credibility
KAUU – Anchorage – Bias and Credibility,https://mediabiasfactcheck.com/ktuu-anchorage-bias/,www.alaskasnewssource.com,center,high,high credibility
Northeast Montana News – Bias and Credibility,https://mediabiasfactcheck.com/northeast-montana-news-bias/,www.nemontananews.com,right-center,mixed,low credibility
KCJO – St. Joseph News – Bias and Credibility,https://mediabiasfactcheck.com/kcjo-st-joseph-news-bias/,www.newspressnow.com,center,high,high credibility
North Indy News – Bias and Credibility,https://mediabiasfactcheck.com/north-indy-news/,www.northindynews.com,right-center,mixed,low credibility
North Kentucky News – Bias and Credibility,https://mediabiasfactcheck.com/north-kentucky-news-bias/,www.northkentuckynews.com,right-center,mixed,low credibility
North Nevada News – Bias and Credibility,https://mediabiasfactcheck.com/north-nevada-news-bias/,www.northnevadanews.com,right-center,mixed,low credibility
North Panhandle News – Bias and Credibility,https://mediabiasfactcheck.com/north-panhandle-news/,www.northpanhandlenews.com,right-center,mixed,low credibility
North Sacramento Today – Bias and Credibility,https://mediabiasfactcheck.com/north-sacramento-today/,www.northsactoday.com,right-center,mixed,low credibility
North Shore Louisiana News – Bias and Credibility,https://mediabiasfactcheck.com/north-shore-louisiana-news-bias/,www.northshorelanews.com,right-center,mixed,low credibility
KFVS – Cape Girardeau News – Bias and Credibility,https://mediabiasfactcheck.com/kfvs-cape-girardeau-news-bias/,www.kfvs12.com,center,high,high credibility
NPR.News (Natural News) – Bias and Credibility,https://mediabiasfactcheck.com/npr-news-natural-news/,www.npr.news,No media bias rating,VeryLow,low credibility
KHBS/KHOG – Fort Smith News – Bias and Credibility,https://mediabiasfactcheck.com/khbs-khog-fort-smith-news-bias/,www.4029tv.com,center,high,high credibility
KHQ – Spokane News – Bias and Credibility,https://mediabiasfactcheck.com/khq-spokane-news-bias/,www.nonstoplocal.com,center,high,high credibility
NW LA Times – Bias and Credibility,https://mediabiasfactcheck.com/nw-la-times/,www.nwlatimes.com,right-center,mixed,low credibility
NW New Mexico News – Bias and Credibility,https://mediabiasfactcheck.com/nw-new-mexico-news-bias/,www.nwnewmexiconews.com,right-center,mixed,low credibility
Oakland City Wire – Bias and Credibility,https://mediabiasfactcheck.com/oakland-city-wire/,www.oaklandcitywire.com,right-center,mixed,low credibility
KJTL – Wichita Falls – Bias and Credibility,https://mediabiasfactcheck.com/kjtl-wichita-falls-bias/,www.texomashomepage.com,center,high,high credibility
OTP Tribune – Bias and Credibility,https://mediabiasfactcheck.com/otp-tribune-bias/,www.otptribune.com,left-center,mixed,low credibility
KMID – Midland News – Bias and Credibility,https://mediabiasfactcheck.com/kmid-midland-news-bias/,www.yourbasin.com,center,high,high credibility
Patient Daily – Bias and Credibility,https://mediabiasfactcheck.com/patient-daily-bias/,www.patientdaily.com,right-center,mixed,low credibility
Patriot NewsFeed – Bias and Credibility,https://mediabiasfactcheck.com/patriot-newsfeed-bias/,www.patriotnewsfeed.com,right,mixed,low credibility
KNOP TV – Bias and Credibility,https://mediabiasfactcheck.com/knop-tv/,www.knopnews2.com,center,high,high credibility
Knoxville News Sentinel – Bias and Credibility,https://mediabiasfactcheck.com/knoxville-news-sentinel/,www.knoxnews.com,center,high,high credibility
Occupy Democrats – Bias and Credibility,https://mediabiasfactcheck.com/occupy-democrats/,www.occupydemocrats.com,extreme-left,low,low credibility
KLBK – Lubbock News – Bias and Credibility,https://mediabiasfactcheck.com/klbk-lubbock-news-bias/,www.everythinglubbock.com,center,high,high credibility
KMBC – Kansas City News – Bias and Credibility,https://mediabiasfactcheck.com/kmbc-kansas-city-news-bias/,www.kmbc.com,center,high,high credibility
KNEP – Scottsbluff News – Bias and Credibility,https://mediabiasfactcheck.com/knep-scottsbluff-news-bias/,www.nbcnebraskascottsbluff.com,center,high,high credibility
KMVT – Twin Falls News – Bias and Credibility,https://mediabiasfactcheck.com/kmvt-twin-falls-news-bias/,www.kmvt.com,center,high,high credibility
Peach Tree Times – Bias and Credibility,https://mediabiasfactcheck.com/peach-tree-times/,www.peachtreetimes.com,right-center,mixed,low credibility
Peoria Standard – Bias and Credibility,https://mediabiasfactcheck.com/peoria-standard/,www.peoriastandard.com,right-center,mixed,low credibility
KOAA – News5 – Pueblo – Bias and Credibility,https://mediabiasfactcheck.com/koaa-news5-pueblo-bias/,www.koaa.com,center,high,high credibility
Pine Belt Times – Bias and Credibility,https://mediabiasfactcheck.com/pine-belt-times-bias/,www.pinebelttimes.com,right-center,mixed,low credibility
Plymouth Reporter – Bias and Credibility,https://mediabiasfactcheck.com/plymouth-reporter-bias/,www.plymouthreporter.com,right-center,mixed,low credibility
KOTA – Rapid City News – Bias and Credibility,https://mediabiasfactcheck.com/kota-rapid-city-news-bias/,www.kotatv.com,center,high,high credibility
Pomona Valley News – Bias and Credibility,https://mediabiasfactcheck.com/pomona-valley-news/,www.pomonavalleynews.com,right-center,mixed,low credibility
KPVI – Idaho Falls News – Bias and Credibility,https://mediabiasfactcheck.com/kpvi-idaho-falls-news-bias/,www.kpvi.com,center,high,high credibility
Presidential Hill – Bias and Credibility,https://mediabiasfactcheck.com/presidential-hill-bias/,www.presidentialhill.com,right,low,low credibility
KRTV – Great Falls News – Bias and Credibility,https://mediabiasfactcheck.com/krtv-great-falls-news-bias/,www.krtv.com,center,high,high credibility
KSEE – Fresno News – Bias and Credibility,https://mediabiasfactcheck.com/ksee-fresno-news-bias/,www.yourcentralvalley.com,center,high,high credibility
KSNB Channel 4 – Bias and Credibility,https://mediabiasfactcheck.com/ksnb-channel-4/,www.ksnblocal4.com,center,high,high credibility
KSTP-TV – Bias and Credibility,https://mediabiasfactcheck.com/kstp-tv/,www.kstp.com,center,high,high credibility
Red State Watcher – Bias and Credibility,https://mediabiasfactcheck.com/red-state-watcher/,www.redstatewatcher.com,extreme-right,low,no credibility rating available
Renew America – Bias and Credibility,https://mediabiasfactcheck.com/renew-america/,www.renewamerica.com,extreme-right,low,no credibility rating available
Revolver.News – Bias and Credibility,https://mediabiasfactcheck.com/revolver-news/,www.revolver.news,right,mixed,low credibility
Right Wing News – Bias and Credibility,https://mediabiasfactcheck.com/right-wing-news/,www.rightwingnews.com,extreme-right,low,no credibility rating available
KTVI – St. Louis – Bias and Credibility,https://mediabiasfactcheck.com/ktvi-st-louis/,www.fox2now.com,center,high,high credibility
KTXL – Sacramento News – Bias and Credibility,https://mediabiasfactcheck.com/ktxl-sacramento-news/,www.fox40.com,center,high,high credibility
KVEO – Rio Grande Valley News – Bias and Credibility,https://mediabiasfactcheck.com/kveo-rio-grande-valley-news-bias/,www.valleycentral.com,center,high,high credibility
Rumble – Bias and Credibility,https://mediabiasfactcheck.com/rumble/,www.rumble.com,extreme-right,low,low credibility
Russian News Agency-TASS – Bias and Credibility,https://mediabiasfactcheck.com/russian-news-agency-tass/,www.tass.com,right-center,mixed,low credibility
KWYB – Butte-Bozeman News – Bias and Credibility,https://mediabiasfactcheck.com/kwyb-butte-bozeman-news/,www.nonstoplocal.com,center,high,high credibility
San Jose Standard – Bias and Credibility,https://mediabiasfactcheck.com/san-jose-standard/,www.sanjosestandard.com,right-center,mixed,low credibility
KXRM – Colorado Springs News – Bias and Credibility,https://mediabiasfactcheck.com/kxrm-colorado-springs-news/,www.fox21news.com,center,high,high credibility
SC Alaska News – Bias and Credibility,https://mediabiasfactcheck.com/sc-alaska-news/,www.scalaskanews.com,right-center,mixed,low credibility
Le Devoir – Bias and Credibility,https://mediabiasfactcheck.com/le-devoir/,www.ledevoir.com,center,high,high credibility
SE Arizona News – Bias and Credibility,https://mediabiasfactcheck.com/se-arizona-news/,www.searizonanews.com,right-center,mixed,low credibility
Lansing State Journal – Bias and Credibility,https://mediabiasfactcheck.com/lansing-state-journal/,www.lansingstatejournal.com,center,high,high credibility
Law360 – Bias and Credibility,https://mediabiasfactcheck.com/law360/,www.law360.com,center,high,high credibility
Leavenworth Times – Bias and Credibility,https://mediabiasfactcheck.com/leavenworth-times/,www.leavenworthtimes.com,center,high,high credibility
Le Soir – Bias and Credibility,https://mediabiasfactcheck.com/le-soir/,www.lesoir.be,center,high,high credibility
Shelby Review – Bias and Credibility,https://mediabiasfactcheck.com/shelby-review-bias/,www.shelbyreview.com,right-center,mixed,low credibility
Logically – Bias and Credibility,https://mediabiasfactcheck.com/logically/,www.logically.ai,center,high,high credibility
Skeptic Ink – Bias and Credibility,https://mediabiasfactcheck.com/skeptic-ink/,www.skepticink.com,No media bias rating,mixed,low credibility
Somerset Times – Bias and Credibility,https://mediabiasfactcheck.com/somerset-times-bias/,www.somersettimes.com,right-center,mixed,low credibility
South Atlanta News – Bias and Credibility,https://mediabiasfactcheck.com/south-atlanta-news/,www.southatlantanews.com,right-center,mixed,low credibility
Marshalltown Times-Republican – Bias and Credibility,https://mediabiasfactcheck.com/marshalltown-times-republican-bias/,www.timesrepublican.com,center,high,high credibility
Memphis Commercial Appeal – Bias and Credibility,https://mediabiasfactcheck.com/memphis-commercial-appeal/,www.commercialappeal.com,center,high,high credibility
Mesa Tribune – Bias and Credibility,https://mediabiasfactcheck.com/mesa-tribune-bias/,www.themesatribune.com,center,high,high credibility
Overpasses for America – Bias and Credibility,https://mediabiasfactcheck.com/overpasses-for-america/,www.overpassesforamerica.com,right,mixed,low credibility
KMOL – Victoria News – Bias and Credibility,https://mediabiasfactcheck.com/kmol-victoria-news-bias/,www.crossroadstoday.com,center,high,high credibility
Patriot Journal – Bias and Credibility,https://mediabiasfactcheck.com/patriot-journal/,www.thepatriotjournal.com,extreme-right,mixed,low credibility
KNDO – Yakima News – Bias and Credibility,https://mediabiasfactcheck.com/kndo-yakima-news-bias/,www.nonstoplocal.com,center,high,high credibility
Pennsylvania Daily Star – Bias and Credibility,https://mediabiasfactcheck.com/pennsylvania-daily-star-bias/,www.pennsylvaniadailystar.com,right,mixed,low credibility
KNXV – Phoenix News – Bias and Credibility,https://mediabiasfactcheck.com/knxv-phoenix-news-bias/,www.abc15.com,center,high,high credibility
KODE – Joplin News – Bias and Credibility,https://mediabiasfactcheck.com/kode-joplin-news-bias/,www.fourstateshomepage.com,center,high,high credibility
KOLO 8 News Now – Bias and Credibility,https://mediabiasfactcheck.com/kolo-8-news-now/,www.kolotv.com,center,high,high credibility
Political Insider – Bias and Credibility,https://mediabiasfactcheck.com/political-insider/,www.thepoliticalinsider.com,extreme-right,low,low credibility
KPLC – Lake Charles News – Bias and Credibility,https://mediabiasfactcheck.com/kplc-lake-charles-news/,www.kplctv.com,center,high,high credibility
KQFX – Columbia News – Bias and Credibility,https://mediabiasfactcheck.com/kqfx-columbia-news-bias/,www.abc17news.com,center,high,high credibility
Press Corp – Bias and Credibility,https://mediabiasfactcheck.com/press-corp/,www.presscorp.org,right,mixed,low credibility
Pro Trump News – Bias and Credibility,https://mediabiasfactcheck.com/pro-trump-news/,www.protrumpnews.com,extreme-right,low,low credibility
KSHB – Kansas City News – Bias and Credibility,https://mediabiasfactcheck.com/kshb-kansas-city-news-bias/,www.kshb.com,center,high,high credibility
Real Science (Goodsciencing.com) – Bias and Credibility,https://mediabiasfactcheck.com/real-science-goodsciencing-com-bias/,www.goodsciencing.com,extreme-right,VeryLow,low credibility
Red Right Daily – Bias and Credibility,https://mediabiasfactcheck.com/red-right-daily-bias/,www.redrightdaily.com,right,mixed,low credibility
Redwood Empire News – Bias and Credibility,https://mediabiasfactcheck.com/redwood-empire-news/,www.redwoodempirenews.com,right-center,mixed,low credibility
RenewedRight.com – Bias and Credibility,https://mediabiasfactcheck.com/renewedright-com/,www.renewedright.com,right,mixed,low credibility
KTRE – Lufkin News – Bias and Credibility,https://mediabiasfactcheck.com/ktre-lufkin-news-bias/,www.ktre.com,center,high,high credibility
KTVA 11 – Bias and Credibility,https://mediabiasfactcheck.com/ktva-11/,www.alaskasnewssource.com,center,high,high credibility
River Region Times – Bias and Credibility,https://mediabiasfactcheck.com/river-region-times/,www.riverregiontimes.com,right-center,mixed,low credibility
Rockingham Times – Bias and Credibility,https://mediabiasfactcheck.com/rockingham-times-bias/,www.rockinghamtimes.com,right-center,mixed,low credibility
Rome Reporter – Bias and Credibility,https://mediabiasfactcheck.com/rome-reporter/,www.romereporter.com,right-center,mixed,low credibility
KVUE – Austin News – Bias and Credibility,https://mediabiasfactcheck.com/kvue-austin-news-bias/,www.kvue.com,center,high,high credibility
KWQC News – Bias and Credibility,https://mediabiasfactcheck.com/kwqc-news/,www.weau.com,center,high,high credibility
Sandoval News – Bias and Credibility,https://mediabiasfactcheck.com/sandoval-news-bias/,www.sandovalnews.com,right-center,mixed,low credibility
Santa Clara Today – Bias and Credibility,https://mediabiasfactcheck.com/santa-clara-today/,www.santaclaratoday.com,right-center,mixed,low credibility
KXTS – Victoria News – Bias and Credibility,https://mediabiasfactcheck.com/kxts-victoria-news-bias/,www.crossroadstoday.com,center,high,high credibility
KYMA – Yuma – Bias and Credibility,https://mediabiasfactcheck.com/kyma-yuma-bias/,www.kyma.com,center,high,high credibility
KYUS – Miles City News – Bias and Credibility,https://mediabiasfactcheck.com/kyus-miles-city-news-bias/,www.nonstoplocal.com,center,high,high credibility
Lake County Press – Bias and Credibility,https://mediabiasfactcheck.com/lake-county-press-bias/,www.lakecountypress.news,center,high,high credibility
SE Bluegrass News – Bias and Credibility,https://mediabiasfactcheck.com/se-bluegrass-news-bias/,www.sebluegrassnews.com,right-center,mixed,low credibility
LaSalle Times – Bias and Credibility,https://mediabiasfactcheck.com/lasalle-times-bias/,www.shawlocal.com,center,high,high credibility
SE Kansas News – Bias and Credibility,https://mediabiasfactcheck.com/se-kansas-news-bias/,www.auburntimes.com,right-center,mixed,low credibility
Lebanon-Express – Bias and Credibility,https://mediabiasfactcheck.com/lebanon-express-bias/,www.lebanon-express.com,center,high,high credibility
SE Vegas News – Bias and Credibility,https://mediabiasfactcheck.com/se-vegas-news-bias/,www.sevegasnews.com,right-center,mixed,low credibility
Shoals Today – Bias and Credibility,https://mediabiasfactcheck.com/shoals-today/,www.shoalstoday.com,right-center,mixed,low credibility
Silver State Times – Bias and Credibility,https://mediabiasfactcheck.com/silver-state-times-bias/,www.silverstatetimes.com,right-center,mixed,low credibility
SLO Reporter – Bias and Credibility,https://mediabiasfactcheck.com/slo-reporter/,www.sloreporter.com,right-center,mixed,low credibility
South Africa Today – Bias and Credibility,https://mediabiasfactcheck.com/south-africa-today/,www.southafricatoday.net,right,mixed,low credibility
South Bend Times – Bias and Credibility,https://mediabiasfactcheck.com/south-bend-times-bias/,www.southbendtimes.com,right-center,mixed,low credibility
South Cook News – Bias and Credibility,https://mediabiasfactcheck.com/south-cook-news-bias/,www.southcooknews.com,right-center,mixed,low credibility
Mental Floss – Bias and Credibility,https://mediabiasfactcheck.com/mental-floss/,www.mentalfloss.com,center,high,no credibility rating available
South Hennepin News – Bias and Credibility,https://mediabiasfactcheck.com/south-hennepin-news-bias/,www.southhennepinnews.com,right-center,mixed,low credibility
South KC News – Bias and Credibility,https://mediabiasfactcheck.com/south-kc-news-bias/,www.southkcnews.com,right-center,mixed,low credibility
Oxford Reporter – Bias and Credibility,https://mediabiasfactcheck.com/oxford-reporter-bias/,www.oxfordreporter.com,right-center,mixed,low credibility
Passaic Today – Bias and Credibility,https://mediabiasfactcheck.com/passaic-today-bias/,www.passaictoday.com,right-center,mixed,low credibility
Patriotic Viral News – Bias and Credibility,https://mediabiasfactcheck.com/patriotic-viral-news/,www.patrioticviralnews.com,extreme-right,low,low credibility
Know Your Meme – Bias and Credibility,https://mediabiasfactcheck.com/know-your-meme/,www.knowyourmeme.com,center,high,high credibility
Personal Liberty – Bias and Credibility,https://mediabiasfactcheck.com/personal-liberty/,www.personalliberty.com,extreme-right,low,low credibility
KOIN – Portland – Bias and Credibility,https://mediabiasfactcheck.com/koin-portland/,www.koin.com,center,high,high credibility
KOLR – Springfield News – Bias and Credibility,https://mediabiasfactcheck.com/kolr-springfield-news-bias/,www.ozarksfirst.com,center,high,high credibility
Politifact News – Bias and Credibility,https://mediabiasfactcheck.com/politifact-news/,www.politifact.news,extreme-right,low,no credibility rating available
KPTV – Portland News – Bias and Credibility,https://mediabiasfactcheck.com/kptv-portland-news-bias/,www.kptv.com,center,high,high credibility
PravoSlavie.ru – Orthodoxy Today – Bias and Credibility,https://mediabiasfactcheck.com/pravoslavie-ru-orthodoxy-today/,www.pravoslavie.ru,right,mixed,low credibility
Project Veritas – Bias and Credibility,https://mediabiasfactcheck.com/project-veritas/,www.projectveritas.com,right,mixed,low credibility
Quincy Reporter – Bias and Credibility,https://mediabiasfactcheck.com/quincy-reporter/,www.quincyreporter.com,right-center,mixed,low credibility
KSNT – Topeka News – Bias and Credibility,https://mediabiasfactcheck.com/ksnt-topeka-news-bias/,www.ksnt.com,center,high,high credibility
KSVI – Billings News – Bias and Credibility,https://mediabiasfactcheck.com/ksvi-billings-news-bias/,www.yourbigsky.com,center,high,high credibility
KTBC – Fox 7 – Austin – Bias and Credibility,https://mediabiasfactcheck.com/ktbc-fox-7-austin-bias/,www.fox7austin.com,center,high,high credibility
Republican Daily – Bias and Credibility,https://mediabiasfactcheck.com/republican-daily-bias/,www.republicandaily.net,right,mixed,low credibility
KTTC – Rochester News – Bias and Credibility,https://mediabiasfactcheck.com/kttc-rochester-news-bias/,www.kttc.com,center,high,high credibility
KTVE – El Dorado News – Bias and Credibility,https://mediabiasfactcheck.com/ktve-el-dorado-news-bias/,www.myarklamiss.com,center,high,high credibility
KTVZ – Bend News,https://mediabiasfactcheck.com/ktvz-bend-news-bias/,www.ktvz.com,center,high,high credibility
KVCT – Victoria News – Bias and Credibility,https://mediabiasfactcheck.com/kvct-victoria-news-bias/,www.crossroadstoday.com,center,high,high credibility
KVOA – Tucson news – Bias and Credibility,https://mediabiasfactcheck.com/kvoa-tucson-news-bias/,www.kvoa.com,center,high,high credibility
Ruth Institute – Bias and Credibility,https://mediabiasfactcheck.com/ruth-institute/,www.ruthinstitute.org,extreme-right,low,low credibility
KXAN – Austin News – Bias and Credibility,https://mediabiasfactcheck.com/kxan-austin-news-bias/,www.kxan.com,center,high,high credibility
KXMA – Dickinson News – Bias and Credibility,https://mediabiasfactcheck.com/kxma-dickinson-news-bias/,www.kxnet.com,center,high,high credibility
KXTV – Sacramento News – Bias and Credibility,https://mediabiasfactcheck.com/kxtv-sacramento-news-bias/,www.abc10.com,center,high,high credibility
SC Kansas News – Bias and Credibility,https://mediabiasfactcheck.com/sc-kansas-news-bias/,www.sckansasnews.com,right-center,mixed,low credibility
SC New York News – Bias and Credibility,https://mediabiasfactcheck.com/sc-new-york-news-bias/,www.scnewyorknews.com,right-center,mixed,low credibility
SE Colorado News – Bias and Credibility,https://mediabiasfactcheck.com/se-colorado-news/,www.secoloradonews.com,right-center,mixed,low credibility
SE Illinois News – Bias and Credibility,https://mediabiasfactcheck.com/se-illinois-news-bias/,www.seillinoisnews.com,right-center,mixed,low credibility
Lake County Journal – Bias and Credibility,https://mediabiasfactcheck.com/lake-county-journal-bias/,www.shawlocal.com,center,high,high credibility
SE Oakland News – Bias and Credibility,https://mediabiasfactcheck.com/se-oakland-news-bias/,www.seoaklandnews.com,right-center,mixed,low credibility
Shafaq News – Bias and Credibility,https://mediabiasfactcheck.com/shafaq-news/,www.shafaq.com,left,mixed,low credibility
Longboat Observer – Bias and Credibility,https://mediabiasfactcheck.com/longboat-observer-bias/,www.yourobserver.com,center,high,high credibility
Lowell Sun – Bias and Credibility,https://mediabiasfactcheck.com/lowell-sun-bias/,www.lowellsun.com,center,high,high credibility
Maple Ridge-Pitt Meadows News – Bias and Credibility,https://mediabiasfactcheck.com/maple-ridge-pitt-meadows-news-bias/,www.mapleridgenews.com,center,high,high credibility
South Alabama Times – Bias and Credibility,https://mediabiasfactcheck.com/south-alabama-times/,www.southalabamatimes.com,right-center,mixed,low credibility
Southern Illinois News – Bias and Credibility,https://mediabiasfactcheck.com/southern-illinois-news-bias/,www.silnews.com,right-center,mixed,low credibility
Merion West – Bias and Credibility,https://mediabiasfactcheck.com/merion-west/,www.merionwest.com,center,high,high credibility
South Jefferson County News – Bias and Credibility,https://mediabiasfactcheck.com/south-jefferson-county-news/,www.southjeffconews.com,right-center,mixed,low credibility
Modern Healthcare – Bias and Credibility,https://mediabiasfactcheck.com/modern-healthcare/,www.modernhealthcare.com,center,high,high credibility
South Omaha Times – Bias and Credibility,https://mediabiasfactcheck.com/south-omaha-times-bias/,www.southomahatimes.com,right-center,mixed,low credibility
Mountaineer Echo – Bias and Credibility,https://mediabiasfactcheck.com/mountaineer-echo-bias/,www.flippinonline.com,center,high,high credibility
MyNewsLA.com – Bias and Credibility,https://mediabiasfactcheck.com/mynewsla-com/,www.mynewsla.com,center,mostly,high credibility
Sputnik News Agency – Germany – Bias and Credibility,https://mediabiasfactcheck.com/sputnik-news-agency-germany/,www.snanews.de,right,VeryLow,low credibility
Newark Post – Bias and Credibility,https://mediabiasfactcheck.com/newark-post-bias/,www.newarkpostonline.com,center,high,high credibility
KMIZ – Columbia News – Bias and Credibility,https://mediabiasfactcheck.com/kmiz-columbia-news-bias/,www.abc17news.com,center,high,high credibility
Patriot Fetch – Bias and Credibility,https://mediabiasfactcheck.com/patriot-fetch-bias/,www.patriotfetch.com,extreme-right,low,low credibility
Patriot Pulse – Bias and Credibility,https://mediabiasfactcheck.com/patriot-pulse-bias/,www.patriotpulse.net,right,mixed,low credibility
KNPL – North Platte News – Bias and Credibility,https://mediabiasfactcheck.com/knpl-north-platte-news-bias/,www.1011np.com,center,high,high credibility
Perez Hilton – Bias and Credibility,https://mediabiasfactcheck.com/perez-hilton/,www.perezhilton.com,No media bias rating,mixed,low credibility
KOB 4 Eyewitness News – Bias and Credibility,https://mediabiasfactcheck.com/kob-4-eyewitness-news-bias/,www.kob.com,center,high,high credibility
KOLN\KGIN – Lincoln News – Bias and Credibility,https://mediabiasfactcheck.com/kolnkgin-lincoln-news-bias/,www.1011now.com,center,high,high credibility
Political Flare – Bias and Credibility,https://mediabiasfactcheck.com/political-flare/,www.politicalflare.com,extreme-left,low,low credibility
Polk Times – Bias and Credibility,https://mediabiasfactcheck.com/polk-times/,www.polktimes.com,right-center,mixed,low credibility
Populist Press – Bias and Credibility,https://mediabiasfactcheck.com/populist-press/,www.populistpress.com,extreme-right,low,low credibility
KRDO – Colorado Springs News – Bias and Credibility,https://mediabiasfactcheck.com/krdo-colorado-springs-news-bias/,www.krdo.com,center,high,high credibility
Prntly – Bias and Credibility,https://mediabiasfactcheck.com/prntly/,www.prntly.com,extreme-right,low,high credibility
KSDK – St. Louis News – Bias and Credibility,https://mediabiasfactcheck.com/ksdk-st-louis-news-bias/,www.ksdk.com,center,high,high credibility
KSLA – Shreveport News – Bias and Credibility,https://mediabiasfactcheck.com/ksla-shreveport-news-bias/,www.ksla.com,center,high,high credibility
Redding Today – Bias and Credibility,https://mediabiasfactcheck.com/redding-today/,www.reddingtoday.com,right-center,mixed,low credibility
KTAB – Abilene News – Bias and Credibility,https://mediabiasfactcheck.com/ktab-abilene-news-bias/,www.bigcountryhomepage.com,center,high,high credibility
KTIV – Sioux City News – Bias and Credibility,https://mediabiasfactcheck.com/ktiv-sioux-city-news-bias/,www.ktiv.com,center,high,high credibility
Resist The Mainstream – Bias and Credibility,https://mediabiasfactcheck.com/resist-the-mainstream-bias/,www.resistthemainstream.org,right,mixed,low credibility
Right Side Broadcasting Network (RSBN),https://mediabiasfactcheck.com/right-side-broadcasting-network-rsbn/,www.rsbnetwork.com,right,low,low credibility
River Parish News – Bias and Credibility,https://mediabiasfactcheck.com/river-parish-news-bias/,www.riverparishnews.com,right-center,mixed,low credibility
KTVX – Salt Lake City News – Bias and Credibility,https://mediabiasfactcheck.com/ktvx-salt-lake-city-news/,www.abc4.com,center,high,high credibility
Rock Valley Times – Bias and Credibility,https://mediabiasfactcheck.com/rock-valley-times-bias/,www.rockvalleytimes.com,left-center,mixed,low credibility
RT DE (RT News Germany) – Bias and Credibility,https://mediabiasfactcheck.com/rt-de-rt-news-germany-bias/,de.rt.com,right-center,VeryLow,low credibility
RushLimbaugh.com – Bias and Credibility,https://mediabiasfactcheck.com/rushlimbaugh-com/,www.rushlimbaugh.com,extreme-right,VeryLow,low credibility
KWTX – Waco News – Bias and Credibility,https://mediabiasfactcheck.com/kwtx-waco-news-bias/,www.kwtx.com,center,high,high credibility
KXLF – Butte News – Bias and Credibility,https://mediabiasfactcheck.com/kxlf-butte-news-bias/,www.kxlf.com,center,high,high credibility
San Mateo Sun – Bias and Credibility,https://mediabiasfactcheck.com/san-mateo-sun/,www.sanmateosun.com,right-center,mixed,low credibility
Savannah Standard – Bias and Credibility,https://mediabiasfactcheck.com/savannah-standard/,www.savannahstandard.com,right-center,mixed,low credibility
SC Connecticut News – Bias and Credibility,https://mediabiasfactcheck.com/sc-connecticut-news/,www.no url available,right-center,mixed,low credibility
Lahaina News – Bias and Credibility,https://mediabiasfactcheck.com/lahaina-news-bias/,www.lahainanews.com,center,high,high credibility
La Libre – Bias and Credibility,https://mediabiasfactcheck.com/la-libre/,www.lalibre.be,center,high,high credibility
SE Georgia News – Bias and Credibility,https://mediabiasfactcheck.com/se-georgia-news/,www.segeorgianews.com,right-center,mixed,low credibility
Lawrence Journal-World – Bias and Credibility,https://mediabiasfactcheck.com/lawrence-journal-world-bias/,www2.ljworld.com,center,high,high credibility
SE Missouri News – Bias and Credibility,https://mediabiasfactcheck.com/se-missouri-news-bias/,www.semissourinews.com,right-center,mixed,low credibility
SFV Today – Bias and Credibility,https://mediabiasfactcheck.com/sfv-today/,www.sfvtoday.com,right-center,mixed,low credibility
Shiawassee Times – Bias and Credibility,https://mediabiasfactcheck.com/shiawassee-times-bias/,www.shiawasseetimes.com,right-center,mixed,low credibility
Sick Chirpse – Bias and Credibility,https://mediabiasfactcheck.com/sick-chirpse/,www.sickchirpse.com,No media bias rating,VeryLow,low credibility
Lovely County Citizen – Bias and Credibility,https://mediabiasfactcheck.com/lovely-county-citizen-bias/,www.lovelycitizen.com,center,high,high credibility
Madrid Register-News – Bias and Credibility,https://mediabiasfactcheck.com/madrid-register-news-bias/,www.madridregisternews.com,center,high,high credibility
Marion County Record – Bias and Credibility,https://mediabiasfactcheck.com/marion-county-record-bias/,www.marionrecord.com,center,mostly,high credibility
South Central Reporter – Bias and Credibility,https://mediabiasfactcheck.com/south-central-reporter/,www.southcentralreporter.com,right-center,mixed,low credibility
Mendocino Beacon – Bias and Credibility,https://mediabiasfactcheck.com/mendocino-beacon-bias/,www.mendocinobeacon.com,center,high,high credibility
MetroWest Daily News – Bias and Credibility,https://mediabiasfactcheck.com/metrowest-daily-news/,www.metrowestdailynews.com,center,high,high credibility
Millbury-Sutton Chronicle – Bias and Credibility,https://mediabiasfactcheck.com/millbury-sutton-chronicle-bias/,www.millburysutton.com,center,high,high credibility
South Miami-Dade News – Bias and Credibility,https://mediabiasfactcheck.com/south-miami-dade-news/,www.southmianews.com,right-center,mixed,low credibility
KHNL – Hawaii News Now – Bias and Credibility,https://mediabiasfactcheck.com/khnl-hawaii-news-now-bias/,www.hawaiinewsnow.com,center,high,high credibility
Patriot Uproar – Bias and Credibility,https://mediabiasfactcheck.com/patriot-uproar-bias/,www.patriotuproar.com,extreme-right,mixed,low credibility
KNPN – News-Press Now – Bias and Credibility,https://mediabiasfactcheck.com/knpn-news-press-now-bias/,www.newspressnow.com,center,high,high credibility
KNWA – Northwest Arkansas News – Bias and Credibility,https://mediabiasfactcheck.com/knwa-northwest-arkansas-news-bias/,www.nwahomepage.com,center,high,high credibility
Pima Times – Bias and Credibility,https://mediabiasfactcheck.com/pima-times-bias/,www.pimatimes.com,left-center,mixed,low credibility
PJ Media – Bias and Credibility,https://mediabiasfactcheck.com/pj-media/,www.pjmedia.com,extreme-right,mixed,low credibility
KONG – Everett News – Bias and Credibility,https://mediabiasfactcheck.com/kong-everett-news-bias/,www.king5.com,center,high,high credibility
KPEJ – Odessa News – Bias and Credibility,https://mediabiasfactcheck.com/kpej-odessa-news-bias/,www.yourbasin.com,center,high,high credibility
Portland Maine News – Bias and Credibility,https://mediabiasfactcheck.com/portland-maine-news-bias/,www.portlandmainenews.com,right-center,mixed,low credibility
KREM – Spokane News – Bias and Credibility,https://mediabiasfactcheck.com/krem-spokane-news-bias/,www.krem.com,center,high,high credibility
KSAT – San Antonio News – Bias and Credibility,https://mediabiasfactcheck.com/ksat-san-antonio-news-bias/,www.ksat.com,center,high,high credibility
KSFY – Sioux Falls News – Bias and Credibility,https://mediabiasfactcheck.com/ksfy-sioux-falls-news-bias/,www.dakotanewsnow.com,center,high,high credibility
Real Conservatives Unite – Bias and Credibility,https://mediabiasfactcheck.com/real-conservatives-unite/,www.realconservativesunite.com,extreme-right,low,no credibility rating available
Red Ice TV – Bias and Credibility,https://mediabiasfactcheck.com/red-ice-tv/,www.redice.tv,extreme-right,low,no credibility rating available
KSWO – Lawton News – Bias and Credibility,https://mediabiasfactcheck.com/kswo-lawton-news-bias/,www.kswo.com,center,high,high credibility
KTFT – Twin Falls News – Bias and Credibility,https://mediabiasfactcheck.com/ktft-twin-falls-news-bias/,www.ktvb.com,center,high,high credibility
Republican National Committee (RNC) – Bias and Credibility,https://mediabiasfactcheck.com/gop-com/,www.gop.com,right,mixed,medium credibility
Right News Wire – Bias and Credibility,https://mediabiasfactcheck.com/right-news-wire/,www.rightnewswire.com,right,mixed,low credibility
River Bend Times – Bias and Credibility,https://mediabiasfactcheck.com/river-bend-times-bias/,www.riverbendtimes.com,right-center,mixed,low credibility
Rockford Sun – Bias and Credibility,https://mediabiasfactcheck.com/rockford-sun/,www.rockfordsun.com,right-center,mixed,low credibility
KUMV – Williston News – Bias and Credibility,https://mediabiasfactcheck.com/kumv-williston-news-bias/,www.kfyrtv.com,center,high,high credibility
KVIQ – Eureka News – Bias and Credibility,https://mediabiasfactcheck.com/kviq-eureka-news-bias/,www.kiem-tv.com,center,high,high credibility
Russia Insider – Bias and Credibility,https://mediabiasfactcheck.com/russia-insider/,www.russia-insider.com,extreme-right,low,low credibility
Sandhills Today – Bias and Credibility,https://mediabiasfactcheck.com/sandhills-today-bias/,www.sandhillstoday.com,right-center,mixed,low credibility
KXLH – Helena News – Bias and Credibility,https://mediabiasfactcheck.com/kxlh-helena-news-bias/,www.kxlh.com,center,high,high credibility
Santa Fe Standard – Bias and Credibility,https://mediabiasfactcheck.com/santa-fe-standard-bias/,www.santafestandard.com,right-center,mixed,low credibility
KYLE – Waco News – Bias and Credibility,https://mediabiasfactcheck.com/kyle-waco-news-bias/,www.fox44news.com,center,high,high credibility
SC Mississippi News – Bias and Credibility,https://mediabiasfactcheck.com/sc-mississippi-news-bias/,www.scmissnews.com,right-center,mixed,low credibility
Lake County Record-Bee – Bias and Credibility,https://mediabiasfactcheck.com/lake-county-record-bee-bias/,www.record-bee.com,center,high,high credibility
SE Connecticut News – Bias and Credibility,https://mediabiasfactcheck.com/se-connecticut-news/,www.seconnnews.com,right-center,mixed,low credibility
SE Grand Rapids News – Bias and Credibility,https://mediabiasfactcheck.com/se-grand-rapids-news-bias/,www.segrandrapids.com,right-center,mixed,low credibility
Lead Stories – Bias and Credibility,https://mediabiasfactcheck.com/lead-stories/,www.leadstories.com,center,very high,high credibility
SE Nebraska News – Bias and Credibility,https://mediabiasfactcheck.com/se-nebraska-news-bias/,www.senebraskanews.com,right-center,mixed,low credibility
SGV Standard – Bias and Credibility,https://mediabiasfactcheck.com/sgv-standard/,www.sgvstandard.com,right-center,mixed,low credibility
LNP (LancasterOnline) – Bias and Credibility,https://mediabiasfactcheck.com/lnp-lancasteronline/,www.lancasteronline.com,center,high,high credibility
Longmont Times-Call – Bias and Credibility,https://mediabiasfactcheck.com/longmont-times-call-bias/,www.timescall.com,center,high,high credibility
Sohu.com – Bias and Credibility,https://mediabiasfactcheck.com/sohu-com/,www.sohu.com,left-center,mixed,low credibility
MakeUseOf – Bias and Credibility,https://mediabiasfactcheck.com/makeuseof/,www.makeuseof.com,center,high,high credibility
Marshall Democrat-News – Bias and Credibility,https://mediabiasfactcheck.com/marshall-democrat-news-bias/,www.marshallnews.com,center,high,high credibility
McPherson Sentinel – Bias and Credibility,https://mediabiasfactcheck.com/mcpherson-sentinel-bias/,www.mcphersonsentinel.com,center,high,high credibility
Southeast Montana News – Bias and Credibility,https://mediabiasfactcheck.com/southeast-montana-news-bias/,www.semontananews.com,right-center,mixed,low credibility
NewsNation – Bias and Credibility,https://mediabiasfactcheck.com/newsnation/,www.newsnationnow.com,center,high,high credibility
Mint Newspaper (livemint.com) – Bias and Credibility,https://mediabiasfactcheck.com/mint-newspaper-bias/,www.livemint.com,center,mixed,medium credibility
Monroe News – Bias and Credibility,https://mediabiasfactcheck.com/monroe-news-bias/,www.monroenews.com,center,high,high credibility
Mooresville Tribune – Bias and Credibility,https://mediabiasfactcheck.com/mooresville-tribune-bias/,www.mooresvilletribune.com,center,high,high credibility
KNAZ – Flagstaff News – Bias and Credibility,https://mediabiasfactcheck.com/knaz-flagstaff-news/,www.12news.com,center,high,high credibility
Pelican State News – Bias and Credibility,https://mediabiasfactcheck.com/pelican-state-news-bias/,www.pelicanstatenews.com,right-center,mixed,low credibility
KNVN – Redding News – Bias and Credibility,https://mediabiasfactcheck.com/knvn-redding-news-bias/,www.actionnewsnow.com,center,high,high credibility
KOAT – Albuquerque News – Bias and Credibility,https://mediabiasfactcheck.com/koat-albuquerque-news-bias/,www.koat.com,center,high,high credibility
KOLD News 13 – Bias and Credibility,https://mediabiasfactcheck.com/kold-news-13/,www.kold.com,center,high,high credibility
PoliticalDiscussion – Bias and Credibility,https://mediabiasfactcheck.com/politicaldiscussion/,www.political-discussion.com,extreme-right,low,low credibility
PolitNavigator – Bias and Credibility,https://mediabiasfactcheck.com/politnavigator-bias/,www.politnavigator.net,right,mixed,low credibility
Population Research Institute – Bias and Credibility,https://mediabiasfactcheck.com/population-research-institute/,www.pop.org,extreme-right,low,low credibility
KRBC – Abilene News – Bias and Credibility,https://mediabiasfactcheck.com/krbc-abilene-news-bias/,www.bigcountryhomepage.com,center,high,high credibility
Press TV – Bias and Credibility,https://mediabiasfactcheck.com/press-tv/,www.presstv.ir,right,low,low credibility
Pulaski Times – Bias and Credibility,https://mediabiasfactcheck.com/pulaski-times/,www.pulaskitimes.com,right-center,mixed,low credibility
Rational Ground – Bias and Credibility,https://mediabiasfactcheck.com/rational-ground/,www.rationalground.com,right,mixed,low credibility
KSPR – KY3.com – Bias and Credibility,https://mediabiasfactcheck.com/kspr-ky3-com/,www.ky3.com,center,high,high credibility
Red State Nation – Bias and Credibility,https://mediabiasfactcheck.com/red-state-nation-bias/,www.redstatenation.com,right,low,low credibility
Reformed Media – Bias and Credibility,https://mediabiasfactcheck.com/reformed-media-bias/,www.reformedmedia.net,extreme-right,low,low credibility
KTMF – Missoula News – Bias and Credibility,https://mediabiasfactcheck.com/ktmf-missoula-news-bias/,www.nonstoplocal.com,center,high,high credibility
Righter Way – Bias and Credibility,https://mediabiasfactcheck.com/righter-way/,www.righterway.com,extreme-right,low,low credibility
KTVB – Boise News – Bias and Credibility,https://mediabiasfactcheck.com/ktvb-boise-news-bias/,www.ktvb.com,center,high,high credibility
River Valley Today – Bias and Credibility,https://mediabiasfactcheck.com/river-valley-today-bias/,www.rivervalleytoday.com,right-center,mixed,low credibility
Rock Island Today – Bias and Credibility,https://mediabiasfactcheck.com/rock-island-today/,www.rockislandtoday.com,right-center,mixed,low credibility
KVEW – Kennewick News – Bias and Credibility,https://mediabiasfactcheck.com/kvew-kennewick-news/,www.yaktrinews.com,center,high,high credibility
KVVU – Las Vegas News – Bias and Credibility,https://mediabiasfactcheck.com/kvvu-las-vegas-news-bias/,www.fox5vegas.com,center,high,high credibility
KWTV-News9 – Bias and Credibility,https://mediabiasfactcheck.com/kwtv-news9/,www.news9.com,center,high,high credibility
KXII News12 – Bias and Credibility,https://mediabiasfactcheck.com/kxii-news12/,www.kxii.com,center,high,high credibility
KXMB – Bismarck News – Bias and Credibility,https://mediabiasfactcheck.com/kxmb-bismarck-news-bias/,www.kxnet.com,center,high,high credibility
Saratoga Standard – Bias and Credibility,https://mediabiasfactcheck.com/saratoga-standard-bias/,www.saratogastandard.com,right-center,mixed,low credibility
KYTV – Springfield News – Bias and Credibility,https://mediabiasfactcheck.com/kytv-springfield-news-bias/,www.ky3.com,center,high,high credibility
SC Nebraska News – Bias and Credibility,https://mediabiasfactcheck.com/sc-nebraska-news-bias/,www.scnebraskanews.com,right-center,mixed,low credibility
Secure America Now – Bias and Credibility,https://mediabiasfactcheck.com/secure-america-now/,www.secureamericanow.org,right,mixed,low credibility
Seekr – Bias and Credibility,https://mediabiasfactcheck.com/seekr-bias/,www.seekr.com,center,mixed,low credibility
SE Iowa News – Bias and Credibility,https://mediabiasfactcheck.com/se-iowa-news-bias/,www.seiowanews.com,right-center,mixed,low credibility
SE LA Times – Bias and Credibility,https://mediabiasfactcheck.com/se-la-times/,www.selatimes.com,right-center,mixed,low credibility
SE Twin Cities – Bias and Credibility,https://mediabiasfactcheck.com/se-twin-cities-bias/,www.setwincities.com,right-center,mixed,low credibility
Linn County Leader – Bias and Credibility,https://mediabiasfactcheck.com/linn-county-leader-bias/,www.linncountyleader.com,center,high,high credibility
Lompoc Record – Bias and Credibility,https://mediabiasfactcheck.com/lompoc-record/,www.lompocrecord.com,center,high,high credibility
Lorain Morning Journal – Bias and Credibility,https://mediabiasfactcheck.com/lorain-morning-journal-bias/,www.morningjournal.com,center,high,high credibility
Lynchburg News and Advance – Bias and Credibility,https://mediabiasfactcheck.com/lynchburg-news-and-advance-bias/,www.newsadvance.com,center,high,high credibility
Marana News – Bias and Credibility,https://mediabiasfactcheck.com/marana-news-bias/,www.tucsonlocalmedia.com,center,high,high credibility
South Bergen News – Bias and Credibility,https://mediabiasfactcheck.com/south-bergen-news-bias/,www.southbergennews.com,right-center,mixed,low credibility
MediaPost – Bias and Credibility,https://mediabiasfactcheck.com/mediapost-bias/,www.mediapost.com,center,high,high credibility
Southeastern Times – Bias and Credibility,https://mediabiasfactcheck.com/southeastern-times-bias/,www.southeasterntimes.org,left-center,mixed,low credibility
South Iowa News – Bias and Credibility,https://mediabiasfactcheck.com/south-iowa-news/,www.southiowanews.com,right-center,mixed,low credibility
South Lake Today – Bias and Credibility,https://mediabiasfactcheck.com/south-lake-today/,www.southlaketoday.com,right-center,mixed,low credibility
South Middlesex Times – Bias and Credibility,https://mediabiasfactcheck.com/south-middlesex-times-bias/,www.southmiddlesextimes.com,right-center,mixed,low credibility
Morning Consult – Bias and Credibility,https://mediabiasfactcheck.com/morning-consult/,www.morningconsult.com,center,very high,high credibility
Sputnik News – Bias and Credibility,https://mediabiasfactcheck.com/sputnik-news/,www.sputnikglobe.com,right,VeryLow,low credibility
KNDU – Richland News – Bias and Credibility,https://mediabiasfactcheck.com/kndu-richland-news-bias/,www.nonstoplocal.com,center,high,high credibility
Knowhere – Bias and Credibility,https://mediabiasfactcheck.com/knowhere/,www.knowherenews.com,center,high,no credibility rating available
Piedmont Tribune – Bias and Credibility,https://mediabiasfactcheck.com/piedmont-tribune-bias/,www.piedmonttribune.com,left-center,mixed,low credibility
KOKI Fox23 – Tulsa – Bias and Credibility,https://mediabiasfactcheck.com/koki-fox23-tulsa-bias/,www.fox23.com,center,high,high credibility
Kompas.com – Bias and Credibility,https://mediabiasfactcheck.com/kompas-com/,inside.kompas.com,center,mostly,high credibility
PolitRussia (politros.com) – Bias and Credibility,https://mediabiasfactcheck.com/politrussia-politros-com/,www.politros.com,right,mixed,low credibility
PragerU – Bias and Credibility,https://mediabiasfactcheck.com/prageru/,www.prageru.com,extreme-right,low,low credibility
KRQE – Albuquerque – Bias and Credibility,https://mediabiasfactcheck.com/krqe-albuquerque-bias/,www.krqe.com,center,high,high credibility
Puppet String News – Bias and Credibility,https://mediabiasfactcheck.com/puppet-string-news/,www.puppetstringnews.com,extreme-right,low,no credibility rating available
KSNF – Joplin News – Bias and Credibility,https://mediabiasfactcheck.com/ksnf-joplin-news-bias/,www.fourstateshomepage.com,center,high,high credibility
KSTU – Salt Lake City News – Bias and Credibility,https://mediabiasfactcheck.com/kstu-salt-lake-city-news-bias/,www.fox13now.com,center,high,high credibility
Red Voice Media – Bias and Credibility,https://mediabiasfactcheck.com/red-voice-media/,www.redvoicemedia.com,right,low,low credibility
Reno Reporter – Bias and Credibility,https://mediabiasfactcheck.com/reno-reporter-bias/,www.renoreporter.com,right-center,mixed,low credibility
RIA Novosti – Bias and Credibility,https://mediabiasfactcheck.com/ria-novosti-bias/,www.ria.ru,right-center,low,low credibility
Riposte Laique – Bias and Credibility,https://mediabiasfactcheck.com/riposte-laique-bias/,www.no url available,extreme-right,VeryLow,low credibility
Rochester Reporter – Bias and Credibility,https://mediabiasfactcheck.com/rochester-reporter-bias/,www.rochesterreporter.com,right-center,mixed,low credibility
KULR – Billings News – Bias and Credibility,https://mediabiasfactcheck.com/kulr-billings-news-bias/,www.nonstoplocal.com,center,high,high credibility
RT News (RT.Com) – Bias and Credibility,https://mediabiasfactcheck.com/rt-news/,www.rt.com,right-center,VeryLow,low credibility
KWKT – Waco News – Bias and Credibility,https://mediabiasfactcheck.com/kwkt-waco-news-bias/,www.fox44news.com,center,high,high credibility
San Diego City Wire – Bias and Credibility,https://mediabiasfactcheck.com/san-diego-city-wire/,www.sandiegocitywire.com,right-center,mixed,low credibility
KXLY – Spokane News – Bias and Credibility,https://mediabiasfactcheck.com/kxly-spokane-news-bias/,www.kxly.com,center,high,high credibility
Santa Monica Observer – Bias and Credibility,https://mediabiasfactcheck.com/santa-monica-observer/,www.smobserved.com,right,low,low credibility
SE Atlanta News – Bias and Credibility,https://mediabiasfactcheck.com/se-atlanta-news/,www.seatlantanews.com,right-center,mixed,low credibility
La Crosse Tribune – Bias and Credibility,https://mediabiasfactcheck.com/la-crosse-tribune-bias/,www.lacrossetribune.com,center,high,high credibility
SE Alaska News – Bias and Credibility,https://mediabiasfactcheck.com/se-alaska-news/,www.sealaskanews.com,right-center,mixed,low credibility
SE Denver News – Bias and Credibility,https://mediabiasfactcheck.com/se-denver-news/,www.sedenvernews.com,right-center,mixed,low credibility
SE Indiana News – Bias and Credibility,https://mediabiasfactcheck.com/se-indiana-news/,www.seindiananews.com,right-center,mixed,low credibility
SE Minnesota News – Bias and Credibility,https://mediabiasfactcheck.com/se-minnesota-news-bias/,www.seminnesotanews.com,right-center,mixed,low credibility
Lifewire – Bias and Credibility,https://mediabiasfactcheck.com/lifewire-bias/,www.lifewire.com,center,high,high credibility
Shreveport Reporter – Bias and Credibility,https://mediabiasfactcheck.com/shreveport-reporter-bias/,www.shreveportreporter.com,right-center,mixed,low credibility
Longview News-Journal – Bias and Credibility,https://mediabiasfactcheck.com/longview-news-journal/,www.news-journal.com,center,high,high credibility
Macomb Daily – Bias and Credibility,https://mediabiasfactcheck.com/macomb-daily-bias/,www.macombdaily.com,center,high,high credibility
South Bay SD News – Bias and Credibility,https://mediabiasfactcheck.com/south-bay-sd-news/,www.southbaysdnews.com,right-center,mixed,low credibility
McDowell News – Bias and Credibility,https://mediabiasfactcheck.com/mcdowell-news-bias/,www.mcdowellnews.com,center,high,high credibility
South DSM News – Bias and Credibility,https://mediabiasfactcheck.com/south-dsm-news-bias/,www.southdsmnews.com,right-center,mixed,low credibility
Miami County Republic – Bias and Credibility,https://mediabiasfactcheck.com/miami-county-republic-bias/,www.republic-online.com,center,high,high credibility
Missoulian – Bias and Credibility,https://mediabiasfactcheck.com/missoulian/,www.missoulian.com,center,high,high credibility
Montana Standard – Bias and Credibility,https://mediabiasfactcheck.com/montana-standard/,www.mtstandard.com,center,high,high credibility
South SF Bay News – Bias and Credibility,https://mediabiasfactcheck.com/south-sf-bay-news/,www.southsfbaynews.com,right-center,mixed,low credibility
South Wichita News – Bias and Credibility,https://mediabiasfactcheck.com/south-wichita-news-bias/,www.southwichitanews.com,right-center,mixed,low credibility
Sputnik News Agency – France – Bias and Credibility,https://mediabiasfactcheck.com/sputnik-news-agency-france-bias/,fr.sputniknews.com,right,VeryLow,low credibility
Need 2 Know – Bias and Credibility,https://mediabiasfactcheck.com/need-2-know/,www.cheddar.com,center,no factual reporting rating,no credibility rating available
News and News – Bias and Credibility,https://mediabiasfactcheck.com/news-and-news/,www.newsandnews.com,center,high,high credibility
Newsguard – Bias and Credibility,https://mediabiasfactcheck.com/newsguard/,www.newsguardtech.com,center,high,high credibility
South SFV Today – Bias and Credibility,https://mediabiasfactcheck.com/south-sfv-today/,www.southsfvtoday.com,right-center,mixed,low credibility
Noozhawk – Bias and Credibility,https://mediabiasfactcheck.com/noozhawk/,www.noozhawk.com,center,high,high credibility
KNOE – Monroe News – Bias and Credibility,https://mediabiasfactcheck.com/knoe-monroe-news-bias/,www.knoe.com,center,high,high credibility
Pennsylvania Independent – Bias and Credibility,https://mediabiasfactcheck.com/pennsylvania-independent-bias/,www.pennsylvaniaindependent.com,No media bias rating,mixed,low credibility
Personal Interpretation – Bias and Credibility,https://mediabiasfactcheck.com/personal-interpretation/,www.personalinterpretation.com,extreme-right,low,low credibility
Pinal Today – Bias and Credibility,https://mediabiasfactcheck.com/pinal-today/,www.pinaltoday.com,right-center,mixed,low credibility
Platte News – Bias and Credibility,https://mediabiasfactcheck.com/platte-news-bias/,www.plattenews.com,right-center,mixed,low credibility
KOSA – CBS7 – Bias and Credibility,https://mediabiasfactcheck.com/kosa-cbs7-bias/,www.cbs7.com,center,high,high credibility
KRIS 6 News – Corpus Christi – Bias and Credibility,https://mediabiasfactcheck.com/kris-6-news-corpus-christi-bias/,www.kristv.com,center,high,high credibility
KQCD – Dickinson News – Bias and Credibility,https://mediabiasfactcheck.com/kqcd-dickinson-news-bias/,www.kfyrtv.com,center,high,high credibility
Press California – Bias and Credibility,https://mediabiasfactcheck.com/press-california-bias/,www.presscalifornia.com,extreme-right,VeryLow,low credibility
Proto Thema – Bias and Credibility,https://mediabiasfactcheck.com/proto-thema/,en.protothema.gr,right,mixed,low credibility
Quillette – Bias and Credibility,https://mediabiasfactcheck.com/quillette/,www.quillette.com,right,mixed,low credibility
Real News Now – Bias and Credibility,https://mediabiasfactcheck.com/real-news-now-bias/,www.realnewsnow.com,extreme-right,low,low credibility
RedOrbit – Bias and Credibility,https://mediabiasfactcheck.com/redorbit/,www.redorbit.com,No media bias rating,mixed,no credibility rating available
KTAL – Shreveport News – Bias and Credibility,https://mediabiasfactcheck.com/ktal-shreveport-news-bias/,www.arklatexhomepage.com,center,high,high credibility
KTKA – Topeka News – Bias and Credibility,https://mediabiasfactcheck.com/ktka-topeka-news-bias/,www.ksnt.com,center,high,high credibility
KTNV – Las Vegas News – Bias and Credibility,https://mediabiasfactcheck.com/ktnv-las-vegas-news-bias/,www.ktnv.com,center,high,high credibility
KTUU-TV – Bias and Credibility,https://mediabiasfactcheck.com/ktuu-tv/,www.alaskasnewssource.com,center,high,high credibility
KTVH – Helena News – Bias and Credibility,https://mediabiasfactcheck.com/ktvh-helena-news-bias/,www.ktvh.com,center,high,high credibility
Rockingham Journal – Bias and Credibility,https://mediabiasfactcheck.com/rockingham-journal-bias/,www.rockinghamjournal.com,left-center,mixed,low credibility
Rodong Sinmun (North Korea) – Bias and Credibility,https://mediabiasfactcheck.com/rodong-sinmun-north-korea/,www.rodong.rep.kp,extreme-left,VeryLow,low credibility
Rudaw – Bias and Credibility,https://mediabiasfactcheck.com/rudaw/,www.rudaw.net,left-center,mixed,no credibility rating available
KWES – Midland News – Bias and Credibility,https://mediabiasfactcheck.com/kwes-midland-news-bias/,www.newswest9.com,center,high,high credibility
KWWL – Waterloo News – Bias and Credibility,https://mediabiasfactcheck.com/kwwl-waterloo-news-bias/,www.kwwl.com,center,high,high credibility
San Joaquin Times – Bias and Credibility,https://mediabiasfactcheck.com/san-joaquin-times/,www.sanjoaquintimes.com,right-center,mixed,low credibility
KXMD – Williston News – Bias and Credibility,https://mediabiasfactcheck.com/kxmd-williston-news-bias/,www.kxnet.com,center,high,high credibility
Savannah Sun Times – Bias and Credibility,https://mediabiasfactcheck.com/savannah-sun-times-bias/,www.savannahsuntimes.com,left-center,mixed,low credibility
SC Missouri News – Bias and Credibility,https://mediabiasfactcheck.com/sc-missouri-news-bias/,www.scmissourinews.com,right-center,mixed,low credibility
Lake Geneva Regional News – Bias and Credibility,https://mediabiasfactcheck.com/lake-geneva-regional-news-bias/,www.lakegenevanews.net,center,high,high credibility
Lansdale Reporter – Bias and Credibility,https://mediabiasfactcheck.com/lansdale-reporter-bias/,www.thereporteronline.com,center,high,high credibility
Law.com – Bias and Credibility,https://mediabiasfactcheck.com/law-com/,www.law.com,center,high,high credibility
SE Kentucky News – Bias and Credibility,https://mediabiasfactcheck.com/se-kentucky-news-bias/,www.sekentuckynews.com,right-center,mixed,low credibility
Leominster Champion – Bias and Credibility,https://mediabiasfactcheck.com/leominster-champion-bias/,www.wellingtondailynews.com,center,high,high credibility
Lincoln Journal Star – Bias and Credibility,https://mediabiasfactcheck.com/lincoln-journal-star/,www.journalstar.com,center,high,high credibility
Show-Me State Times – Bias and Credibility,https://mediabiasfactcheck.com/show-me-state-times-bias/,www.showmestatetimes.com,right-center,mixed,low credibility
Sioux City Times – Bias and Credibility,https://mediabiasfactcheck.com/sioux-city-times-bias/,www.siouxcitytimes.com,right-center,mixed,low credibility
Solano Sun – Bias and Credibility,https://mediabiasfactcheck.com/solono-sun/,www.solanosun.com,right-center,mixed,low credibility
South Alameda News – Bias and Credibility,https://mediabiasfactcheck.com/south-alameda-news/,www.southalamedanews.com,right-center,mixed,low credibility
Marshall Mountain Wave – Bias and Credibility,https://mediabiasfactcheck.com/marshall-mountain-wave-bias/,www.emountainwave.com,center,high,high credibility
Southern Colorado Times – Bias and Credibility,https://mediabiasfactcheck.com/southern-colorado-times-bias/,www.southerncoloradotimes.com,left-center,mixed,low credibility
Meriden Record-Journal – Bias and Credibility,https://mediabiasfactcheck.com/meriden-record-journal/,www.myrecordjournal.com,center,high,high credibility
South Indy News – Bias and Credibility,https://mediabiasfactcheck.com/south-indy-news-bias/,www.southindynews.com,right-center,mixed,low credibility
South Kent News – Bias and Credibility,https://mediabiasfactcheck.com/south-kent-news-bias/,www.southkentnews.com,right-center,mixed,low credibility
South Michigan News – Bias and Credibility,https://mediabiasfactcheck.com/south-michigan-news-bias/,www.southmichigannews.com,right-center,mixed,low credibility
South Palm Beach Today – Bias and Credibility,https://mediabiasfactcheck.com/south-palm-beach-today/,www.southpalmbeachtoday.com,right-center,mixed,low credibility
Munising Beacon – Bias and Credibility,https://mediabiasfactcheck.com/munising-beacon-bias/,www.munisingbeacon.com,center,high,high credibility
Pensacola Times – Bias and Credibility,https://mediabiasfactcheck.com/pensacola-times/,www.pensacolatimes.com,right-center,mixed,low credibility
PHX Reporter – Bias and Credibility,https://mediabiasfactcheck.com/phx-reporter/,www.phxreporter.com,right-center,mixed,low credibility
Pinellas Times – Bias and Credibility,https://mediabiasfactcheck.com/pinellas-times/,www.pinellastimes.com,right-center,mixed,low credibility
Pocatello Times – Bias and Credibility,https://mediabiasfactcheck.com/pocatello-times/,www.pocatellotimes.com,right-center,mixed,low credibility
KOTV – Newson6 – Bias and Credibility,https://mediabiasfactcheck.com/kotv-newson6-bias/,www.newson6.com,center,high,high credibility
Pontiac Times – Bias and Credibility,https://mediabiasfactcheck.com/pontiac-times-bias/,www.pontiactimes.com,right-center,mixed,low credibility
Prairie State Wire – Bias and Credibility,https://mediabiasfactcheck.com/prairie-state-wire/,www.prairiestatewire.com,right-center,mixed,low credibility
KRIV – Fox 26 – Houston – Bias and Credibility,https://mediabiasfactcheck.com/kriv-fox-26-houston-bias/,www.fox26houston.com,center,high,high credibility
KSAZ – Fox 10 Phoenix – Bias and Credibility,https://mediabiasfactcheck.com/ksaz-fox-10-phoenix-bias/,www.fox10phoenix.com,center,high,high credibility
KSL-TV – Bias and Credibility,https://mediabiasfactcheck.com/ksl-tv/,www.ksl.com,center,high,high credibility
KSNW – Wichita News – Bias and Credibility,https://mediabiasfactcheck.com/ksnw-wichita-news-bias/,www.ksn.com,center,high,high credibility
KSWB – Fox5 – San Diego – Bias and Credibility,https://mediabiasfactcheck.com/kswb-fox5-san-diego-bias/,www.fox5sandiego.com,center,high,high credibility
Reed Cooper News – Bias and Credibility,https://mediabiasfactcheck.com/reed-cooper-news/,www.reedcooper.net,extreme-right,low,no credibility rating available
KTLA – Bias and Credibility,https://mediabiasfactcheck.com/ktla/,www.ktla.com,center,high,high credibility
KTSM – El Paso News – Bias and Credibility,https://mediabiasfactcheck.com/ktsm-el-paso-news-bias/,www.ktsm.com,center,high,high credibility
Right Wing Tribune – Bias and Credibility,https://mediabiasfactcheck.com/right-wing-tribune/,www.rightwingtribune.com,extreme-right,low,no credibility rating available
KTVQ – Billings News – Bias and Credibility,https://mediabiasfactcheck.com/ktvq-billings-news-bias/,www.ktvq.com,center,high,high credibility
KUBD – Ketchikan – Bias and Credibility,https://mediabiasfactcheck.com/kubd-ketchikan/,www.alaskasnewssource.com,center,high,high credibility
Rogue Review – Bias and Credibility,https://mediabiasfactcheck.com/rogue-review-bias/,www.roguereview.net,right,low,low credibility
Ruptly – Bias and Credibility,https://mediabiasfactcheck.com/ruptly/,www.ruptly.tv,right-center,mixed,low credibility
Sacramento Standard – Bias and Credibility,https://mediabiasfactcheck.com/sacramento-standard/,www.sacramentostandard.com,right-center,mixed,low credibility
San Francisco Sun – Bias and Credibility,https://mediabiasfactcheck.com/san-francisco-sun/,www.sanfransun.com,right-center,mixed,low credibility
Santa Cruz Standard – Bias and Credibility,https://mediabiasfactcheck.com/santa-cruz-standard/,www.santacruzstandard.com,right-center,mixed,low credibility
Sarasota Review- Bias and Credibility,https://mediabiasfactcheck.com/sarasota-review/,www.sarasotareview.com,right-center,mixed,low credibility
KYOU – Ottumwa News – Bias and Credibility,https://mediabiasfactcheck.com/kyou-ottumwa-news-bias/,www.kyoutv.com,center,high,high credibility
SC Minnesota News – Bias and Credibility,https://mediabiasfactcheck.com/sc-minnesota-news-bias/,www.scminnesotanews.com,right-center,mixed,low credibility
Seacoast Standard – Bias and Credibility,https://mediabiasfactcheck.com/seacoast-standard-bias/,www.seacoaststandard.org,left-center,mixed,low credibility
Lancashire Telegraph – Bias and Credibility,https://mediabiasfactcheck.com/lancashire-telegraph-bias/,www.lancashiretelegraph.co.uk,center,high,high credibility
Las Cruces Sun-News – Bias and Credibility,https://mediabiasfactcheck.com/las-cruces-sun-news/,www.lcsun-news.com,center,high,high credibility
SE Kansas City News – Bias and Credibility,https://mediabiasfactcheck.com/se-kansas-city-news-bias/,www.sekansascitynews.com,right-center,mixed,low credibility
Le Droit – Bias and Credibility,https://mediabiasfactcheck.com/le-droit-bias/,www.ledroit.com,center,high,high credibility
Libby Western News – Bias and Credibility,https://mediabiasfactcheck.com/libby-western-news-bias/,www.thewesternnews.com,center,high,high credibility
Live Universal Awareness Map – Bias and Credibility,https://mediabiasfactcheck.com/live-universal-awareness-map-bias/,www.liveuamap.com,center,mostly,high credibility
Long Beach Press-Telegram – Bias and Credibility,https://mediabiasfactcheck.com/long-beach-press-telegram-bias/,www.presstelegram.com,center,high,high credibility
Slay News – Bias and Credibility,https://mediabiasfactcheck.com/slay-news-bias-and-credibility/,www.slaynews.com,extreme-right,VeryLow,low credibility
South ABQ News – Bias and Credibility,https://mediabiasfactcheck.com/south-abq-news-bias/,www.southabqnews.com,right-center,mixed,low credibility
South Bay Leader – Bias and Credibility,https://mediabiasfactcheck.com/south-bay-leader/,www.southbayleader.com,right-center,mixed,low credibility
Martinsville Bulletin – Bias and Credibility,https://mediabiasfactcheck.com/martinsville-bulletin-bias/,www.martinsvillebulletin.com,center,high,high credibility
Southern Indiana Today – Bias and Credibility,https://mediabiasfactcheck.com/southern-indiana-today-bias/,www.southernindianatoday.com,right-center,mixed,low credibility
South Gwinnett News – Bias and Credibility,https://mediabiasfactcheck.com/south-gwinnett-news/,www.southgwinnettnews.com,right-center,mixed,low credibility
South Jersey Sun – Bias and Credibilty,https://mediabiasfactcheck.com/south-jersey-sun-bias-and-credibilty/,www.southjerseysun.com,right-center,mixed,low credibility
South Maine News – Bias and Credibility,https://mediabiasfactcheck.com/south-maine-news-bias/,www.southmainenews.com,right-center,mixed,low credibility
Montevideo American News – Bias and Credibility,https://mediabiasfactcheck.com/montevideo-american-news-bias/,www.montenews.com,center,high,high credibility
South Sacramento Today – Bias and Credibility,https://mediabiasfactcheck.com/south-sacramento-today/,www.southsactoday.com,right-center,mixed,low credibility
Muscatine Journal – Bias and Credibility,https://mediabiasfactcheck.com/muscatine-journal-bias/,www.muscatinejournal.com,center,high,high credibility
KOAM News Now – Bias and Credibility,https://mediabiasfactcheck.com/koam-news-now/,www.koamnewsnow.com,center,high,high credibility
Pine State News – Bias and Credibility,https://mediabiasfactcheck.com/pine-state-news-bias/,www.pinestatenews.com,right-center,mixed,low credibility
Political Animal News – Bias and Credibility,https://mediabiasfactcheck.com/political-animal-news-bias/,www.politicalanimalnews.com,right,mixed,low credibility
KPAX – Missoula News – Bias and Credibility,https://mediabiasfactcheck.com/kpax-missoula-news-bias/,www.kpax.com,center,high,high credibility
KPRC – Click2Houston – Bias and Credibility,https://mediabiasfactcheck.com/kprc-click2houston-bias/,www.click2houston.com,center,high,high credibility
Pravda Report – Bias and Credibility,https://mediabiasfactcheck.com/pravda-report/,www.pravdareport.com,right,VeryLow,low credibility
KRON 4 – Bias and Credibility,https://mediabiasfactcheck.com/kron-4-bias/,www.kron4.com,center,high,high credibility
KSBW – Monterey News – Bias and Credibility,https://mediabiasfactcheck.com/ksbw-monterey-news-bias/,www.ksbw.com,center,high,high credibility
RAIR Foundation USA – Bias and Credibility,https://mediabiasfactcheck.com/rair-foundation-usa/,www.rairfoundation.com,extreme-right,low,low credibility
Redacted – Bias and Credibility,https://mediabiasfactcheck.com/redacted-bias/,www.redacted.inc,right,mixed,low credibility
Red Right Patriot – Bias and Credibility,https://mediabiasfactcheck.com/red-right-patriot-bias/,www.redrightdaily.com,right,mixed,low credibility
KTBS – Shreveport News – Bias and Credibility,https://mediabiasfactcheck.com/ktbs-shreveport-news-bias/,www.ktbs.com,center,high,high credibility
KTMJ – Topeka News – Bias and Credibility,https://mediabiasfactcheck.com/ktmj-topeka-news-bias/,www.ksnt.com,center,high,high credibility
KTTV – Fox 11 – Los Angeles – Bias and Credibility,https://mediabiasfactcheck.com/kttv-fox-11-los-angeles/,www.foxla.com,center,high,high credibility
KTVF – Fairbanks News – Bias and Credibility,https://mediabiasfactcheck.com/ktvf-fairbanks-news-bias/,www.webcenterfairbanks.com,center,high,high credibility
KTVU Fox 2 – Bias and Credibility,https://mediabiasfactcheck.com/ktvu-fox-2/,www.ktvu.com,center,high,high credibility
Rockland Reporter – Bias and Credibility,https://mediabiasfactcheck.com/rockland-reporter-bias/,www.rocklandreporter.com,right-center,mixed,low credibility
KVIA – El Paso News – Bias and Credibility,https://mediabiasfactcheck.com/kvia-el-paso-news-bias/,www.kvia.com,center,high,high credibility
KWCH – Wichita News – Bias and Credibility,https://mediabiasfactcheck.com/kwch-wichita-news-bias/,www.kwch.com,center,high,high credibility
Salem News Wire – Bias and Credibility,https://mediabiasfactcheck.com/salem-news-wire-bias/,www.salemnewswire.com,right-center,mixed,low credibility
Sangamon Sun – Bias and Credibility,https://mediabiasfactcheck.com/sangamon-sun-bias/,www.sangamonsun.com,right-center,mixed,low credibility
KXMC – Minot News – Bias and Credibility,https://mediabiasfactcheck.com/kxmc-minot-news-bias/,www.kxnet.com,center,high,high credibility
KXXV – Waco News – Bias and Credibility,https://mediabiasfactcheck.com/kxxv-waco-news-bias/,www.kxxv.com,center,high,high credibility
KYTX – Nacogdoches News – Bias and Credibility,https://mediabiasfactcheck.com/kytx-nacogdoches-news-bias/,www.cbs19.tv,center,high,high credibility
Lake City Graphic-Advocate – Bias and Credibility,https://mediabiasfactcheck.com/lake-city-graphic-advocate-bias/,www.thegraphic-advocate.com,center,high,high credibility
Lakeville Sun ThisWeek – Bias and Credibility,https://mediabiasfactcheck.com/lakeville-sun-thisweek-bias/,www.hometownsource.com,center,high,high credibility
LaSalle News-Tribune – Bias and Credibility,https://mediabiasfactcheck.com/lasalle-news-tribune-bias/,www.shawlocal.com,center,high,high credibility
Lawfare Blog – Bias and Credibility,https://mediabiasfactcheck.com/lawfare-blog/,www.lawfareblog.com,center,very high,high credibility
Lebanon Daily News – Bias and Credibility,https://mediabiasfactcheck.com/lebanon-daily-news/,www.ldnews.com,center,high,high credibility
Lexington Clipper-Herald – Bias and Credibility,https://mediabiasfactcheck.com/lexington-clipper-herald-bias/,www.lexch.com,center,high,high credibility
Lithuanian National Radio and Television (LRT) – Bias and Credibility,https://mediabiasfactcheck.com/lithuanian-national-radio-and-television-lrt-bias/,www.lrt.lt,center,high,high credibility
SHTFplan.com – Bias and Credibility,https://mediabiasfactcheck.com/shtfplan-com/,www.shtfplan.com,extreme-right,low,low credibility
Loveland Reporter-Herald – Bias and Credibility,https://mediabiasfactcheck.com/loveland-reporter-herald/,www.reporterherald.com,center,high,high credibility
Macrotrends  – Bias and Credibility,https://mediabiasfactcheck.com/macrotrends-bias/,www.macrotrends.net,center,mostly,high credibility
Marin Independent Journal – Bias and Credibility,https://mediabiasfactcheck.com/marin-independent-journal-bias/,www.marinij.com,center,high,high credibility
South Broward News – Bias and Credibility,https://mediabiasfactcheck.com/south-broward-news/,www.southbrowardnews.com,right-center,mixed,low credibility
Memeorandum – Bias and Credibility,https://mediabiasfactcheck.com/memeorandum/,www.memeorandum.com,center,mixed,medium credibility
South Georgia Times – Bias and Credibility,https://mediabiasfactcheck.com/south-georgia-times/,www.southgeorgiatimes.com,right-center,mixed,low credibility
Military.com – Bias and Credibility,https://mediabiasfactcheck.com/military-com/,www.military.com,center,high,high credibility
South Louisiana News – Bias and Credibility,https://mediabiasfactcheck.com/south-louisiana-news-bias/,www.southlouisiananews.com,right-center,mixed,low credibility
Monroe News Star – Bias and Credibility,https://mediabiasfactcheck.com/monroe-news-star-bias/,www.thenewsstar.com,center,high,high credibility
South Pinellas Times – Bias and Credibility,https://mediabiasfactcheck.com/south-pinellas-times/,www.southpinellastimes.com,right-center,mixed,low credibility
South West Illinois News – Bias and Credibility,https://mediabiasfactcheck.com/south-west-illinois-news/,www.swillinoisnews.com,right-center,mixed,low credibility
Spring Times – Bias and Credibility,https://mediabiasfactcheck.com/spring-times/,www.springstimes.com,right-center,mixed,low credibility
Navy Times – Bias and Credibility,https://mediabiasfactcheck.com/navy-times/,www.navytimes.com,center,high,high credibility
Military Times – Bias and Credibility,https://mediabiasfactcheck.com/military-times/,www.militarytimes.com,center,high,high credibility
MLive (Michigan – Advance Newspapers) – Bias and Credibility,https://mediabiasfactcheck.com/mlive-michigan-booth-newspapers/,www.mlive.com,center,high,high credibility
South New Castle News – Bias and Credibility,https://mediabiasfactcheck.com/south-new-castle-news/,www.southnewcastlenews.com,right-center,mixed,low credibility
Morris Herald-News – Bias and Credibility,https://mediabiasfactcheck.com/morris-herald-news-bias/,www.shawlocal.com,center,high,high credibility
Southwest Montana News – Bias and Credibility,https://mediabiasfactcheck.com/southwest-montana-news-bias/,www.swmontanatimes.com,right-center,mixed,low credibility
National Conference of State Legislatures (NCSL) – Bias and Credibility,https://mediabiasfactcheck.com/national-conference-of-state-legislatures-ncsl/,www.ncsl.org,center,high,no credibility rating available
Stanislaus News – Bias and Credibility,https://mediabiasfactcheck.com/stanislaus-news/,www.stanislausnews.com,right-center,mixed,low credibility
News Channel 4 (KFOR.com) – Bias and Credibility,https://mediabiasfactcheck.com/news-channel-4-kfor-com/,www.kfor.com,center,high,high credibility
Stopping Socialism – Bias and Credibility,https://mediabiasfactcheck.com/stopping-socialism/,www.stoppingsocialism.com,right,mixed,low credibility
South Pima News – Bias and Credibility,https://mediabiasfactcheck.com/south-pima-news/,www.southpimanews.com,right-center,mixed,low credibility
Strafford News – Bias and Credibility,https://mediabiasfactcheck.com/strafford-news-bias/,www.auburntimes.com,right-center,mixed,low credibility
Summit News – Bias and Credibility,https://mediabiasfactcheck.com/summit-news/,www.summit.news,extreme-right,low,low credibility
SurvivalBlog.com – Bias and Credibility,https://mediabiasfactcheck.com/survivalblog-com/,www.survivalblog.com,extreme-right,low,low credibility
SW Arizona News – Bias and Credibility,https://mediabiasfactcheck.com/sw-arizona-news/,www.swarizonanews.com,right-center,mixed,low credibility
SW Georgia News – Bias and Credibility,https://mediabiasfactcheck.com/sw-georgia-news/,www.swgeorgianews.com,right-center,mixed,low credibility
SW Minnesota Today – Bias and Credibility,https://mediabiasfactcheck.com/sw-minnesota-today-bias/,www.swminnesotatoday.com,right-center,mixed,low credibility
Parkersburg Eclipse News-Review – Bias and Credibility,https://mediabiasfactcheck.com/parkersburg-eclipse-news-review-bias/,www.parkersburgeclipse.com,center,high,high credibility
Tabasco Post – Bias and Credibility,https://mediabiasfactcheck.com/tabasco-post-bias/,www.tabascopost.com,left-center,mixed,low credibility
TB Daily News – Bias and Credibility,https://mediabiasfactcheck.com/tb-daily-news/,www.tbdailynews.com,right,mixed,low credibility
Pocono Record – Bias and Credibility,https://mediabiasfactcheck.com/pocono-record/,www.poconorecord.com,center,high,high credibility
Port Charlotte Sun – Bias and Credibility,https://mediabiasfactcheck.com/port-charlotte-sun-bias/,www.yoursun.com,center,high,high credibility
Poynter Institute – Bias and Credibility,https://mediabiasfactcheck.com/poynter-institute/,www.poynter.org,center,high,high credibility
PressReader – Bias and Credibility,https://mediabiasfactcheck.com/pressreader-bias/,www.pressreader.com,center,mostly,high credibility
The Daily Boulder – Bias and Credibility,https://mediabiasfactcheck.com/the-daily-boulder-bias/,www.dailyboulder.com,No media bias rating,mixed,low credibility
Racine Journal Times – Bias and Credibility,https://mediabiasfactcheck.com/racine-journal-times-bias/,www.journaltimes.com,center,high,high credibility
Ranker – Bias and Credibility,https://mediabiasfactcheck.com/ranker-bias/,www.ranker.com,center,mixed,medium credibility
Red Bluff Daily News – Bias and Credibility,https://mediabiasfactcheck.com/red-bluff-daily-news-bias/,www.redbluffdailynews.com,center,high,high credibility
Reporters Lab – Bias and Credibility,https://mediabiasfactcheck.com/reporters-lab/,www.reporterslab.org,center,very high,high credibility
The Liberty Loft – Bias and Credibility,https://mediabiasfactcheck.com/the-liberty-loft/,www.thelibertyloft.com,right,mixed,low credibility
RTE (Radio Television of Ireland) – Bias and Credibility,https://mediabiasfactcheck.com/rte-radio-television-ireland/,www.rte.ie,center,high,high credibility
The Patriot Nation – Bias and Credibility,https://mediabiasfactcheck.com/the-patriot-nation/,www.thepatriotnation.net,right,low,low credibility
San Marcos Daily Record – Bias and Credibility,https://mediabiasfactcheck.com/san-marcos-daily-record/,www.sanmarcosrecord.com,center,high,no credibility rating available
The Region News – Bias and Credibility,https://mediabiasfactcheck.com/the-region-news/,www.theregionnews.com,right-center,mixed,low credibility
The Science Times – Bias and Credibility,https://mediabiasfactcheck.com/the-science-times/,www.sciencetimes.com,right-center,mixed,low credibility
Semafor – Bias and Credibility,https://mediabiasfactcheck.com/semafor-bias/,www.semafor.com,center,high,high credibility
Shoshone News-Press – Bias and Credibility,https://mediabiasfactcheck.com/shoshone-news-press-bias/,www.shoshonenewspress.com,center,high,high credibility
Three Rivers Gazette – Bias and Credibility,https://mediabiasfactcheck.com/three-rivers-gazette-bias/,www.threeriversgazette.com,left-center,mixed,low credibility
Social Media Today – Bias and Credibility,https://mediabiasfactcheck.com/social-media-today-bias/,www.socialmediatoday.com,center,high,high credibility
South Wales Argus – Bias and Credibility,https://mediabiasfactcheck.com/south-wales-argus-bias/,www.southwalesargus.co.uk,center,high,high credibility
Truth Examiner – Bias and Credibility,https://mediabiasfactcheck.com/truth-examiner/,www.truthexam.com,extreme-left,low,no credibility rating available
Truth Based Media – Bias and Credibility,https://mediabiasfactcheck.com/truth-based-media-bias/,www.truthbasedmedia.com,extreme-right,VeryLow,low credibility
Tulare Times – Bias and Credibility,https://mediabiasfactcheck.com/tulare-times/,www.tularetimes.com,right-center,mixed,low credibility
Understanding The Threat – Bias and Credibility,https://mediabiasfactcheck.com/understanding-the-threat/,www.understandingthethreat.com,extreme-right,low,low credibility
Summit Daily News – Bias and Credibility,https://mediabiasfactcheck.com/summit-daily-news-bias/,www.summitdaily.com,center,high,high credibility
The Balance – Bias and Credibility,https://mediabiasfactcheck.com/the-balance/,www.thebalance.com,center,high,high credibility
Monona Outlook – Bias and Credibility,https://mediabiasfactcheck.com/monona-outlook-bias/,www.outlooknewspaper.com,center,high,high credibility
Morganton News Herald – Bias and Credibility,https://mediabiasfactcheck.com/morganton-news-herald-bias/,www.morganton.com,center,high,high credibility
Mount Pleasant Morning Sun – Bias and Credibility,https://mediabiasfactcheck.com/mount-pleasant-morning-sun-bias/,www.themorningsun.com,center,high,high credibility
Napa Valley Register – Bias and Credibility,https://mediabiasfactcheck.com/napa-valley-register/,www.napavalleyregister.com,center,high,high credibility
NationMaster – Bias and Credibility,https://mediabiasfactcheck.com/nationmaster/,www.nationmaster.com,center,high,high credibility
New England Cable News (NECN) – Bias and Credibility,https://mediabiasfactcheck.com/new-england-cable-news-necn/,www.necn.com,center,high,high credibility
St. Cloud Sun – Bias and Credibility,https://mediabiasfactcheck.com/st-cloud-sun-bias/,www.stcloudsun.com,right-center,mixed,low credibility
St. Paul Reporter – Bias and Credibility,https://mediabiasfactcheck.com/st-paul-reporter-bias/,www.stpaulreporter.com,right-center,mixed,low credibility
New Ulm Journal – Bias and Credibility,https://mediabiasfactcheck.com/new-ulm-journal-bias/,www.nujournal.com,center,high,high credibility
Strategic Culture Foundation – Bias and Credibility,https://mediabiasfactcheck.com/strategic-culture-foundation/,www.strategic-culture.org,extreme-right,VeryLow,low credibility
North Port Sun – Bias and Credibility,https://mediabiasfactcheck.com/north-port-sun/,www.yoursun.com,center,high,high credibility
Novinite – Bias and Credibility,https://mediabiasfactcheck.com/novinite/,www.novinite.com,center,mostly,high credibility
SW Arkansas Times – Bias and Credibility,https://mediabiasfactcheck.com/sw-arkansas-times/,www.swarkansastimes.com,right-center,mixed,low credibility
Oroville Mercury-Register – Bias and Credibility,https://mediabiasfactcheck.com/oroville-mercury-register-bias/,www.orovillemr.com,center,high,high credibility
SW Mississippi News – Bias and Credibility,https://mediabiasfactcheck.com/sw-mississippi-news-bias/,www.swmissnews.com,right-center,mixed,low credibility
Park Record – Bias and Credibility,https://mediabiasfactcheck.com/park-record-bias/,www.parkrecord.com,center,high,high credibility
Peoria Journal Star – Bias and Credibility,https://mediabiasfactcheck.com/peoria-journal-star/,www.pjstar.com,center,high,high credibility
Places Journal – Bias and Credibility,https://mediabiasfactcheck.com/places-journal/,www.placesjournal.org,center,high,high credibility
The African Exponent – Bias and Credibility,https://mediabiasfactcheck.com/the-african-exponent/,www.africanexponent.com,No media bias rating,mixed,low credibility
The Beltway Report – Bias and Credibility,https://mediabiasfactcheck.com/the-beltway-report/,www.thebeltwayreport.com,extreme-right,mixed,low credibility
The Boston Tribune – Bias and Credibility,https://mediabiasfactcheck.com/the-boston-tribune/,www.thebostontribune.com,right,low,no credibility rating available
ProCon.org – Bias and Credibility,https://mediabiasfactcheck.com/procon-org/,www.procon.org,center,high,high credibility
Putnam County Record – Bias and Credibility,https://mediabiasfactcheck.com/putnam-county-record-bias/,www.shawlocal.com,center,high,high credibility
Audacy – Bias and Credibility,https://mediabiasfactcheck.com/radio-com/,www.audacy.com,center,high,high credibility
Rapid City Journal – Bias and Credibility,https://mediabiasfactcheck.com/rapid-city-journal/,www.rapidcityjournal.com,center,high,no credibility rating available
The Grayzone – Bias and Credibility,https://mediabiasfactcheck.com/the-grayzone/,www.no url available,extreme-left,mixed,low credibility
The Joe Rogan Experience – Bias and Credibility,https://mediabiasfactcheck.com/the-joe-rogan-experience-bias/,www.joerogan.com,right-center,mixed,low credibility
RiverBender.com – Bias and Credibility,https://mediabiasfactcheck.com/riverbender-com/,www.riverbender.com,center,high,high credibility
The Millennium Report – Bias and Credibility,https://mediabiasfactcheck.com/the-millennium-report/,www.themillenniumreport.com,extreme-right,low,low credibility
The Ohio Star – Bias and Credibility,https://mediabiasfactcheck.com/the-ohio-star/,www.theohiostar.com,right,mixed,low credibility
KSBY – San Luis Obispo News – Bias and Credibility,https://mediabiasfactcheck.com/ksby-san-luis-obispo-news-bias/,www.ksby.com,center,high,high credibility
Sarasota Herald-Tribune – Bias and Credibility,https://mediabiasfactcheck.com/sarasota-herald-tribune/,www.heraldtribune.com,center,high,no credibility rating available
Scoopnest – Bias and Credibility,https://mediabiasfactcheck.com/scoopnest/,www.scoopnest.com,center,mixed,no credibility rating available
The Tennessee Star – Bias and Credibility,https://mediabiasfactcheck.com/the-tennessee-star/,www.tennesseestar.com,right,mixed,low credibility
The Truth Voice – Bias and Credibility,https://mediabiasfactcheck.com/the-truth-voice/,www.thetruthvoice.net,extreme-right,low,low credibility
Sioux City Journal – Bias and Credibility,https://mediabiasfactcheck.com/sioux-city-journal/,www.siouxcityjournal.com,center,high,high credibility
Snowmass Sun – Bias and Credibility,https://mediabiasfactcheck.com/snowmass-sun-bias/,www.aspentimes.com,center,high,high credibility
South Missourian News – Bias and Credibility,https://mediabiasfactcheck.com/south-missourian-news-bias/,www.southmissouriannews.com,center,high,high credibility
Tri-City Sun – Bias and Credibility,https://mediabiasfactcheck.com/tri-city-sun-bias/,www.tricitysun.com,right-center,mixed,low credibility
Trump Train News – Bias and Credibility,https://mediabiasfactcheck.com/trump-train-news/,www.trumptrainnews.com,extreme-right,mixed,low credibility
Statesman Journal – Bias and Credibility,https://mediabiasfactcheck.com/statesman-journal/,www.statesmanjournal.com,center,high,high credibility
Stimson Center – Bias and Credibility,https://mediabiasfactcheck.com/stimson-center/,www.stimson.org,center,high,high credibility
Susquehanna Press – Bias and Credibility,https://mediabiasfactcheck.com/susquehanna-press-bias/,www.cecildaily.com,center,high,high credibility
USA Supreme – Bias and Credibility,https://mediabiasfactcheck.com/usa-supreme/,www.usasupreme.com,extreme-right,VeryLow,low credibility
VDARE – Bias and Credibility,https://mediabiasfactcheck.com/vdare/,www.vdare.com,extreme-right,low,low credibility
South Orlando News – Bias and Credibility,https://mediabiasfactcheck.com/south-orlando-news/,www.southorlandonews.com,right-center,mixed,low credibility
Mt Morris Times – Bias and Credibility,https://mediabiasfactcheck.com/mt-morris-times-bias/,www.shawlocal.com,center,high,high credibility
Muskegon Chronicle – Bias and Credibility,https://mediabiasfactcheck.com/muskegon-chronicle-bias/,www.mlive.com,center,high,high credibility
National Institute on Money in Politics – Bias and Credibility,https://mediabiasfactcheck.com/national-institute-money-state-politics/,www.followthemoney.org,center,high,high credibility
St. Joe-Benton Harbor News – Bias and Credibility,https://mediabiasfactcheck.com/st-joe-benton-harbor-news-bias/,www.stjoebentonharbor.com,right-center,mixed,low credibility
Staten Island Reporter – Bias and Credibility,https://mediabiasfactcheck.com/staten-island-reporter-bias/,www.statenislandreporter.com,right-center,mixed,low credibility
Steadfast Daily – Bias and Credibility,https://mediabiasfactcheck.com/steadfast-daily/,www.steadfastdaily.com,right,mixed,low credibility
Newton Daily News – Bias and Credibility,https://mediabiasfactcheck.com/newton-daily-news-bias/,www.newtondailynews.com,center,high,high credibility
No Labels – Bias and Credibility,https://mediabiasfactcheck.com/no-labels/,www.nolabels.org,center,high,high credibility
North Platte Telegraph – Bias and Credibility,https://mediabiasfactcheck.com/north-platte-telegraph-bias/,www.nptelegraph.com,center,high,high credibility
Northwest Indiana Times – Bias and Credibility,https://mediabiasfactcheck.com/northwest-indiana-times/,www.nwitimes.com,center,high,high credibility
On The Issues – Bias and Credibility,https://mediabiasfactcheck.com/on-the-issues-bias/,www.ontheissues.org,center,high,high credibility
Ormond Beach Observer – Bias and Credibility,https://mediabiasfactcheck.com/ormund-beach-observer-bias/,www.ormondbeachobserver.com,center,high,high credibility
SW Louisiana News – Bias and Credibility,https://mediabiasfactcheck.com/sw-louisiana-news-bias/,www.swlouisiananews.com,right-center,mixed,low credibility
PA Media (UK) – Bias and Credibility,https://mediabiasfactcheck.com/pa-media-uk-bias/,www.pa.media,center,very high,high credibility
Pensacola News Journal – Bias and Credibility,https://mediabiasfactcheck.com/pensacola-news-journal/,www.pnj.com,center,high,high credibility
Pew Research – Bias and Credibility,https://mediabiasfactcheck.com/pew-research/,www.pewresearch.org,center,very high,high credibility
Teddy Stick – Bias and Credibility,https://mediabiasfactcheck.com/teddy-stick/,www.teddystick.com,extreme-right,low,no credibility rating available
Ponte Vedra Recorder – Bias and Credibility,https://mediabiasfactcheck.com/ponte-vedra-recorder-bias/,www.pontevedrarecorder.com,center,high,high credibility
Powys County Times – Bias and Credibility,https://mediabiasfactcheck.com/powys-county-times-bias/,www.countytimes.co.uk,center,high,high credibility
Press of Atlantic City – Bias and Credibility,https://mediabiasfactcheck.com/press-of-atlantic-city-bias/,www.pressofatlanticcity.com,center,high,high credibility
Punchbowl News – Bias and Credibility,https://mediabiasfactcheck.com/punchbowl-news/,www.punchbowl.news,center,high,high credibility
The Duran – Bias and Credibility,https://mediabiasfactcheck.com/the-duran/,www.theduran.com,extreme-right,low,low credibility
The Federation for American Immigration Reform (FAIR) – Bias and Credibility,https://mediabiasfactcheck.com/the-federation-for-american-immigration-reform-fair/,www.fairus.org,extreme-right,low,low credibility
The Gateway Pundit – Bias and Credibility,https://mediabiasfactcheck.com/the-gateway-pundit/,www.thegatewaypundit.com,extreme-right,VeryLow,low credibility
Thejeffreylord.com – Bias and Credibility,https://mediabiasfactcheck.com/thejeffreylord-com/,www.thejeffreylord.com,right,mixed,low credibility
Rexburg Standard Journal – Bias and Credibility,https://mediabiasfactcheck.com/rexburg-standard-journal-bias/,www.rexburgstandardjournal.com,center,high,high credibility
Roanoke Times – Bias and Credibility,https://mediabiasfactcheck.com/roanoke-times/,www.no url available,center,high,high credibility
RumorGuard – Bias and Credibility,https://mediabiasfactcheck.com/rumorguard-bias/,www.rumorguard.org,center,very high,high credibility
The Politics Online – Bias and Credibility,https://mediabiasfactcheck.com/the-politics-online/,www.thepolitics.online,extreme-right,low,low credibility
The Religion of Peace – Bias and Credibility,https://mediabiasfactcheck.com/the-religion-of-peace/,www.thereligionofpeace.com,extreme-right,low,low credibility
Sayfie Review – Bias and Credibility,https://mediabiasfactcheck.com/sayfie-review/,www.sayfiereview.com,center,high,high credibility
Scottsdale Progress – Bias and Credibility,https://mediabiasfactcheck.com/scottsdale-progress-bias/,www.scottsdale.org,center,high,high credibility
The True Defender – Bias and Credibility,https://mediabiasfactcheck.com/the-true-defender/,www.thetruedefender.com,right,low,low credibility
The Unz Review – Bias and Credibility,https://mediabiasfactcheck.com/the-unz-report/,www.unz.com,extreme-right,low,low credibility
Sky News UK – Bias and Credibility,https://mediabiasfactcheck.com/sky-news/,news.sky.com,center,high,high credibility
South Bend Tribune – Bias and Credibility,https://mediabiasfactcheck.com/south-bend-tribune/,www.southbendtribune.com,center,high,high credibility
TrendingPoliticsNews.com – Bias and Credibility,https://mediabiasfactcheck.com/trendingpoliticsnews-com-bias/,www.trendingpoliticsnews.com,right,mixed,low credibility
True Viral News – Bias and Credibility,https://mediabiasfactcheck.com/true-viral-news/,www.trueviralnews.com,No media bias rating,VeryLow,low credibility
Tucson Standard – Bias and Credibility,https://mediabiasfactcheck.com/tucson-standard/,www.tucsonstandard.com,right-center,mixed,low credibility
UncoverDC – Bias and Credibility,https://mediabiasfactcheck.com/uncoverdc/,www.uncoverdc.com,extreme-right,low,low credibility
Study Finds – Bias and Credibility,https://mediabiasfactcheck.com/study-finds-bias/,www.studyfinds.org,center,high,high credibility
Tahoe Daily Tribune – Bias and Credibility,https://mediabiasfactcheck.com/tahoe-daily-tribune-bias/,www.tahoedailytribune.com,center,high,high credibility
Vancouver Times – Bias and Credibility,https://mediabiasfactcheck.com/vancouver-times/,www.vancouvertimes.org,right,mixed,low credibility
Victor Valley Times – Bias and Credibility,https://mediabiasfactcheck.com/victor-valley-times/,www.victorvalleytimes.com,right-center,mixed,low credibility
South SGV News – Bias and Credibility,https://mediabiasfactcheck.com/south-sgv-news/,www.southsgvnews.com,right-center,mixed,low credibility
Springfield City Wire – Bias and Credibility,https://mediabiasfactcheck.com/springfield-city-wire-bias/,www.springfieldcitywire.com,right-center,mixed,low credibility
National Journal – Bias and Credibility,https://mediabiasfactcheck.com/national-journal/,www.nationaljournal.com,center,high,high credibility
St. Pete Standard – Bias and Credibility,https://mediabiasfactcheck.com/st-pete-standard/,www.stpetestandard.com,right-center,mixed,low credibility
St. Charles Times – Bias and Credibility,https://mediabiasfactcheck.com/st-charles-times-bias/,www.stcharlestimes.com,right-center,mixed,low credibility
Newsela – Bias and Credibility,https://mediabiasfactcheck.com/newsela/,www.newsela.com,center,high,high credibility
South OC Times – Bias and Credibility,https://mediabiasfactcheck.com/south-oc-times/,www.southoctimes.com,right-center,mixed,low credibility
St. Louis Record – Bias and Credibility,https://mediabiasfactcheck.com/st-louis-record-bias/,www.stlrecord.com,right-center,mixed,low credibility
Summerlin Reporter – Bias and Credibility,https://mediabiasfactcheck.com/summerlin-reporter-bias/,www.summerlinreporter.com,left-center,mixed,low credibility
Northwest Herald – Bias and Credibility,https://mediabiasfactcheck.com/northwest-herald-bias/,www.shawlocal.com,center,high,high credibility
Swarajya – Bias and Credibility,https://mediabiasfactcheck.com/swarajya/,www.swarajyamag.com,right,low,low credibility
Oregonian – Bias and Credibility,https://mediabiasfactcheck.com/oregonian/,www.oregonlive.com,center,high,high credibility
Oscoda County Herald – Bias and Credibility,https://mediabiasfactcheck.com/oscoda-county-herald-bias/,www.oscodaherald.com,center,high,high credibility
Pacific Daily News – Bias and Credibility,https://mediabiasfactcheck.com/pacific-daily-news/,www.guampdn.com,center,high,high credibility
Syria News – Bias and Credibility,http://mediabiasfactcheck.com/syria-news/,www.syrianews.cc,No media bias rating,low,low credibility
Tampa Republic – Bias and Credibility,https://mediabiasfactcheck.com/tampa-republic/,www.tamparepublic.com,right-center,mixed,low credibility
TechStartups – Bias and Credibility,https://mediabiasfactcheck.com/techstartups/,www.techstartups.com,right-center,mixed,low credibility
The Angry Patriot – Bias and Credibility,https://mediabiasfactcheck.com/the-angry-patriot/,www.angrypatriotmovement.com,extreme-right,VeryLow,no credibility rating available
The Blaze – Bias and Credibility,https://mediabiasfactcheck.com/the-blaze/,www.theblaze.com,right,mixed,low credibility
The Conservative Brief – Bias and Credibility,https://mediabiasfactcheck.com/the-conservative-brief/,www.theconservativebrief.com,right,mixed,low credibility
The Counter Signal – Bias and Credibility,https://mediabiasfactcheck.com/the-counter-signal-bias/,www.thecountersignal.com,right,mixed,low credibility
The Desert Review – Bias and Credibility,https://mediabiasfactcheck.com/the-desert-review-bias/,www.thedesertreview.com,right-center,mixed,low credibility
Rainy Lake Gazette – Bias and Credibility,https://mediabiasfactcheck.com/rainy-lake-gazette-bias/,www.rainylakegazette.com,center,high,high credibility
Recode – Bias and Credibility,https://mediabiasfactcheck.com/recode/,www.recode.net,center,high,no credibility rating available
Reinbeck Courier – Bias and Credibility,https://mediabiasfactcheck.com/reinbeck-courier-bias/,www.sun-courier.com,center,high,high credibility
The Laugh Club – Bias and Credibility,https://mediabiasfactcheck.com/the-laugh-club/,www.thelaughclub.net,No media bias rating,low,low credibility
The Michigan Independent – Bias and Credibility,https://mediabiasfactcheck.com/the-michigan-independent-bias/,www.michiganindependent.com,No media bias rating,mixed,low credibility
The Ohio Independent – Bias and Credibility,https://mediabiasfactcheck.com/the-ohio-independent-bias/,www.ohioindependent.com,No media bias rating,mixed,low credibility
San Gabriel Valley Tribune – Bias and Credibility,https://mediabiasfactcheck.com/san-gabriel-valley-tribune-bias/,www.sgvtribune.com,center,high,high credibility
Santa Maria Times – Bias and Credibility,https://mediabiasfactcheck.com/santa-maria-times/,www.santamariatimes.com,center,high,no credibility rating available
The Right Stuff – Bias and Credibility,https://mediabiasfactcheck.com/the-right-stuff/,www.therightstuff.biz,extreme-right,VeryLow,low credibility
The Sons of Liberty Media – Bias and Credibility,https://mediabiasfactcheck.com/sons-liberty-media/,www.sonsoflibertymedia.com,extreme-right,low,low credibility
Shorenstein Center – Bias and Credibility,https://mediabiasfactcheck.com/shorenstein-center/,www.shorensteincenter.org,center,high,high credibility
The Wisconsin Independent – Bias and Credibility,https://mediabiasfactcheck.com/the-wisconsin-independent-bias/,www.wisconsinindependent.com,No media bias rating,mixed,low credibility
TooFab – Bias and Credibility,https://mediabiasfactcheck.com/toofab/,www.toofab.com,left,mixed,low credibility
South Florida Sun-Sentinel – Bias and Credibility,https://mediabiasfactcheck.com/south-florida-sun-sentinel/,www.sun-sentinel.com,center,high,high credibility
Tri-City Record – Bias and Credibility,https://mediabiasfactcheck.com/tri-city-record-bias/,www.tri-cityrecord.org,left-center,mixed,low credibility
St. Cloud Times – Bias and Credibility,https://mediabiasfactcheck.com/st-cloud-times/,www.sctimes.com,center,high,high credibility
Truth in Media – Bias and Credibility,https://mediabiasfactcheck.com/truth-in-media/,www.truthinmedia.com,extreme-right,low,low credibility
Two Rivers News – Bias and Credibility,https://mediabiasfactcheck.com/two-rivers-news-bias/,www.tworiversnews.org,left-center,mixed,low credibility
Unmuzzled News – Bias and Credibility,https://mediabiasfactcheck.com/unmuzzled-news-bias/,www.unmuzzlednews.com,right,mixed,low credibility
UrduPoint – Bias and Credibility,https://mediabiasfactcheck.com/urdupoint-bias/,www.urdupoint.com,right-center,mixed,low credibility
Tempe Foothills Focus – Bias and Credibility,https://mediabiasfactcheck.com/tempe-foothills-focus-bias/,www.thefoothillsfocus.com,center,high,high credibility
The Argonaut – Bias and Credibility,https://mediabiasfactcheck.com/the-argonaut-bias/,www.argonautnews.com,center,high,high credibility
WallBuilders – Bias and Credibility,https://mediabiasfactcheck.com/wallbuilders/,www.wallbuilders.com,extreme-right,low,low credibility
South STL News – Bias and Credibility,https://mediabiasfactcheck.com/south-stl-news-bias/,www.southstlnews.com,right-center,mixed,low credibility
Springfield Standard – Bias and Credibility,https://mediabiasfactcheck.com/springfield-standard-bias/,www.springfieldstandard.com,right-center,mixed,low credibility
Sputnik News Agency – India – Bias and Credibility,https://mediabiasfactcheck.com/sputnik-news-agency-india-bias/,www.sputniknews.in,right,VeryLow,low credibility
Stares at the World – Bias and Credibility,https://mediabiasfactcheck.com/stares-at-the-world/,www.staresattheworld.com,extreme-right,low,low credibility
Steadfast and Loyal – Bias and Credibility,https://mediabiasfactcheck.com/steadfast-and-loyal/,www.steadfastandloyal.com,right,mixed,low credibility
South Birmingham Times – Bias and Credibility,https://mediabiasfactcheck.com/south-birmingham-times/,www.southbirminghamtimes.com,right-center,mixed,low credibility
NewzJunky.com – Bias and Credibility,https://mediabiasfactcheck.com/newzjunky-com/,www.no url available,center,mixed,medium credibility
Norfolk Daily News – Bias and Credibility,https://mediabiasfactcheck.com/norfolk-daily-news/,www.norfolkdailynews.com,center,high,high credibility
Sunflower State News – Bias and Credibility,https://mediabiasfactcheck.com/sunflower-state-news-bias/,www.sunflowerstatenews.com,right-center,mixed,low credibility
Oakland Press – Bias and Credibility,https://mediabiasfactcheck.com/oakland-press-bias/,www.theoaklandpress.com,center,high,high credibility
SW Bluegrass News – Bias and Credibility,https://mediabiasfactcheck.com/sw-bluegrass-news-bias/,www.swbluegrassnews.com,right-center,mixed,low credibility
Osceola Sentinel-Tribune – Bias and Credibility,https://mediabiasfactcheck.com/osceola-sentinel-tribune-bias/,www.osceolaiowa.com,center,high,high credibility
Oxford Mail – Bias and Credibility,https://mediabiasfactcheck.com/oxford-mail-bias/,www.oxfordmail.co.uk,center,high,high credibility
Pasadena Star-News – Bias and Credibility,https://mediabiasfactcheck.com/pasadena-star-news-bias/,www.pasadenastarnews.com,center,high,high credibility
Peoria Times – Bias and Credibility,https://mediabiasfactcheck.com/peoria-times-bias/,www.peoriatimes.com,center,high,high credibility
Tea Party Patriots – Bias and Credibility,https://mediabiasfactcheck.com/tea-party-patriots/,www.teapartypatriots.org,right,mixed,low credibility
The American Mirror – Bias and Credibility,https://mediabiasfactcheck.com/the-american-mirror/,www.theamericanmirror.com,extreme-right,low,low credibility
The Blacksphere (Kevin Jackson) – Bias and Credibility,https://mediabiasfactcheck.com/the-blacksphere-kevin-jackson/,www.theblacksphere.net,right,mixed,low credibility
Prairie Advocate – Bias and Credibility,https://mediabiasfactcheck.com/prairie-advocate-bias/,www.shawlocal.com,center,high,high credibility
Public Policy Polling (PPP) – Bias and Credibility,https://mediabiasfactcheck.com/public-policy-polling-ppp/,www.publicpolicypolling.com,center,high,no credibility rating available
Quad City Times – Bias and Credibility,https://mediabiasfactcheck.com/quad-city-times/,www.qctimes.com,center,high,no credibility rating available
The Federalist Papers Project – Bias and Credibility,https://mediabiasfactcheck.com/the-federalist-papers-project/,www.thefederalistpapers.org,extreme-right,low,low credibility
The Frisky – Bias and Credibility,https://mediabiasfactcheck.com/the-frisky/,www.thefrisky.com,left-center,mixed,low credibility
Redwood Falls Gazette – Bias and Credibility,https://mediabiasfactcheck.com/redwood-falls-gazette-bias/,www.redwoodfallsgazette.com,center,high,high credibility
Repustar – Bias and Credibility,https://mediabiasfactcheck.com/repustar-bias/,www.repustar.com,center,high,high credibility
Riverdale Press – Bias and Credibility,https://mediabiasfactcheck.com/riverdale-press/,www.riverdalepress.com,center,high,high credibility
The National Pulse – Bias and Credibility,https://mediabiasfactcheck.com/the-national-pulse/,www.thenationalpulse.com,extreme-right,mixed,low credibility
San Diego Union Tribune – Bias and Credibility,https://mediabiasfactcheck.com/san-diego-union-tribune/,www.sandiegouniontribune.com,center,high,no credibility rating available
Rebel News – Bias and Credibility,https://mediabiasfactcheck.com/the-rebel/,www.rebelnews.com,right,mixed,low credibility
Sauk Valley Telegraph – Bias and Credibility,https://mediabiasfactcheck.com/sauk-valley-telegraph-bias/,www.shawlocal.com,center,high,high credibility
Scottsdale Airpark News – Bias and Credibility,https://mediabiasfactcheck.com/scottdale-airpark-news-bias/,www.scottsdaleairpark.com,center,high,high credibility
Tehran Times – Bias and Credibility,https://mediabiasfactcheck.com/tehran-times/,www.tehrantimes.com,right,mixed,low credibility
The Union Journal – Bias and Credibility,https://mediabiasfactcheck.com/the-union-journal/,www.theunionjournal.com,No media bias rating,low,low credibility
Sky-Hi News – Bias and Credibility,https://mediabiasfactcheck.com/sky-hi-news-bias/,www.skyhinews.com,center,high,high credibility
Topeka Sun – Bias and Credibility,https://mediabiasfactcheck.com/topeka-sun-bias/,www.topekasun.com,right-center,mixed,low credibility
Trending Politics – Bias and Credibility,https://mediabiasfactcheck.com/trending-politics/,www.trendingpolitics.com,right,low,low credibility
Springfield News-Sun – Bias and Credibility,https://mediabiasfactcheck.com/springfield-news-sun-bias/,www.springfieldnewssun.com,center,high,high credibility
St. Joseph News-Press – Bias and Credibility,https://mediabiasfactcheck.com/st-joseph-news-press-bias/,www.newspressnow.com,center,high,high credibility
Statesville Record & Landmark – Bias and Credibility,https://mediabiasfactcheck.com/statesville-record-landmark/,www.statesville.com,center,high,high credibility
St. John News – Bias and Credibility,https://mediabiasfactcheck.com/st-john-news-bias/,www.sjnewsonline.com,center,high,high credibility
UP Gazette – Bias and Credibility,https://mediabiasfactcheck.com/up-gazette-bias/,www.upgazette.com,right-center,mixed,low credibility
USA Really – Bias and Credibility,https://mediabiasfactcheck.com/usa-really/,www.usareally.com,right,VeryLow,low credibility
Texas Standard – Bias and Credibility,https://mediabiasfactcheck.com/texas-standard/,www.texasstandard.org,center,high,high credibility
Vidmax – Bias and Credibility,https://mediabiasfactcheck.com/vidmax-2/,www.vidmax.com,extreme-right,low,low credibility
Vision Times – Bias and Credibility,https://mediabiasfactcheck.com/vision-times/,www.visiontimes.com,right,mixed,low credibility
National Bureau of Economic Research (NBER) – Bias and Credibility,https://mediabiasfactcheck.com/national-bureau-of-economic-research-nber/,www.nber.org,center,high,high credibility
Sputnik News Agency – Italia – Bias and Credibility,https://mediabiasfactcheck.com/sputnik-news-agency-italia-bias/,it.sputniknews.com,right,VeryLow,low credibility
State of the Nation – Bias and Credibility,https://mediabiasfactcheck.com/state-of-the-union-2012/,www.stateofthenation.co,extreme-right,low,low credibility
News Lookup – Bias and Credibility,https://mediabiasfactcheck.com/news-lookup/,www.newslookup.com,center,mixed,medium credibility
NewsNow (UK) – Bias and Credibility,https://mediabiasfactcheck.com/newsnow-uk/,www.newsnow.co.uk,center,mixed,medium credibility
NK News – Bias and Credibility,https://mediabiasfactcheck.com/nk-news/,www.nknews.org,center,mostly,high credibility
North Korea Times – Bias and Credibility,https://mediabiasfactcheck.com/north-korea-times/,www.northkoreatimes.com,center,mostly,medium credibility
Support Israel Now – Bias and Credibility,https://mediabiasfactcheck.com/support-israel-now/,www.supportisraelnow.com,extreme-right,low,low credibility
Ogemaw County Herald – Bias and Credibility,https://mediabiasfactcheck.com/ogemaw-county-herald-bias/,www.ogemawherald.com,center,high,high credibility
SW Connecticut News – Bias and Credibility,https://mediabiasfactcheck.com/sw-connecticut-news/,www.swconnnews.com,right-center,mixed,low credibility
Oswego Ledger – Bias and Credibility,https://mediabiasfactcheck.com/oswego-ledger-bias/,www.shawlocal.com,center,high,high credibility
SW Riverside News – Bias and Credibility,https://mediabiasfactcheck.com/sw-riverside-news/,www.swriversidenews.com,right-center,mixed,low credibility
Patheos – Bias and Credibility,https://mediabiasfactcheck.com/patheos/,www.patheos.com,center,mixed,medium credibility
Peterson Institute for International Economics – Bias and Credibility,https://mediabiasfactcheck.com/peterson-institute-for-international-economics/,www.piie.com,center,high,high credibility
Pocahontas Star Herald – Bias and Credibility,https://mediabiasfactcheck.com/pocahontas-star-herald-bias/,www.starheraldnews.com,center,high,high credibility
The Bearded Patriot – Bias and Credibility,https://mediabiasfactcheck.com/the-bearded-patriot/,www.thebeardedpatriot.com,extreme-right,low,low credibility
Pottsville Republican-Herald – Bias and Credibility,https://mediabiasfactcheck.com/pottsville-republican-herald-bias/,www.republicanherald.com,center,high,high credibility
Pratt Tribune – Bias and Credibility,https://mediabiasfactcheck.com/pratt-tribune-bias/,www.pratttribune.com,center,high,high credibility
The Daily Bell – Bias and Credibility,https://mediabiasfactcheck.com/the-daily-bell/,www.thedailybell.com,right,low,low credibility
Queen Creek Tribune – Bias and Credibility,https://mediabiasfactcheck.com/queen-creek-tribune-bias/,www.queencreektribune.com,center,high,high credibility
Rand Corporation – Bias and Credibility,https://mediabiasfactcheck.com/rand-corporation/,www.rand.org,center,high,high credibility
Record Searchlight – Bias and Credibility,https://mediabiasfactcheck.com/record-searchlight-bias/,www.redding.com,center,high,high credibility
The Jewish Voice – Bias and Credibility,https://mediabiasfactcheck.com/the-jewish-voice-bias/,www.thejewishvoice.com,right,mixed,low credibility
RFI (Radio France Internationale) – Bias and Credibility,https://mediabiasfactcheck.com/rfi-radio-france-internationale/,www.rfi.fr,center,mostly,high credibility
Roll Call – Bias and Credibility,https://mediabiasfactcheck.com/roll-call/,www.rollcall.com,center,very high,high credibility
The Other 98% – Bias and Credibility,https://mediabiasfactcheck.com/the-other-98/,www.other98.com,No media bias rating,low,low credibility
The Proud Liberal – Bias and Credibility,https://mediabiasfactcheck.com/the-proud-liberal/,www.theproudliberal.org,extreme-left,mixed,low credibility
The Remnant Newspaper – Bias and Credibility,https://mediabiasfactcheck.com/the-remnant-magazine/,www.remnantnewspaper.com,extreme-right,low,low credibility
The Ron Paul Institute – Bias and Credibility,https://mediabiasfactcheck.com/the-ron-paul-institute/,www.ronpaulinstitute.org,right,mixed,no credibility rating available
SCOTUSblog – Bias and Credibility,https://mediabiasfactcheck.com/scotusblog/,www.scotusblog.com,center,high,high credibility
Shenandoah Valley News – Bias and Credibility,https://mediabiasfactcheck.com/shenandoah-valley-news/,www.valleynewstoday.com,center,high,high credibility
Sigourney News-Review – Bias and Credibility,https://mediabiasfactcheck.com/sigourney-news-review-bias/,www.sigourneynewsreview.com,center,high,high credibility
Sleepy Eye Herald-Dispatch – Bias and Credibility,https://mediabiasfactcheck.com/sleepy-eye-herald-dispatch-bias/,www.sleepyeyenews.com,center,high,high credibility
Southern Daily Echo – Bias and Credibility,https://mediabiasfactcheck.com/southern-daily-echo-bias/,www.dailyecho.co.uk,center,high,high credibility
Southwest Orange Observer – Bias and Credibility,https://mediabiasfactcheck.com/southwest-orange-observer-bias/,www.orangeobserver.com,center,high,high credibility
Spotlight PA – Bias and Credibility,https://mediabiasfactcheck.com/spotlight-pa/,www.spotlightpa.org,center,high,high credibility
Staten Island Advance – Bias and Credibility,https://mediabiasfactcheck.com/staten-island-advance/,www.silive.com,center,high,high credibility
Steamboat Pilot & Today – Bias and Credibility,https://mediabiasfactcheck.com/steamboat-pilot-today-bias/,www.steamboatpilot.com,center,high,high credibility
Unity News Network – Bias and Credibility,https://mediabiasfactcheck.com/unity-news-network/,unitynewsnetwork.co.uk,right,mixed,low credibility
Tagesschau – Bias and Credibility,https://mediabiasfactcheck.com/tagesschau-bias/,www.tagesschau.de,center,high,high credibility
USAnetwork.info – Bias and Credibility,https://mediabiasfactcheck.com/usanetwork-info/,www.usanetwork.info,extreme-right,VeryLow,no credibility rating available
Verdugos News – Bias and Credibility,https://mediabiasfactcheck.com/verdugos-news/,www.verdugosnews.com,right-center,mixed,low credibility
The Beach Reporter – Bias and Credibility,https://mediabiasfactcheck.com/the-beach-reporter-bias/,www.dailybreeze.com,center,high,high credibility
Washington Times – Bias and Credibility,https://mediabiasfactcheck.com/washington-times/,www.washingtontimes.com,right-center,mixed,low credibility
Nebraska City News-Press – Bias and Credibility,https://mediabiasfactcheck.com/nebraska-city-news-press-bias/,www.ncnewspress.com,center,high,high credibility
New Zealand Herald – Bias and Credibility,https://mediabiasfactcheck.com/new-zealand-herald/,www.nzherald.co.nz,center,high,high credibility
News24 (South Africa) – Bias and Credibility,https://mediabiasfactcheck.com/news24-south-africa/,www.news24.com,center,high,high credibility
New Straits Times – Bias and Credibility,https://mediabiasfactcheck.com/new-straits-times/,www.nst.com.my,center,mostly,no credibility rating available
St. Claire Today – Bias and Credibility,https://mediabiasfactcheck.com/st-claire-today-bias/,www.stclairtoday.com,right-center,mixed,low credibility
Students for Trump – Bias and Credibility,https://mediabiasfactcheck.com/students-for-trump/,www.trumpstudents.org,right,mixed,low credibility
North Tama Telegraph – Bias and Credibility,https://mediabiasfactcheck.com/north-tama-telegraph-bias/,www.northtamatelegraph.com,center,high,high credibility
SwampDrain.com – Bias and Credibility,https://mediabiasfactcheck.com/swampdrain-com/,www.swampdrain.com,extreme-right,low,low credibility
OpenMind Magazine – Bias and Credibility,https://mediabiasfactcheck.com/openmind-magazine-bias/,www.openmindmag.org,center,high,high credibility
SW Iowa Times – Bias and Credibility,https://mediabiasfactcheck.com/sw-iowa-times-bias/,www.swiowatimes.com,right-center,mixed,low credibility
Oyez Project – Bias and Credibility,https://mediabiasfactcheck.com/oyez-project/,www.oyez.org,center,very high,high credibility
SW Vegas News – Bias and Credibility,https://mediabiasfactcheck.com/sw-vegas-news-bias/,www.swvegasnews.com,right-center,mixed,low credibility
Tallahassee Sun – Bias and Credibility,https://mediabiasfactcheck.com/tallahassee-sun/,www.tallahasseesun.com,right-center,mixed,low credibility
Tea Party Inc – Bias and Credibility,https://mediabiasfactcheck.com/tea-party-inc/,www.teaparty.org,extreme-right,low,low credibility
Political Wire – Bias and Credibility,https://mediabiasfactcheck.com/political-wire/,www.politicalwire.com,center,high,high credibility
The BL – Bias and Credibility,https://mediabiasfactcheck.com/the-bl/,www.thebl.com,right,mixed,low credibility
PR Newswire – Bias and Credibility,https://mediabiasfactcheck.com/pr-newswire/,www.prnewswire.com,center,high,high credibility
The Conservative Papers – Bias and Credibility,https://mediabiasfactcheck.com/the-conservative-papers/,www.conservativepapers.com,right,mixed,low credibility
The D.C. Clothesline – Bias and Credibility,https://mediabiasfactcheck.com/the-d-c-clothesline/,www.dcclothesline.com,extreme-right,low,low credibility
The Epoch Times – Bias and Credibility,https://mediabiasfactcheck.com/the-epoch-times/,www.theepochtimes.com,right,mixed,low credibility
The Freedom Times – Bias and Credibility,https://mediabiasfactcheck.com/the-freedom-times/,www.thefreedomtimes.com,extreme-right,low,low credibility
Redlands Daily Facts – Bias and Credibility,https://mediabiasfactcheck.com/redlands-daily-facts-bias/,www.redlandsdailyfacts.com,center,high,high credibility
The Last Refuge (Conservative Treehouse) – Bias and Credibility,https://mediabiasfactcheck.com/the-last-refuge/,www.theconservativetreehouse.com,extreme-right,low,low credibility
The Liberty Revolution – Bias and Credibility,https://mediabiasfactcheck.com/the-liberty-revolution-bias/,www.thelibertyrevolution.com,right,low,low credibility
The National Patriot – Bias and Credibility,https://mediabiasfactcheck.com/the-national-patriot/,www.thenationalpatriot.com,extreme-right,low,low credibility
Saginaw News – Bias and Credibility,https://mediabiasfactcheck.com/saginaw-news-bias/,www.mlive.com,center,high,high credibility
The Raging Patriot – Bias and Credibility,https://mediabiasfactcheck.com/the-raging-patriot-bias/,www.theragingpatriot.org,extreme-right,low,low credibility
The RFAngle – Bias and Credibility,https://mediabiasfactcheck.com/the-rfangle/,www.rfangle.com,extreme-right,mixed,low credibility
The Science News Reporter – Bias and Credibility,https://mediabiasfactcheck.com/the-science-news-reporter/,www.thescinewsreporter.com,No media bias rating,mixed,low credibility
TheSpectator.info – Bias and Credibility,https://mediabiasfactcheck.com/thespectator-info/,www.thespectator.info,extreme-right,VeryLow,low credibility
The True Reporter – Bias and Credibility,https://mediabiasfactcheck.com/the-true-reporter/,www.thetruereporter.com,right,low,low credibility
The Warren Sun – Bias and Credibility,https://mediabiasfactcheck.com/the-warren-sun-bias/,www.warrensun.com,right-center,mixed,low credibility
Tobacco News Wire – Bias and Credibility,https://mediabiasfactcheck.com/tobacco-news-wire-bias/,www.tobacconewswire.com,right-center,mixed,low credibility
TPL News – Bias and Credibility,https://mediabiasfactcheck.com/tpl-news/,www.tplnews.com,extreme-left,mixed,low credibility
Southwest Times Record – Bias and Credibility,https://mediabiasfactcheck.com/southwest-times-record/,www.swtimes.com,center,high,high credibility
Trump.News – Bias and Credibility,https://mediabiasfactcheck.com/trump-news/,www.trump.news,extreme-right,VeryLow,low credibility
Truth Press – Bias and Credibility,https://mediabiasfactcheck.com/truth-press-bias/,www.truthpress.com,right,low,low credibility
Sterling Journal-Advocate – Bias and Credibility,https://mediabiasfactcheck.com/sterling-journal-advocate-bias/,www.journal-advocate.com,center,high,high credibility
Stratfor – Bias and Credibility,https://mediabiasfactcheck.com/stratfor/,www.stratfor.com,center,high,no credibility rating available
SWVA Today – Bias and Credibility,https://mediabiasfactcheck.com/swva-today-bias/,www.swvatoday.com,center,high,high credibility
Telegram & Gazette – Bias and Credibility,https://mediabiasfactcheck.com/telegram-gazette/,www.telegram.com,center,high,high credibility
The Angle – Bias and Credibility,https://mediabiasfactcheck.com/the-angle-bias/,theangle.digitaltrends.com,center,high,high credibility
The Bull – Tulsa – Bias and Credibility,https://mediabiasfactcheck.com/the-bull-tulsa/,www.thebulltulsa.com,center,high,high credibility
The Conversation – Bias and Credibility,https://mediabiasfactcheck.com/the-conversation/,www.theconversation.com,center,very high,high credibility
The Daily Northwestern – Bias and Credibility,https://mediabiasfactcheck.com/the-daily-northwestern/,www.dailynorthwestern.com,center,high,no credibility rating available
NewFolks – Bias and Credibility,https://mediabiasfactcheck.com/newfolks-bias/,www.newfolks.com,center,high,high credibility
Steadfast Clash – Bias and Credibility,https://mediabiasfactcheck.com/steadfast-clash-bias/,www.steadfastclash.com,right,mixed,low credibility
South Fulton Today – Bias and Credibility,https://mediabiasfactcheck.com/south-fulton-today/,www.southfultontoday.com,right-center,mixed,low credibility
NextGov – Bias and Credibility,https://mediabiasfactcheck.com/nextgov/,www.nextgov.com,center,high,high credibility
Sturgis-Coldwater News – Bias and Credibility,https://mediabiasfactcheck.com/sturgis-coldwater-news-bias/,www.sturgiscoldwaternews.com,right-center,mixed,low credibility
Northwest Florida Daily News – Bias and Credibility,https://mediabiasfactcheck.com/northwest-florida-daily-news/,www.nwfdailynews.com,center,high,high credibility
Ogden Reporter – Bias and Credibility,https://mediabiasfactcheck.com/ogden-reporter-bias/,www.ogdenreporter.com,center,high,high credibility
SW Colorado News – Bias and Credibility,https://mediabiasfactcheck.com/sw-colorado-news/,www.swcoloradonews.com,right-center,mixed,low credibility
SW Kansas News – Bias and Credibility,https://mediabiasfactcheck.com/sw-kansas-news-bias/,www.swkansasnews.com,right-center,mixed,low credibility
SW New Mexico News – Bias and Credibility,https://mediabiasfactcheck.com/sw-new-mexico-news-bias/,www.swnewmexiconews.com,right-center,mixed,low credibility
Patch – Bias and Credibility,https://mediabiasfactcheck.com/patch/,www.patch.com,center,high,high credibility
Peterson Foundation – Bias and Credibility,https://mediabiasfactcheck.com/peterson-foundation/,www.pgpf.org,center,high,high credibility
Plus Maths – Bias and Credibility,https://mediabiasfactcheck.com/plus-maths-bias/,plus.maths.org,center,high,high credibility
PoliticsHome – Bias and Credibility,https://mediabiasfactcheck.com/politicshome-bias/,www.politicshome.com,center,high,high credibility
Pottstown Mercury – Bias and Credibility,https://mediabiasfactcheck.com/pottstown-mercury-bias/,www.pottsmerc.com,center,high,high credibility
The Colorado Herald – Bias and Credibility,https://mediabiasfactcheck.com/the-colorado-herald/,www.thecoloradoherald.com,right,low,low credibility
The Covid World – Bias and Credibility,https://mediabiasfactcheck.com/the-covid-world-bias/,www.thecovidworld.com,No media bias rating,VeryLow,low credibility
The DC Patriot – Bias and Credibility,https://mediabiasfactcheck.com/the-dc-patriot/,www.thedcpatriot.com,extreme-right,low,low credibility
Radio Free Europe / Radio Liberty – Bias and Credibility,https://mediabiasfactcheck.com/radio-free-europe-radio-liberty/,www.rferl.org,center,mostly,high credibility
Ravalli Republic – Bias and Credibility,https://mediabiasfactcheck.com/ravalli-republic-bias/,www.ravallirepublic.com,center,high,high credibility
The Horn News – Bias and Credibility,https://mediabiasfactcheck.com/the-horn-news/,www.thehornnews.com,extreme-right,low,low credibility
Reuters – Bias and Credibility,https://mediabiasfactcheck.com/reuters/,www.reuters.com,center,very high,high credibility
The Majalla – Bias and Credibility,https://mediabiasfactcheck.com/al-majalla/,eng.majalla.com,right-center,mixed,low credibility
Ruidoso News – Bias and Credibility,https://mediabiasfactcheck.com/ruidoso-news-bias/,www.ruidosonews.com,center,high,high credibility
Sandwich Record – Bias and Credibility,https://mediabiasfactcheck.com/sandwich-record-bias/,www.shawlocal.com,center,high,high credibility
Santa Cruz Sentinel – Bias and Credibility,https://mediabiasfactcheck.com/santa-cruz-sentinel-bias/,www.santacruzsentinel.com,center,high,high credibility
The Right Scoop – Bias and Credibility,https://mediabiasfactcheck.com/the-right-scoop/,www.therightscoop.com,right,mixed,low credibility
The Scoop – Bias and Credibility,https://mediabiasfactcheck.com/the-scoop/,www.thescoop.us,extreme-right,mixed,low credibility
The Times of America – Bias and Credibility,https://mediabiasfactcheck.com/the-times-of-america/,www.digifection.com,extreme-right,VeryLow,low credibility
Sierra Sun – Bias and Credibility,https://mediabiasfactcheck.com/sierra-sun-bias/,www.sierrasun.com,center,high,high credibility
Thumb Reporter – Bias and Credibility,https://mediabiasfactcheck.com/thumb-reporter-bias/,www.thumbreporter.com,right-center,mixed,low credibility
Townhall – Bias and Credibility,https://mediabiasfactcheck.com/townhall/,www.townhall.com,right,mixed,low credibility
Triangle News – Bias and Credibility,https://mediabiasfactcheck.com/triangle-news-bias/,www.trianglenews.org,left-center,mixed,low credibility
Stacker – Bias and Credibility,https://mediabiasfactcheck.com/stacker-bias/,www.stacker.com,center,high,high credibility
Stars and Stripes – Bias and Credibility,https://mediabiasfactcheck.com/stars-and-stripes/,www.stripes.com,center,high,high credibility
Tuscaloosa Leader – Bias and Credibility,https://mediabiasfactcheck.com/tuscaloosa-leader/,www.tuscaloosaleader.com,right-center,mixed,low credibility
StrategyPage – Bias and Credibility,https://mediabiasfactcheck.com/strategypage/,www.strategypage.com,center,high,high credibility
Upper Delta News – Bias and Credibility,https://mediabiasfactcheck.com/upper-delta-news/,www.upperdeltanews.com,right-center,mixed,low credibility
TechSpot – Bias and Credibility,https://mediabiasfactcheck.com/techspot-bias/,www.techspot.com,center,high,high credibility
That’s Nonsense – Bias and Credibility,https://mediabiasfactcheck.com/thats-nonsense/,www.thatsnonsense.com,center,high,high credibility
Battlefords News Optimist – Bias and Credibility,https://mediabiasfactcheck.com/battlefords-news-optimist/,www.sasktoday.ca,center,high,high credibility
Washington Sources – Bias and Credibility,https://mediabiasfactcheck.com/washington-sources/,www.washingtonsources.org,left-center,mixed,low credibility
WayneDupree.com – Bias and Credibility,https://mediabiasfactcheck.com/waynedupree-com/,www.waynedupree.com,extreme-right,low,low credibility
WC Missouri News – Bias and Credibility,https://mediabiasfactcheck.com/wc-missouri-news-bias/,www.wcmissourinews.com,right-center,mixed,low credibility
The Herald-Dispatch – Bias and Credibility,https://mediabiasfactcheck.com/the-herald-dispatch/,www.herald-dispatch.com,center,high,high credibility
The Jordan Times – Bias and Credibility,https://mediabiasfactcheck.com/the-jordan-times/,www.jordantimes.com,center,mixed,medium credibility
News Facts Network (NFN) – Bias and Credibility,https://mediabiasfactcheck.com/news-facts-network-nfn/,www.no url available,center,very_high,high credibility
NewsNet (newsnetmedia.com) – Bias and Credibility,https://mediabiasfactcheck.com/newsnet-yournewsnet-com/,www.newsnetmedia.com,center,high,high credibility
Speech Point – Bias and Credibility,https://mediabiasfactcheck.com/speech-point/,www.speech-point.com,extreme-right,low,low credibility
Norristown Times-Herald – Bias and Credibility,https://mediabiasfactcheck.com/norristown-times-herald-bias/,www.timesherald.com,center,high,high credibility
Sunshine Sentinel – Bias and Credibility,https://mediabiasfactcheck.com/sunshine-sentinel/,www.sunshinesentinel.com,right-center,mixed,low credibility
SW Alaska News – Bias and Credibility,https://mediabiasfactcheck.com/sw-alaska-news/,www.swalaskanews.com,right-center,mixed,low credibility
Oregon Republican Reporter – Bias and Credibility,https://mediabiasfactcheck.com/oregon-republican-reporter-bias/,www.shawlocal.com,center,high,high credibility
Ottawa Herald (Kansas) – Bias and Credibility,https://mediabiasfactcheck.com/ottawa-herald-kansas-bias/,www.ottawaherald.com,center,high,high credibility
SW Valley Times – Bias and Credibility,https://mediabiasfactcheck.com/sw-valley-times/,www.swvalleytimes.com,right-center,mixed,low credibility
Taki’s Magazine – Bias and Credibility,https://mediabiasfactcheck.com/takis-magazine/,www.takimag.com,extreme-right,low,low credibility
Plano Record – Bias and Credibility,https://mediabiasfactcheck.com/plano-record-bias/,www.shawlocal.com,center,high,high credibility
Polygraph.info – Bias and Credibility,https://mediabiasfactcheck.com/polygraph-info/,www.polygraph.info,center,high,high credibility
The Blue State Conservative – Bias and Credibility,https://mediabiasfactcheck.com/the-blue-state-conservative-bias/,www.thebluestateconservative.com,right,low,low credibility
The Conservative Central – Bias and Credibility,https://mediabiasfactcheck.com/the-conservative-central/,www.theconservativecentral.com,extreme-right,low,low credibility
Punta Gorda Sun – Bias and Credibility,https://mediabiasfactcheck.com/punta-gorda-sun-bias/,www.yoursun.com,center,high,high credibility
The Federalist – Bias and Credibility,https://mediabiasfactcheck.com/the-federalist/,www.thefederalist.com,right,mixed,low credibility
The Free Telegraph – Bias and Credibility,https://mediabiasfactcheck.com/the-free-telegraph/,www.freetelegraph.com,right,mixed,low credibility
Reporters Without Borders – Bias and Credibility,https://mediabiasfactcheck.com/reporters-without-borders/,www.rsf.org,center,high,high credibility
The Liberty Daily – Bias and Credibility,https://mediabiasfactcheck.com/the-liberty-daily/,www.thelibertydaily.com,extreme-right,mixed,low credibility
RocaNews – Bias and Credibility,https://mediabiasfactcheck.com/rocanews/,www.rocanews.com,center,mostly,medium credibility
Russia Matters – Bias and Credibility,https://mediabiasfactcheck.com/russia-matters-bias/,www.russiamatters.org,center,no factual reporting rating,high credibility
The Published Reporter – Bias and Credibility,https://mediabiasfactcheck.com/the-published-reporter-bias/,www.publishedreporter.com,extreme-right,low,low credibility
Sarasota Observer – Bias and Credibility,https://mediabiasfactcheck.com/sarasota-observer-bias/,www.yourobserver.com,center,high,high credibility
Scottsbluff Star-Herald – Bias and Credibility,https://mediabiasfactcheck.com/scottsbluff-star-herald-bias/,www.starherald.com,center,high,high credibility
Shareably – Bias and Credibility,https://mediabiasfactcheck.com/shareably/,www.shareably.net,center,mixed,medium credibility
Simple Politics – Bias and Credibility,https://mediabiasfactcheck.com/simple-politics/,www.simplepolitics.co.uk,center,high,high credibility
ToddStarnes.com – Bias and Credibility,https://mediabiasfactcheck.com/toddstarnes-com/,www.toddstarnes.com,extreme-right,mixed,low credibility
Treasure Valley Times – Bias and Credibility,https://mediabiasfactcheck.com/treasure-valley-times/,www.treasurevalleytimes.com,right-center,mixed,low credibility
Spectrum News – NY1 – Bias and Credibility,https://mediabiasfactcheck.com/spectrum-news-ny1/,www.ny1.com,center,high,high credibility
St. James Plaindealer – Bias and Credibility,https://mediabiasfactcheck.com/st-james-plaindealer-bias/,www.stjamesnews.com,center,high,high credibility
Statista – Bias and Credibility,https://mediabiasfactcheck.com/statista/,www.statista.com,center,high,high credibility
Unite America First – Bias and Credibility,https://mediabiasfactcheck.com/unite-america-first/,www.uniteamericafirst.com,extreme-right,low,low credibility
US Backlash – Bias and Credibility,https://mediabiasfactcheck.com/us-backlash/,www.usbacklash.org,extreme-right,VeryLow,low credibility
Teton Valley News – Bias and Credibility,https://mediabiasfactcheck.com/teton-valley-news-bias/,www.tetonvalleynews.net,center,high,high credibility
The Australian Financial Review – Bias and Credibility,https://mediabiasfactcheck.com/the-australian-financial-review/,www.afr.com,center,high,high credibility
The Canadian Press – Bias and Credibility,https://mediabiasfactcheck.com/the-canadian-press/,www.thecanadianpress.com,center,high,high credibility
The Daily Gazette – Bias and Credibility,https://mediabiasfactcheck.com/the-daily-gazette/,www.dailygazette.com,center,high,high credibility
WC Minnesota News – Bias and Credibility,https://mediabiasfactcheck.com/wc-minnesota-news-bias/,www.wcminnesotanews.com,right-center,mixed,low credibility
The Herald Journal (Utah) – Bias and Credibility,https://mediabiasfactcheck.com/the-herald-journal-utah/,www.hjnews.com,center,high,high credibility
West Central Alabama News – Bias and Credibility,https://mediabiasfactcheck.com/west-central-alabama-news/,www.wcalabamanews.com,right-center,mixed,low credibility
West DSM News – Bias and Credibility,https://mediabiasfactcheck.com/west-dsm-news-bias/,www.westdsmnews.com,right-center,mixed,low credibility
West Indy News – Bias and Credibility,https://mediabiasfactcheck.com/west-indy-news-bias/,www.westindynews.com,right-center,mixed,low credibility
West Pennyroyal News – Bias and Credibility,https://mediabiasfactcheck.com/west-pennyroyal-news-bias/,www.westpennyroyalnews.com,right-center,mixed,low credibility
The Northern Echo – Bias and Credibility,https://mediabiasfactcheck.com/the-northern-echo-bias/,www.thenorthernecho.co.uk,center,high,high credibility
Sumter Times – Bias and Credibility,https://mediabiasfactcheck.com/sumter-times/,www.auburntimes.com,right-center,mixed,low credibility
Sussex Review – Bias and Credibility,https://mediabiasfactcheck.com/sussex-review/,www.sussexreview.com,right-center,mixed,low credibility
Opelika Auburn News – Bias and Credibility,https://mediabiasfactcheck.com/opelika-auburn-news/,www.oanow.com,center,high,high credibility
SW Indiana News – Bias and Credibility,https://mediabiasfactcheck.com/sw-indiana-news-bias/,www.swindiananews.com,right-center,mixed,low credibility
SW New Hampshire News – Bias and Credibility,https://mediabiasfactcheck.com/sw-new-hampshire-news-bias/,www.swnewhampshirenews.com,right-center,mixed,low credibility
Syriana Analysis – Bias and Credibility,https://mediabiasfactcheck.com/syriana-analysis/,www.syriana-analysis.com,left,mixed,low credibility
Tasnim News Agency – Bias and Credibility,https://mediabiasfactcheck.com/tasnim-news-agency/,www.tasnimnews.com,right,mixed,low credibility
TeleSUR – Bias and Credibility,https://mediabiasfactcheck.com/telesur/,www.telesurenglish.net,left,mixed,low credibility
Postville Herald – Bias and Credibility,https://mediabiasfactcheck.com/postville-herald-bias/,www.postvilleherald.com,center,high,high credibility
The Buffalo Chronicle – Bias and Credibility,https://mediabiasfactcheck.com/the-buffalo-chronicle/,www.buffalochronicle.com,extreme-right,mixed,low credibility
Public Religion Research Institute (PRRI) – Bias and Credibility,https://mediabiasfactcheck.com/public-religion-research-institute-prri/,www.prri.org,center,very high,no credibility rating available
The Economic Times – Bias and Credibility,https://mediabiasfactcheck.com/the-economic-times/,economictimes.indiatimes.com,right-center,mixed,low credibility
The Florida Standard – Bias and Credibility,https://mediabiasfactcheck.com/the-florida-standard-bias/,www.theflstandard.com,right,mixed,low credibility
The Hayride – Bias and Credibility,https://mediabiasfactcheck.com/the-hayride/,www.thehayride.com,extreme-right,low,low credibility
The Last Resistance – Bias and Credibility,https://mediabiasfactcheck.com/the-last-resistance/,www.lastresistance.com,extreme-right,low,no credibility rating available
RNZ (Radio New Zealand) – Bias and Credibility,https://mediabiasfactcheck.com/rnz-radio-new-zealand-bias/,www.rnz.co.nz,center,high,high credibility
The National (UAE) – Bias and Credibility,https://mediabiasfactcheck.com/the-national-uae/,www.thenationalnews.com,right-center,mixed,low credibility
The Post & Email – Bias and Credibility,https://mediabiasfactcheck.com/the-post-email/,www.thepostemail.com,right,mixed,low credibility
SanTan Sun News – Bias and Credibility,https://mediabiasfactcheck.com/santan-sun-news-bias/,www.santansun.com,center,high,high credibility
Science Debate – Bias and Credibility,https://mediabiasfactcheck.com/science-debate/,www.sciencedebate.org,center,very high,no credibility rating available
Scranton Times-Tribune – Bias and Credibility,https://mediabiasfactcheck.com/scranton-times-tribune-bias/,www.thetimes-tribune.com,center,high,high credibility
Shreveport Times – Bias and Credibility,https://mediabiasfactcheck.com/shreveport-times/,www.shreveporttimes.com,center,high,high credibility
SmartNews – Bias and Credibility,https://mediabiasfactcheck.com/smartnews/,www.smartnews.com,center,mixed,medium credibility
Treasure Coast Sun – Bias and Credibility,https://mediabiasfactcheck.com/treasure-coast-sun/,www.treasurecoastsun.com,right-center,mixed,low credibility
Spectrum News Local – Bias and Credibility,https://mediabiasfactcheck.com/spectrum-news-bias/,www.spectrumlocalnews.com,center,high,high credibility
Truth and Action – Bias and Credibility,https://mediabiasfactcheck.com/truth-and-action/,www.truthandaction.org,extreme-right,low,low credibility
Turning Point USA – Bias and Credibility,https://mediabiasfactcheck.com/turning-point-usa/,www.tpusa.com,right,low,low credibility
Union County Review – Bias and Credibility,https://mediabiasfactcheck.com/union-county-review-bias/,www.unioncountyreview.com,right-center,mixed,low credibility
Upper Peninsula Times – Bias and Credibility,https://mediabiasfactcheck.com/upper-peninsula-times-bias/,www.upperpeninsulatimes.com,left-center,mixed,low credibility
USSA News – Bias and Credibility,https://mediabiasfactcheck.com/ussa-news/,www.ussanews.com,extreme-right,low,low credibility
The Auburn Citizen – Bias and Credibility,https://mediabiasfactcheck.com/the-auburn-citizen/,www.auburnpub.com,center,high,high credibility
Warner Robins Today – Bias and Credibility,https://mediabiasfactcheck.com/warner-robins-today/,www.warnerrobinstoday.com,right-center,mixed,low credibility
Waterford Today – Bias and Credibility,https://mediabiasfactcheck.com/waterford-today-bias/,www.waterfordtoday.com,right-center,mixed,low credibility
WC Iowa News – Bias and Credibility,https://mediabiasfactcheck.com/wc-iowa-news/,www.wciowanews.com,right-center,mixed,low credibility
Wealth Management Wire – Bias and Credibility,https://mediabiasfactcheck.com/wealth-management-wire-bias/,www.wealthmanagementwire.com,right-center,mixed,low credibility
The Hill – Bias and Credibility,https://mediabiasfactcheck.com/the-hill/,www.thehill.com,center,mostly,high credibility
Journal Standard – Bias and Credibility,https://mediabiasfactcheck.com/journal-standard/,www.journalstandard.com,center,high,high credibility
The Meme Policeman – Bias and Credibility,https://mediabiasfactcheck.com/the-meme-policeman/,www.memepoliceman.com,center,mostly,high credibility
West Massachusetts News – Bias and Credibility,https://mediabiasfactcheck.com/west-massachusetts-news-bias/,www.westmassnews.com,right-center,mixed,low credibility
West STL News – Bias and Credibility,https://mediabiasfactcheck.com/west-stl-news-bias/,www.stlwestnews.com,right-center,mixed,low credibility
WhatRegistrater.com (Fake Fox News) – Bias and Credibility,https://mediabiasfactcheck.com/whatregistrater-com-fake-fox-news/,www.whatregistrater.com,No media bias rating,VeryLow,low credibility
The Salinas Californian – Bias and Credibility,https://mediabiasfactcheck.com/the-salinas-californian-bias/,www.thecalifornian.com,center,high,high credibility
Women’s Rights News – Bias and Credibility,https://mediabiasfactcheck.com/womens-rights-news/,www.facebook.com,No media bias rating,mixed,low credibility
Wyandotte Times – Bias and Credibility,https://mediabiasfactcheck.com/wyandotte-times-bias/,www.wyandottetimes.com,right-center,mixed,low credibility
Tama-Toledo News Chronicle – Bias and Credibility,https://mediabiasfactcheck.com/tama-toledo-news-chronicle/,www.tamatoledonews.com,center,high,high credibility
Patriot Front (formerly Vanguard America) – Bias and Credibility,https://mediabiasfactcheck.com/vanguard-america/,www.patriotfront.us,extreme-right,very_low,low credibility
Viral Cocaine – Bias and Credibility,https://mediabiasfactcheck.com/viral-cocaine/,www.viralcocaine.com,No media bias rating,low,low credibility
Virginia Star – Bias and Credibility,https://mediabiasfactcheck.com/virginia-star-bias/,www.thevirginiastar.com,right,mixed,low credibility
The Centre for Economic Policy Research (CEPR) – Bias and Credibility,https://mediabiasfactcheck.com/the-centre-for-economic-policy-research-cepr-bias/,www.cepr.org,center,high,high credibility
The Dekalb Daily Chronicle – Bias and Credibility,https://mediabiasfactcheck.com/the-daily-chronicle/,www.daily-chronicle.com,center,high,high credibility
The Debrief – Bias and Credibility,https://mediabiasfactcheck.com/the-debrief-bias/,www.thedebrief.org,center,mostly,high credibility
The Flip Side – Bias and Credibility,https://mediabiasfactcheck.com/the-flip-side/,www.theflipside.io,center,high,high credibility
Westbank Louisiana News – Bias and Credibility,https://mediabiasfactcheck.com/westbank-louisiana-news-bias/,www.westbanklanews.com,right-center,mixed,low credibility
West Cook News – Bias and Credibility,https://mediabiasfactcheck.com/west-cook-news-bias/,www.westcooknews.com,right-center,mixed,low credibility
West Florida News – Bias and Credibility,https://mediabiasfactcheck.com/west-florida-news/,www.westflnews.com,right-center,mixed,low credibility
The Morning Call – Bias and Credibility,https://mediabiasfactcheck.com/the-morning-call/,www.mcall.com,center,high,high credibility
West SGV News – Bias and Credibility,https://mediabiasfactcheck.com/west-sgv-news/,www.westsgvnews.com,right-center,mixed,low credibility
The Post Star – Bias and Credibility,https://mediabiasfactcheck.com/the-post-star/,www.poststar.com,center,high,high credibility
The Republic (Indiana) – Bias and Credibility,https://mediabiasfactcheck.com/the-republic-indiana/,www.therepublic.com,center,high,high credibility
The Sentinel (Pennsylvania) – Bias and Credibility,https://mediabiasfactcheck.com/the-sentinel-pennsylvania/,www.cumberlink.com,center,high,high credibility
The Star Democrat – Bias and Credibility,https://mediabiasfactcheck.com/the-star-democrat/,www.stardem.com,center,high,high credibility
Xinhua English – Bias and Credibility,https://mediabiasfactcheck.com/xinhua-english/,www.news.cn,No media bias rating,mixed,low credibility
The Waterloo-Cedar Falls Courier – Bias and Credibility,https://mediabiasfactcheck.com/the-waterloo-cedar-falls-courier/,www.wcfcourier.com,center,high,high credibility
Yuba-Sutter Times – Bias and Credibility,https://mediabiasfactcheck.com/yuba-sutter-times/,www.yubasuttertimes.com,right-center,mixed,low credibility
Actuators Journal – Bias and Credibility,https://mediabiasfactcheck.com/actuators-journal-bias/,www.mdpi.com,pro-science,mostly,medium credibility
Agriculture Journal – Bias and Credibility,https://mediabiasfactcheck.com/agriculture-journal-bias/,www.mdpi.com,pro-science,mostly,medium credibility
Air & Space Magazine – Bias and Credibility,https://mediabiasfactcheck.com/air-space-magazine/,www.airspacemag.com,pro-science,very high,high credibility
United Press International (UPI) – Bias and Credibility,https://mediabiasfactcheck.com/united-press-international-upi/,www.upi.com,center,high,high credibility
USHistory.org – The Independence Hall Association (IHA) – Bias and Credibility,https://mediabiasfactcheck.com/ushistory-org-the-independence-hall-association-iha-bias/,www.ushistory.org,center,high,high credibility
Venice Gondolier Sun – Bias and Credibility,https://mediabiasfactcheck.com/venice-gondolier-sun-bias/,www.yoursun.com,center,high,high credibility
American Scientist – Bias and Credibility,https://mediabiasfactcheck.com/american-scientist/,www.americanscientist.org,pro-science,very high,high credibility
Anxiety and Depression Association of America (ADAA) – Bias and Credibility,https://mediabiasfactcheck.com/anxiety-and-depression-association-of-america-adaa/,www.adaa.org,pro-science,very high,high credibility
AppliedChem Journal – Bias and Credibility,https://mediabiasfactcheck.com/appliedchem-journal-bias/,www.mdpi.com,pro-science,mostly,medium credibility
WANE – Fort Wayne News – Bias and Credibility,https://mediabiasfactcheck.com/wane-fort-wayne-news-bias/,www.wane.com,center,high,high credibility
Arthropoda Journal – Bias and Credibility,https://mediabiasfactcheck.com/arthropoda-journal-bias/,www.mdpi.com,pro-science,mostly,medium credibility
Audiology Research Journal – Bias and Credibility,https://mediabiasfactcheck.com/audiology-research-journal-bias/,www.mdpi.com,pro-science,mostly,medium credibility
Bacteria Journal – Bias and Credibility,https://mediabiasfactcheck.com/bacteria-journal-bias/,www.mdpi.com,pro-science,mostly,medium credibility
WBRE/WYOU Eyewitness News – Bias and Credibility,https://mediabiasfactcheck.com/wbre-wyou-eyewitness-news-bias/,www.pahomepage.com,center,high,high credibility
BioMed Central (BMC) – Bias and Credibility,https://mediabiasfactcheck.com/biomed-central-bmc/,www.biomedcentral.com,pro-science,mostly,medium credibility
WCTV Eyewitness News – Bias and Credibility,https://mediabiasfactcheck.com/wctv-eyewitness-news/,www.wctv.tv,center,high,high credibility
WDBJ – Roanoke – Bias and Credibility,https://mediabiasfactcheck.com/wdbj-roanoke/,www.wdbj7.com,center,high,high credibility
Cell Chemical Biology Journal – Bias and Credibility,https://mediabiasfactcheck.com/cell-chemical-biology-journal-credibility/,www.cell.com,pro-science,high,high credibility
Cell Metabolism Journal – Bias and Credibility,https://mediabiasfactcheck.com/cell-metabolism-journal-bias/,www.cell.com,pro-science,high,high credibility
Cell Systems Journal – Bias and Credibility,https://mediabiasfactcheck.com/cell-systems-journal-bias/,www.cell.com,pro-science,high,high credibility
Western Mass News – Bias and Credibility,https://mediabiasfactcheck.com/western-mass-news/,www.westernmassnews.com,center,high,high credibility
Cochrane – Bias and Credibility,https://mediabiasfactcheck.com/cochrane/,www.cochrane.org,pro-science,very high,high credibility
War On Fakes – Bias and Credibility,https://mediabiasfactcheck.com/war-on-fakes-bias/,www.waronfakes.com,right,VeryLow,low credibility
Washoe News – Bias and Credibility,https://mediabiasfactcheck.com/washoe-news-bias/,www.washoenews.com,right-center,mixed,low credibility
WC Indiana News – Bias and Credibility,https://mediabiasfactcheck.com/wc-indiana-news-bias/,www.wcindiananews.com,right-center,mixed,low credibility
WC New Mexico News – Bias and Credibility,https://mediabiasfactcheck.com/wc-new-mexico-news-bias/,www.wcnewmexiconews.com,right-center,mixed,low credibility
"The Herald-Sun (Durham, North Carolina) – Bias and Credibility",https://mediabiasfactcheck.com/the-herald-sun-durham-north-carolina/,www.heraldsun.com,center,high,high credibility
West Contra Costa News – Bias and Credibility,https://mediabiasfactcheck.com/west-contra-costa-news/,www.westcontracostanews.com,right-center,mixed,low credibility
The Marshall Project – Bias and Credibility,https://mediabiasfactcheck.com/the-marshall-project/,www.themarshallproject.org,center,high,high credibility
West LA Times – Bias and Credibility,https://mediabiasfactcheck.com/west-la-times/,www.westlatimes.com,right-center,mixed,low credibility
The News (Mexico City) – Bias and Credibility,https://mediabiasfactcheck.com/the-news-mexico-city/,www.thenews.mx,center,mostly,medium credibility
The Post and Courier – Bias and Credibility,https://mediabiasfactcheck.com/the-post-and-courier/,www.postandcourier.com,center,high,high credibility
What’s the Harm – Bias and Credibility,https://mediabiasfactcheck.com/whats-the-harm/,www.whatstheharm.net,No media bias rating,mixed,low credibility
Wiregrass Times – Bias and Credibility,https://mediabiasfactcheck.com/wiregrass-times/,www.wiregrasstimes.com,right-center,mixed,low credibility
The Smoking Gun – Bias and Credibility,https://mediabiasfactcheck.com/the-smoking-gun/,www.thesmokinggun.com,center,high,high credibility
World News – Bias and Credibility,https://mediabiasfactcheck.com/world-news/,www.wn.com,center,mixed,low credibility
Xinhua News Agency – Bias and Credibility,https://mediabiasfactcheck.com/xinhua-news-agency/,www.xinhuanet.com,No media bias rating,mixed,low credibility
The Wildwood Independent – Bias and Credibility,https://mediabiasfactcheck.com/the-wildwood-independent-bias/,www.theunion.com,center,high,high credibility
Yucatan Post – Bias and Credibility,https://mediabiasfactcheck.com/yucatan-post-bias/,www.theyucatanpost.com,left-center,mixed,low credibility
Administrative Sciences Journal – Bias and Credibility,https://mediabiasfactcheck.com/administrative-sciences-journal-bias/,www.mdpi.com,pro-science,mostly,medium credibility
AgriEngineering Journal – Bias and Credibility,https://mediabiasfactcheck.com/agriengineering-journal-bias/,www.mdpi.com,pro-science,mostly,medium credibility
Air Journal – Bias and Credibility,https://mediabiasfactcheck.com/air-journal-bias/,www.mdpi.com,pro-science,mostly,medium credibility
Alzheimer’s Research & Therapy – Bias and Credibility,https://mediabiasfactcheck.com/alzheimers-research-therapy-bias/,alzres.biomedcentral.com,pro-science,high,high credibility
American Journal of Archaeology – Bias and Credibility,https://mediabiasfactcheck.com/american-journal-of-archaeology/,www.ajaonline.org,pro-science,very high,high credibility
American Physical Society (APS) – Bias and Credibility,https://mediabiasfactcheck.com/american-physical-society-aps/,www.aps.org,pro-science,very high,high credibility
Vote Smart – Bias and Credibility,https://mediabiasfactcheck.com/votesmart/,justfacts.votesmart.org,center,high,high credibility
Antibodies Journal – Bias and Credibility,https://mediabiasfactcheck.com/antibodies-journal-bias/,www.mdpi.com,pro-science,mostly,medium credibility
WALA – Mobile News – Bias and Credibility,https://mediabiasfactcheck.com/wala-mobile-news-bias/,www.fox10tv.com,center,high,high credibility
Aquaculture Journal – Bias and Credibility,https://mediabiasfactcheck.com/aquaculture-journal-bias/,www.mdpi.com,pro-science,mostly,medium credibility
WATN – Memphis News – Bias and Credibility,https://mediabiasfactcheck.com/watn-memphis-news-bias/,www.localmemphis.com,center,high,high credibility
WBAY Action 2 News – Bias and Credibility,https://mediabiasfactcheck.com/wbay-action-2-news/,www.wbay.com,center,high,high credibility
Batteries Journal – Bias and Credibility,https://mediabiasfactcheck.com/batteries-journal-bias/,www.mdpi.com,pro-science,mostly,medium credibility
WBTW – Myrtle Beach News – Bias and Credibility,https://mediabiasfactcheck.com/wbtw-myrtle-beach-news-bias/,www.wbtw.com,center,high,high credibility
Biotechnology Innovation Organization (BIO) – Bias and Credibility,https://mediabiasfactcheck.com/biotechnology-innovation-organization-bio/,www.bio.org,pro-science,very high,high credibility
BMC Pharmacology and Toxicology – Bias and Credibility,https://mediabiasfactcheck.com/bmc-pharmacology-and-toxicology-bias/,bmcpharmacoltoxicol.biomedcentral.com,pro-science,high,high credibility
WDHN – Dothan News – Bias and Credibility,https://mediabiasfactcheck.com/wdhn-dothan-news-bias/,www.wdhn.com,center,high,high credibility
Cell Genomics Journal – Bias and Credibility,https://mediabiasfactcheck.com/cell-genomics-journal-bias/,www.cell.com,pro-science,high,high credibility
Cell Reports Methods – Bias and Credibility,https://mediabiasfactcheck.com/cell-reports-methods-bias/,www.cell.com,pro-science,high,high credibility
Chem Journal – Bias and Credibility,https://mediabiasfactcheck.com/chem-journal-bias/,www.cell.com,pro-science,high,high credibility
WETM – Elmira News – Bias and Credibility,https://mediabiasfactcheck.com/wetm/,www.mytwintiers.com,center,high,high credibility
WFAA – Dallas News – Bias and Credibility,https://mediabiasfactcheck.com/wfaa-dallas-news-bias/,www.wfaa.com,center,high,high credibility
Device Journal – Bias and Credibility,https://mediabiasfactcheck.com/device-journal-bias/,www.cell.com,pro-science,high,high credibility
Encyclopedia Britannica – Bias and Credibility,https://mediabiasfactcheck.com/encyclopedia-britannica/,www.britannica.com,pro-science,high,high credibility
Frontiers Media – Bias and Credibility,https://mediabiasfactcheck.com/frontiers/,www.frontiersin.org,pro-science,mostly,high credibility
WGGB – Springfield News – Bias and Credibility,https://mediabiasfactcheck.com/wggb-springfield-news-bias/,www.westernmassnews.com,center,high,high credibility
War Room (Steve Bannon) – Bias and Credibility,https://mediabiasfactcheck.com/war-room-steve-bannon-bias/,www.warroom.org,extreme-right,VeryLow,low credibility
Waterloo Times – Bias and Credibility,https://mediabiasfactcheck.com/waterloo-times-bias/,www.waterlootimes.com,right-center,mixed,low credibility
The Defcon Warning System – Bias and Credibility,https://mediabiasfactcheck.com/defcon-warning-system/,www.defconwarningsystem.com,center,high,high credibility
We Love Trump – Bias and Credibility,https://mediabiasfactcheck.com/we-love-trump/,www.no url available,extreme-right,VeryLow,low credibility
The Jefferson Star – Bias and Credibility,https://mediabiasfactcheck.com/the-jefferson-star-bias/,www.postregister.com,center,high,high credibility
The Manual – Bias and Credibility,https://mediabiasfactcheck.com/the-manual-bias/,www.themanual.com,center,high,high credibility
Western Journal – Bias and Credibility,https://mediabiasfactcheck.com/western-journalism/,www.westernjournal.com,right,mixed,low credibility
The Newton Kansan – Bias and Credibility,https://mediabiasfactcheck.com/the-newton-kansan-bias/,www.thekansan.com,center,high,high credibility
The Outlook (Monmouth University) – Bias and Credibility,https://mediabiasfactcheck.com/the-outlook-monmouth-university/,outlook.monmouth.edu,center,high,high credibility
Wichita Standard – Bias and Credibility,https://mediabiasfactcheck.com/wichita-standard-bias/,www.wichitastandard.com,right-center,mixed,low credibility
The Saratogian – Bias and Credibility,https://mediabiasfactcheck.com/the-saratogian-bias/,www.saratogian.com,center,high,high credibility
Women are Human – Bias and Credibility,https://mediabiasfactcheck.com/women-are-human/,www.womenarehuman.com,right,mixed,low credibility
"The Times (Ottawa, Illinois) – Bias and Credibility",https://mediabiasfactcheck.com/the-times-ottawa-illinois-bias/,www.shawlocal.com,center,high,high credibility
Yellowhammer Times – Bias and Credibility,https://mediabiasfactcheck.com/yellowhammer-times/,www.yellowhammertimes.com,right-center,mixed,low credibility
YourContent – Bias and Credibility,https://mediabiasfactcheck.com/yourcontent/,www.yc.news,right,mixed,low credibility
Today I Found Out – Bias and Credibility,https://mediabiasfactcheck.com/today-i-found-out/,www.todayifoundout.com,center,high,high credibility
Aerospace Journal – Bias and Credibility,https://mediabiasfactcheck.com/aerospace-journal-bias/,www.mdpi.com,pro-science,mostly,medium credibility
Tucson Desert Times – Bias and Credibility,https://mediabiasfactcheck.com/tucson-desert-times-bias/,www.tucsonlocalmedia.com,center,high,high credibility
Allergies Journal – Bias and Credibility,https://mediabiasfactcheck.com/allergies-journal-bias/,www.mdpi.com,pro-science,mostly,medium credibility
USA Spending – Bias and Credibility,https://mediabiasfactcheck.com/usa-spending/,www.usaspending.gov,center,very high,high credibility
Vail Daily – Bias and Credibility,https://mediabiasfactcheck.com/vail-daily-bias/,www.vaildaily.com,center,high,high credibility
VERIFY Fact Check – Bias and Credibility,https://mediabiasfactcheck.com/verify-fact-check-bias/,www.verifythis.com,center,high,high credibility
Anatomia Journal – Bias and Credibility,https://mediabiasfactcheck.com/anatomia-journal-credibility/,www.mdpi.com,pro-science,mostly,medium credibility
WAFF – Huntsville – Bias and Credibility,https://mediabiasfactcheck.com/waff-huntsville/,www.waff.com,center,high,high credibility
WAND – Decatur News – Bias and Credibility,https://mediabiasfactcheck.com/wand-decatur-news/,www.wandtv.com,center,high,high credibility
War on the Rocks – Bias and Credibility,https://mediabiasfactcheck.com/war-on-the-rocks/,www.warontherocks.com,center,high,high credibility
Atmosphere Journal – Bias and Credibility,https://mediabiasfactcheck.com/atmosphere-journal-bias/,www.mdpi.com,pro-science,mostly,medium credibility
Automation Journal – Bias and Credibility,https://mediabiasfactcheck.com/automation-journal-bias/,www.mdpi.com,pro-science,mostly,medium credibility
Behavioral and Brain Functions Journal – Bias and Credibility,https://mediabiasfactcheck.com/behavioral-and-brain-functions-journal-credibility/,behavioralandbrainfunctions.biomedcentral.com,pro-science,high,high credibility
Biomarker Research Journal – Bias and Credibility,https://mediabiasfactcheck.com/biomarker-research-journal-bias/,biomarkerres.biomedcentral.com,pro-science,high,high credibility
BMC Immunology Journal – Bias and Credibility,https://mediabiasfactcheck.com/bmc-immunology-journal-bias/,bmcimmunol.biomedcentral.com,pro-science,high,high credibility
BMC Research Notes – Bias and Credibility,https://mediabiasfactcheck.com/bmc-research-notes-bias/,bmcresnotes.biomedcentral.com,pro-science,high,high credibility
WDIO – Duluth News – Bias and Credibility,https://mediabiasfactcheck.com/wdio-duluth-news-bias/,www.wdio.com,center,high,high credibility
Cell Host & Microbe Journal – Bias and Credibility,https://mediabiasfactcheck.com/cell-host-microbe-journal-bias/,www.cell.com,pro-science,high,high credibility
WEEK – Peoria News – Bias and Credibility,https://mediabiasfactcheck.com/week-peoria-news-bias/,www.25newsnow.com,center,high,high credibility
West Chester Daily Local News – Bias and Credibility,https://mediabiasfactcheck.com/west-chester-daily-news-bias/,www.dailylocal.com,center,high,high credibility
Climate Science and Policy Watch – Bias and Credibility,https://mediabiasfactcheck.com/climate-science-and-policy-watch/,www.climatesciencewatch.org,pro-science,high,high credibility
WFFF – Burlington News – Bias and Credibility,https://mediabiasfactcheck.com/wfff-burlington-news-bias/,www.mychamplainvalley.com,center,high,high credibility
Disability Scoop – Bias and Credibility,https://mediabiasfactcheck.com/disability-scoop/,www.disabilityscoop.com,pro-science,high,high credibility
WFSB – Hartford News – Bias and Credibility,https://mediabiasfactcheck.com/wfsb-hartford-news-bias/,www.wfsb.com,center,high,high credibility
WFXT – Boston News – Bias and Credibility,https://mediabiasfactcheck.com/wfxt-boston-news-bias/,www.boston25news.com,center,high,high credibility
Frontiers in Allergy – Bias and Credibility,https://mediabiasfactcheck.com/frontiers-in-allergy-bias/,www.frontiersin.org,pro-science,mostly,high credibility
Frontiers in Antibiotics – Bias and Credibility,https://mediabiasfactcheck.com/frontiers-in-antibiotics-credibility/,www.frontiersin.org,pro-science,mostly,high credibility
The Cipher Brief – Bias and Credibility,https://mediabiasfactcheck.com/the-cipher-brief/,www.thecipherbrief.com,center,high,high credibility
The Daily News (Longview) – Bias and Credibility,https://mediabiasfactcheck.com/the-daily-news-longview/,www.tdn.com,center,high,high credibility
The Diplomat Magazine – Bias and Credibility,https://mediabiasfactcheck.com/the-diplomat-magazine/,www.thediplomat.com,center,high,high credibility
Weibo – Bias and Credibility,https://mediabiasfactcheck.com/weibo-bias/,www.weibo.com,No media bias rating,mixed,low credibility
The Jamestown Foundation – Bias and Credibility,https://mediabiasfactcheck.com/the-jamestown-foundation/,www.jamestown.org,center,high,high credibility
The Macon Telegraph – Bias and Credibility,https://mediabiasfactcheck.com/the-macon-telegraph/,www.macon.com,center,high,high credibility
West Hillsborough News – Bias and Credibility,https://mediabiasfactcheck.com/west-hillsborough-news/,www.westhillsboroughnews.com,right-center,mixed,low credibility
The Morning News – Bias and Credibility,https://mediabiasfactcheck.com/the-morning-news-bias/,www.scnow.com,center,high,high credibility
The News Literacy Project – Bias and Credibility,https://mediabiasfactcheck.com/news-literacy-project/,www.newslit.org,center,high,high credibility
Whatfinger – Bias and Credibility,https://mediabiasfactcheck.com/whatfinger/,www.whatfinger.com,extreme-right,low,low credibility
The Republican (Masslive.com) – Bias and Credibility,https://mediabiasfactcheck.com/republican-masslive-springfield-bias-rating/,www.masslive.com,center,high,high credibility
WND News Center – Bias and Credibility,https://mediabiasfactcheck.com/wnd-news-center-bias/,www.wndnewscenter.org,extreme-right,low,low credibility
World Net Daily (WND) – Bias and Credibility,https://mediabiasfactcheck.com/world-net-daily-wnd/,www.wnd.com,extreme-right,low,low credibility
The Town Talk – Bias and Credibility,https://mediabiasfactcheck.com/the-town-talk/,www.thetowntalk.com,center,high,high credibility
Yellowstone Times – Bias and Credibility,https://mediabiasfactcheck.com/yellowstone-times-bias/,www.yellowstonetimes.com,right-center,mixed,low credibility
THV11 – Little Rock News – Bias and Credibility,https://mediabiasfactcheck.com/thv11-little-rock-news-bias/,www.thv11.com,center,high,high credibility
Transparency International – Bias and Credibility,https://mediabiasfactcheck.com/transparency-international/,www.transparency.org,center,very high,high credibility
Tri-County News – Bias and Credibility,https://mediabiasfactcheck.com/tri-county-news-bias/,www.tricountynewsmn.com,center,high,high credibility
Tucson Weekly – Bias and Credibility,https://mediabiasfactcheck.com/tucson-weekly-bias/,www.tucsonweekly.com,center,high,high credibility
Alliance for Science – Bias and Credibility,https://mediabiasfactcheck.com/alliance-for-science/,allianceforscience.cornell.edu,pro-science,high,high credibility
American Cancer Society – Bias and Credibility,https://mediabiasfactcheck.com/american-cancer-society-bias/,www.cancer.org,pro-science,very high,high credibility
Vallejo Times-Herald – Bias and Credibility,https://mediabiasfactcheck.com/vallejo-times-herald/,www.timesheraldonline.com,center,high,high credibility
Voice of America – Bias and Credibility,https://mediabiasfactcheck.com/voice-of-america/,www.voanews.com,center,high,high credibility
WABI – Bangor News – Bias and Credibility,https://mediabiasfactcheck.com/wabi-bangor-news-bias/,www.wabi.tv,center,high,high credibility
WAGA – Fox 5 – Atlanta – Bias and Credibility,https://mediabiasfactcheck.com/waga-fox-5-atlanta-bias/,www.fox5atlanta.com,center,high,high credibility
Applied Sciences Journal – Bias and Credibility,https://mediabiasfactcheck.com/applied-sciences-journal-bias/,www.mdpi.com,pro-science,mostly,medium credibility
Washington’s Top News (WTOP) – Bias and Credibility,https://mediabiasfactcheck.com/washingtons-top-news-wtop/,www.wtop.com,center,high,high credibility
WAWV – Terre Haute News -Bias and Credibility,https://mediabiasfactcheck.com/wawv-terre-haute-news-bias/,www.mywabashvalley.com,center,high,high credibility
WBKO – Bowling Green – Bias and Credibility,https://mediabiasfactcheck.com/wbko-bowling-green/,www.wbko.com,center,high,high credibility
Beverages Journal – Bias and Credibility,https://mediabiasfactcheck.com/beverages-journal-bias/,www.mdpi.com,pro-science,mostly,medium credibility
WCJB – Gainesville – Bias and Credibility,https://mediabiasfactcheck.com/wcjb-gainesville-bias/,www.wcjb.com,center,high,high credibility
BMC Medical Genomics – Bias and Credibility,https://mediabiasfactcheck.com/bmc-medical-genomics-bias/,bmcmedgenomics.biomedcentral.com,pro-science,high,high credibility
British Journal of Biomedical Science – Bias and Credibility,https://mediabiasfactcheck.com/british-journal-of-biomedical-science-bias/,www.frontierspartnerships.org,pro-science,mostly,high credibility
WDRB – Louisville News – Bias and Credibility,https://mediabiasfactcheck.com/wdrb-louisville-news-bias/,www.wdrb.com,center,high,high credibility
We Are The Mighty – Bias and Credibility,https://mediabiasfactcheck.com/we-are-the-mighty/,www.wearethemighty.com,center,high,high credibility
Cell Reports Sustainability – Bias and Credibility,https://mediabiasfactcheck.com/cell-reports-sustainability-bias/,www.cell.com,pro-science,high,high credibility
West Valley View – Bias and Credibility,https://mediabiasfactcheck.com/west-valley-view-bias/,www.westvalleyview.com,center,high,high credibility
ConsumerLab.com – Bias and Credibility,https://mediabiasfactcheck.com/consumerlab-com/,www.consumerlab.com,pro-science,high,high credibility
Developmental Cell Journal – Bias and Credibility,https://mediabiasfactcheck.com/developmental-cell-journal-bias/,www.cell.com,pro-science,high,high credibility
Earth & Sky – Bias and Credibility,https://mediabiasfactcheck.com/earth-sky/,www.earthsky.org,pro-science,high,high credibility
Federation of American Scientists (FAS) – Bias and Credibility,https://mediabiasfactcheck.com/federation-of-american-scientists-fas/,www.fas.org,pro-science,high,high credibility
WGEM – Quincy News – Bias and Credibility,https://mediabiasfactcheck.com/wgem-quincy-news-bias/,www.wgem.com,center,high,high credibility
WGNO – New Orleans News – Bias and Credibility,https://mediabiasfactcheck.com/wgno-new-orleans-news-bias/,www.wgno.com,center,high,high credibility
The Columbian – Bias and Credibility,https://mediabiasfactcheck.com/the-columbian/,www.columbian.com,center,high,high credibility
The Daily Progress – Bias and Credibility,https://mediabiasfactcheck.com/the-daily-progress/,www.dailyprogress.com,center,high,high credibility
The Fence Post – Bias and Credibility,https://mediabiasfactcheck.com/the-fence-post-bias/,www.thefencepost.com,center,high,high credibility
West Atlanta News – Bias and Credibility,https://mediabiasfactcheck.com/west-atlanta-news/,www.westatlantanews.com,right-center,mixed,low credibility
West Central Michigan News – Bias and Credibility,https://mediabiasfactcheck.com/west-central-michigan-news-bias/,www.wcmichigannews.com,right-center,mixed,low credibility
West El Dorado News – Bias and Credibility,https://mediabiasfactcheck.com/west-el-dorado-news/,www.westeldoradonews.com,right-center,mixed,low credibility
The Midweek – Bias and Credibility,https://mediabiasfactcheck.com/the-midweek-bias/,www.shawlocal.com,center,high,high credibility
West OC Times – Bias and Credibility,https://mediabiasfactcheck.com/west-oc-times/,www.westoctimes.com,right-center,mixed,low credibility
The News Virginian – Bias and Credibility,https://mediabiasfactcheck.com/the-news-virginian-bias/,www.newsvirginian.com,center,high,high credibility
The Post-Standard (Syracuse) – Bias and Credibility,https://mediabiasfactcheck.com/the-post-standard-syracuse/,www.syracuse.com,center,high,high credibility
Wine Country Times – Bias and Credibility,https://mediabiasfactcheck.com/wine-country-times/,www.winecountrytimes.com,right-center,mixed,low credibility
Witherspoon Institute – Bias and Credibility,https://mediabiasfactcheck.com/witherspoon-institute/,www.thepublicdiscourse.com,extreme-right,low,low credibility
The Strategy Bridge – Bias and Credibility,https://mediabiasfactcheck.com/the-strategy-bridge/,www.thestrategybridge.org,center,high,high credibility
The Trentonian – Bias and Credibility,https://mediabiasfactcheck.com/the-trentonian-bias/,www.trentonian.com,center,high,high credibility
Third Way – Bias and Credibility,https://mediabiasfactcheck.com/third-way/,www.thirdway.org,center,mostly,high credibility
Times-News (Idaho) – Bias and Credibility,https://mediabiasfactcheck.com/times-news-idaho/,www.magicvalley.com,center,high,high credibility
Traverse City Record-Eagle – Bias and Credibility,https://mediabiasfactcheck.com/traverse-city-record-eagle/,www.record-eagle.com,center,high,high credibility
Troy Record – Bias and Credibility,https://mediabiasfactcheck.com/troy-record-bias/,www.troyrecord.com,center,high,high credibility
Algorithms Journal – Bias and Credibility,https://mediabiasfactcheck.com/algorithms-journal-bias/,www.mdpi.com,pro-science,mostly,medium credibility
United States Courts (uscourts.gov) – Bias and Credibility,https://mediabiasfactcheck.com/united-states-courts-uscourts-gov-bias/,www.uscourts.gov,center,high,high credibility
American Journal of Public Health (AJPH) – Bias and Credibility,https://mediabiasfactcheck.com/american-journal-of-public-health-ajph/,ajph.aphapublications.org,pro-science,very high,high credibility
American Psychoanalytic Association – Bias and Credibility,https://mediabiasfactcheck.com/american-psychoanalytic-association/,www.apsa.org,pro-science,high,high credibility
Analytics Journal – Bias and Credibility,https://mediabiasfactcheck.com/analytics-journal-bias/,www.mdpi.com,pro-science,mostly,medium credibility
WAFB – Baton Rouge – Bias and Credibility,https://mediabiasfactcheck.com/wafb-baton-rouge/,www.wafb.com,center,high,high credibility
Applied Microbiology Journal – Bias and Credibility,https://mediabiasfactcheck.com/applied-microbiology-bias/,www.mdpi.com,pro-science,mostly,medium credibility
Archaeology Magazine – Bias and Credibility,https://mediabiasfactcheck.com/archaeology-magazine/,www.archaeology.org,pro-science,high,high credibility
WAVE – Louisville News – Bias and Credibility,https://mediabiasfactcheck.com/wave-louisville-news-bias/,www.wave3.com,center,high,high credibility
WBGH – Binghamton News – Bias and Credibility,https://mediabiasfactcheck.com/wbgh-binghamton-news-bias-and-credibility/,www.binghamtonhomepage.com,center,high,high credibility
WBRC – Birmingham – Bias and Credibility,https://mediabiasfactcheck.com/wbrc-birmingham-bias/,www.wbrc.com,center,high,high credibility
WCBD – Charleston News – Bias and Credibility,https://mediabiasfactcheck.com/wcbd-charleston-news-bias/,www.counton2.com,center,high,high credibility
BMC Cancer Journal – Bias and Credibility,https://mediabiasfactcheck.com/bmc-cancer-journal-bias/,biomarkerres.biomedcentral.com,pro-science,high,high credibility
WDAM – Hattiesburg News – Bias and Credibility,https://mediabiasfactcheck.com/wdam-hattiesburg-news-bias/,www.wdam.com,center,high,high credibility
Cancer Cell International – Bias and Credibility,https://mediabiasfactcheck.com/cancer-cell-international-bias/,cancerci.biomedcentral.com,pro-science,high,high credibility
WDTN – Dayton News – Bias and Credibility,https://mediabiasfactcheck.com/wdtn-dayton-news-bias/,www.wdtn.com,center,high,high credibility
Cell Reports Medicine – Bias and Credibility,https://mediabiasfactcheck.com/cell-reports-medicine-bias/,www.cell.com,pro-science,high,high credibility
Stem Cell Journal – Bias and Credibility,https://mediabiasfactcheck.com/cell-stem-cell-journal-bias/,www.cell.com,pro-science,high,high credibility
Climate Action Tracker – Bias and Credibility,https://mediabiasfactcheck.com/climate-action-tracker/,www.climateactiontracker.org,pro-science,very high,high credibility
WEVV – Evansville News – Bias and Credibility,https://mediabiasfactcheck.com/wevv-evansville-news-bias/,www.wevv.com,center,high,high credibility
Current Biology Journal – Bias and Credibility,https://mediabiasfactcheck.com/current-biology-journal-bias/,www.cell.com,pro-science,high,high credibility
WFMZ – Allentown News – Bias and Credibility,https://mediabiasfactcheck.com/wfmz/,www.wfmz.com,center,high,high credibility
WFXP – Erie News – Bias and Credibility,https://mediabiasfactcheck.com/wfxp-erie-news-bias/,www.yourerie.com,center,high,high credibility
WGCL – Atlanta News – Bias and Credibility,https://mediabiasfactcheck.com/wgcl-atlanta-news-bias/,www.cbs46.com,center,high,high credibility
Frontiers in Animal Science – Bias and Credibility,https://mediabiasfactcheck.com/frontiers-in-animal-science-bias/,www.frontiersin.org,pro-science,mostly,high credibility
WC Georgia News – Bias and Credibility,https://mediabiasfactcheck.com/wc-georgia-news/,www.wcgeorgianews.com,right-center,mixed,low credibility
The Drive 92.9 Tulsa – Bias and Credibility,https://mediabiasfactcheck.com/the-drive-92-9-tulsa-bias/,www.929thedrive.com,center,high,high credibility
We The People Daily – Bias and Credibility,https://mediabiasfactcheck.com/we-the-people-daily/,www.wethepeopledaily.com,extreme-right,low,low credibility
The Journal (Colorado) – Bias and Credibility,https://mediabiasfactcheck.com/the-journal-colorado-bias/,www.the-journal.com,center,high,high credibility
Western Wayne Today – Bias and Credibility,https://mediabiasfactcheck.com/western-wayne-today-bias/,www.westernwaynetoday.com,right-center,mixed,low credibility
The Monitor (Texas) – Bias and Credibility,https://mediabiasfactcheck.com/the-monitor-texas/,www.myrgv.com,center,high,high credibility
West SFV Today – Bias and Credibility,https://mediabiasfactcheck.com/west-sfv-today/,www.westsfvtoday.com,right-center,mixed,low credibility
West Volusia News – Bias and Credibility,https://mediabiasfactcheck.com/west-volusia-news/,www.westvolusianews.com,right-center,mixed,low credibility
The Register UK – Bias and Credibility,https://mediabiasfactcheck.com/the-register-uk/,www.theregister.com,center,high,high credibility
Wisevoter – Bias and Credibility,https://mediabiasfactcheck.com/wisevoter-bias/,www.wisevoter.com,left-center,mixed,low credibility
The Spokesman-Review – Bias and Credibility,https://mediabiasfactcheck.com/the-spokesman-review/,www.spokesman.com,center,high,high credibility
World Tribune – Bias and Credibility,https://mediabiasfactcheck.com/world-tribune/,www.worldtribune.com,right,low,low credibility
The Vindicator – Bias and Credibility,https://mediabiasfactcheck.com/the-vindicator/,www.vindy.com,center,high,high credibility
YourNews – Bias and Credibility,https://mediabiasfactcheck.com/yournews-bias/,www.yournews.com,right,mixed,low credibility
Tonganoxie Mirror – Bias and Credibility,https://mediabiasfactcheck.com/tonganoxie-mirror-bias/,www.tonganoxiemirror.com,center,high,high credibility
Tri-City Herald – Bias and Credibility,https://mediabiasfactcheck.com/tri-city-herald/,www.tri-cityherald.com,center,high,high credibility
TruthOrFiction.com – Bias and Credibility,https://mediabiasfactcheck.com/truthorfiction-com/,www.truthorfiction.com,center,very high,high credibility
Twiner-Herald – Bias and Credibility,https://mediabiasfactcheck.com/twiner-herald-bias/,www.loganwoodbine.com,center,high,high credibility
American Academy of Pediatrics – Bias and Credibility,https://mediabiasfactcheck.com/american-academy-of-pediatrics/,www.aap.org,pro-science,very high,high credibility
Utah Standard-Examiner – Bias and Credibility,https://mediabiasfactcheck.com/utah-standard-examiner/,www.standard.net,center,high,high credibility
Verdict – Bias and Credibility,https://mediabiasfactcheck.com/verdict-bias/,verdict.justia.com,center,high,high credibility
WAAY – Huntsville News – Bias and Credibility,https://mediabiasfactcheck.com/waay-huntsville-news-bias/,www.waaytv.com,center,high,high credibility
Antioxidants Journal – Bias and Credibility,https://mediabiasfactcheck.com/antioxidants-journal-bias/,www.mdpi.com,pro-science,mostly,medium credibility
WALB – Albany GA – Bias and Credibility,https://mediabiasfactcheck.com/walb-albany-ga-bias/,www.walb.com,center,high,high credibility
WAPT – Jackson News – Bias and Credibility,https://mediabiasfactcheck.com/wapt-jackson-news-bias/,www.wapt.com,center,high,high credibility
Astronomy Magazine – Bias and Credibility,https://mediabiasfactcheck.com/astronomy-magazine/,www.astronomy.com,pro-science,very high,high credibility
Autistic Self Advocacy Network – Bias and Credibility,https://mediabiasfactcheck.com/autistic-self-advocacy-network/,www.autisticadvocacy.org,pro-science,very high,high credibility
WBNS-TV (10tv.com) – Bias and Credibility,https://mediabiasfactcheck.com/wbns-tv-10tv-com/,www.10tv.com,center,high,high credibility
WCAX – Burlington News – Bias and Credibility,https://mediabiasfactcheck.com/wcax3/,www.wcax.com,center,high,high credibility
WCNC – Charlotte News – Bias and Credibility,https://mediabiasfactcheck.com/wcnc-charlotte-news-bias/,www.wcnc.com,center,high,high credibility
WDAF – Kansas City News – Bias and Credibility,https://mediabiasfactcheck.com/wdaf-kansas-city-news-bias/,www.fox4kc.com,center,high,high credibility
Cancer Cell Journal – Bias and Credibility,https://mediabiasfactcheck.com/cancer-cell-journal-credibility/,www.cell.com,pro-science,high,high credibility
WDTV – Weston News – Bias and Credibility,https://mediabiasfactcheck.com/wdtv-weston-news-bias/,www.wdtv.com,center,high,high credibility
WECT News 6 – Bias and Credibility,https://mediabiasfactcheck.com/wect-news-6/,www.wect.com,center,high,high credibility
WEHT – Evansville News – Bias and Credibility,https://mediabiasfactcheck.com/weht-evansville-news-bias/,www.tristatehomepage.com,center,high,high credibility
WESH – Orlando News – Bias and Credibility,https://mediabiasfactcheck.com/wesh-orlando-news-bias/,www.wesh.com,center,high,high credibility
Climate Central – Bias and Credibility,https://mediabiasfactcheck.com/climate-central/,www.climatecentral.org,pro-science,high,high credibility
WEWS – News 5 – Cleveland – Bias and Credibility,https://mediabiasfactcheck.com/wews-news-5-cleveland/,www.news5cleveland.com,center,high,high credibility
WFLA – Tampa Bay – Bias and Credibility,https://mediabiasfactcheck.com/wfla-tampa-bay/,www.wfla.com,center,high,high credibility
WFRV – Green Bay News – Bias and Credibility,https://mediabiasfactcheck.com/wfrv-green-bay-news-bias/,www.wearegreenbay.com,center,high,high credibility
WFXR – Roanoke News – Bias and Credibility,https://mediabiasfactcheck.com/wfxr-roanoke-news-bias/,www.wfxrtv.com,center,high,high credibility
Frontiers in Agronomy – Bias and Credibility,https://mediabiasfactcheck.com/frontiers-in-agronomy-bias/,www.frontiersin.org,pro-science,mostly,high credibility
Frontiers in Antennas and Propagation – Bias and Credibility,https://mediabiasfactcheck.com/frontiers-in-antennas-and-propagation-bias/,www.frontiersin.org,pro-science,mostly,high credibility
Frontiers in Artificial Intelligence – Bias and Credibility,https://mediabiasfactcheck.com/frontiers-in-artificial-intelligence-bias/,www.frontiersin.org,pro-science,mostly,high credibility
WC Mississippi News – Bias and Credibility,https://mediabiasfactcheck.com/wc-mississippi-times-bias/,www.wcmissnews.com,right-center,mixed,low credibility
The Economist – Bias and Credibility,https://mediabiasfactcheck.com/the-economist/,www.economist.com,center,high,high credibility
The Herald News (Massachusetts) – Bias and Credibility,https://mediabiasfactcheck.com/the-herald-news-massachusetts/,www.heraldnews.com,center,high,high credibility
West Central Reporter – Bias and Credibility,https://mediabiasfactcheck.com/west-central-reporter-bias/,www.westcentralreporter.com,right-center,mixed,low credibility
The Marietta Times – Bias and Credibility,https://mediabiasfactcheck.com/the-marietta-times/,www.mariettatimes.com,center,high,high credibility
The Modesto Bee – Bias and Credibility,https://mediabiasfactcheck.com/the-modesto-bee/,www.modbee.com,center,high,high credibility
West SBV Times – Bias and Credibility,https://mediabiasfactcheck.com/west-sbv-times/,www.westsbvtimes.com,right-center,mixed,low credibility
West Ventura News – Bias and Credibility,https://mediabiasfactcheck.com/west-ventura-news/,www.westventuranews.com,right-center,mixed,low credibility
The Record (Stockton) – Bias and Credibility,https://mediabiasfactcheck.com/the-record-stockton/,www.recordnet.com,center,high,high credibility
Wisconsin Lake Times – Bias and Credibility,https://mediabiasfactcheck.com/wisconsin-lake-times-bias/,www.wisconsinlaketimes.com,left-center,mixed,low credibility
The Southern Illinoisan – Bias and Credibility,https://mediabiasfactcheck.com/the-southern-illinoisan/,www.thesouthern.com,center,high,high credibility
The Tennessean – Bias and Credibility,https://mediabiasfactcheck.com/the-tennessean/,www.tennessean.com,center,high,high credibility
Yavapai News – Bias and Credibility,https://mediabiasfactcheck.com/yavapai-news/,www.yavapainews.com,right-center,mixed,low credibility
ThoughtCo – Bias and Credibility,https://mediabiasfactcheck.com/thoughtco/,www.thoughtco.com,center,very high,high credibility
Acta Neuropathologica Communications – Bias and Credibility,https://mediabiasfactcheck.com/acta-neuropathologica-communications-bias/,actaneurocomms.biomedcentral.com,pro-science,high,high credibility
Tribune Content Agency – Bias and Credibility,https://mediabiasfactcheck.com/tribune-news-service/,www.tribunecontentagency.com,center,high,high credibility
Agronomy Journal – Bias and Credibility,https://mediabiasfactcheck.com/agronomy-journal-bias/,www.mdpi.com,pro-science,mostly,medium credibility
TVW Washington State – Bias and Credibility,https://mediabiasfactcheck.com/tvw-washington-state/,www.tvw.org,center,very high,high credibility
American Association for the Advancement of Science (AAAS) – Bias and Credibility,https://mediabiasfactcheck.com/american-association-for-the-advancement-of-science-aaas/,www.aaas.org,pro-science,very high,high credibility
American Lung Association – Bias and Credibility,https://mediabiasfactcheck.com/american-lung-association/,www.lung.org,pro-science,high,high credibility
American Psychological Association (APA) – Bias and Credibility,https://mediabiasfactcheck.com/american-psychological-association-apa/,www.apa.org,pro-science,very high,high credibility
Animals Journal – Bias and Credibility,https://mediabiasfactcheck.com/animals-journal-bias/,www.mdpi.com,pro-science,mostly,medium credibility
Applied Biosciences Journal – Bias and Credibility,https://mediabiasfactcheck.com/applied-biosciences-journal-bias/,www.mdpi.com,pro-science,mostly,medium credibility
Applied Nano Journal – Bias and Credibility,https://mediabiasfactcheck.com/applied-nano-journal-bias/,www.mdpi.com,pro-science,mostly,medium credibility
Washington Journal – Bias and Credibility,https://mediabiasfactcheck.com/washington-journal/,www.c-span.org,center,high,high credibility
Atoms Journal – Bias and Credibility,https://mediabiasfactcheck.com/atoms-journal-bias/,www.mdpi.com,pro-science,mostly,medium credibility
Axioms Journal – Bias and Credibility,https://mediabiasfactcheck.com/axioms-journal-bias/,www.mdpi.com,pro-science,mostly,medium credibility
Behavioral Sciences Journal – Bias and Credibility,https://mediabiasfactcheck.com/behavioral-sciences-journal-bias-and-credibility/,www.mdpi.com,pro-science,mostly,medium credibility
WCIA – Central Illinois News – Bias and Credibility,https://mediabiasfactcheck.com/wcia-central-illinois-news-bias/,www.wcia.com,center,high,high credibility
WCSC – Charleston News – Bias and Credibility,https://mediabiasfactcheck.com/wcsc-charleston-news/,www.live5news.com,center,high,high credibility
WDBD – Jackson News – Bias and Credibility,https://mediabiasfactcheck.com/wdbd-jackson-news-bias/,www.fox40jackson.com,center,high,high credibility
WDIV ClickOnDetroit – Bias and Credibility,https://mediabiasfactcheck.com/wdiv-clickondetrioit/,www.clickondetroit.com,center,high,high credibility
WDVM – DC News Now – Bias and Credibility,https://mediabiasfactcheck.com/wdvm-dcw-50/,www.dcnewsnow.com,center,high,high credibility
Cell Reports Physical Science – Bias and Credibility,https://mediabiasfactcheck.com/cell-reports-physical-science-bias/,www.cell.com,pro-science,high,high credibility
Child Trends – Bias and Credibility,https://mediabiasfactcheck.com/child-trends-bias/,www.childtrends.org,pro-science,high,high credibility
Clinical Epigenetics Journal – Bias and Credibility,https://mediabiasfactcheck.com/clinical-epigenetics-journal-bias/,clinicalepigeneticsjournal.biomedcentral.com,pro-science,high,high credibility
Covid.gov – Bias and Credibility,https://mediabiasfactcheck.com/covid-gov-bias/,www.covid.gov,pro-science,very high,high credibility
Discover Magazine – Bias and Credibility,https://mediabiasfactcheck.com/discover-magazine/,www.discovermagazine.com,pro-science,high,high credibility
EurekaAlert – Bias and Credibility,https://mediabiasfactcheck.com/eurekaalert/,www.eurekalert.org,pro-science,very high,high credibility
Frontiers in Aerospace Engineering – Bias and Credibility,https://mediabiasfactcheck.com/frontiers-in-aerospace-engineering-bias/,www.frontiersin.org,pro-science,mostly,high credibility
WGHP Fox8 – Bias and Credibility,https://mediabiasfactcheck.com/wghp-fox8/,www.myfox8.com,center,high,high credibility
WGRZ – Buffalo News – Bias and Credibility,https://mediabiasfactcheck.com/wgrz-buffalo-news-bias/,www.wgrz.com,center,high,high credibility
West Essex News – Bias and Credibility,https://mediabiasfactcheck.com/west-essex-news-bias/,www.westessexnews.com,right-center,mixed,low credibility
The Mining Journal – Bias and Credibility,https://mediabiasfactcheck.com/the-mining-journal-bias/,www.miningjournal.net,center,high,high credibility
The Nevada Independent – Bias and Credibility,https://mediabiasfactcheck.com/the-nevada-independent/,www.thenevadaindependent.com,center,high,high credibility
West Twin Cities – Bias and Credibility,https://mediabiasfactcheck.com/west-twin-cities-bias/,www.westtwincities.com,right-center,mixed,low credibility
The Primary Market – Bias and Credibility,https://mediabiasfactcheck.com/the-primary-market-bias/,www.theprimarymarket.com,center,mostly,medium credibility
Wisconsin Daily Star – Bias and Credibility,https://mediabiasfactcheck.com/wisconsin-daily-star-bias/,www.wisconsindailystar.com,right,mixed,low credibility
The Sociable – Bias and Credibility,https://mediabiasfactcheck.com/the-sociable/,www.sociable.co,center,high,high credibility
WorldStarHipHop – Bias and Credibility,https://mediabiasfactcheck.com/worldstarhiphop/,www.worldstarhiphop.com,No media bias rating,mixed,low credibility
The Union (Nevada County) – Bias and Credibility,https://mediabiasfactcheck.com/the-union-nevada-county-bias/,www.theunion.com,center,high,high credibility
Young Conservatives – Bias and Credibility,https://mediabiasfactcheck.com/young-conservatives/,www.analyzingamerica.org,extreme-right,mixed,low credibility
Times of San Diego – Bias and Credibility,https://mediabiasfactcheck.com/times-san-diego/,www.timesofsandiego.com,center,high,high credibility
Transpartisan Review – Bias and Credibility,https://mediabiasfactcheck.com/transpartisan-review/,www.transpartisanreview.com,center,mostly_factual,high credibility
Tri-County Press – Bias and Credibility,https://mediabiasfactcheck.com/tri-county-press-bias/,www.shawlocal.com,center,high,high credibility
Tut.by – Bias and Credibility,https://mediabiasfactcheck.com/tut-by/,www.tut.by,center,mostly,high credibility
United States House of Representatives (House.gov) – Bias and Credibility,https://mediabiasfactcheck.com/united-states-house-representatives-house-gov/,www.house.gov,center,very high,high credibility
American Geophysical Union (AGU) – Bias and Credibility,https://mediabiasfactcheck.com/american-geophysical-union-agu/,www.agu.org,pro-science,very high,high credibility
American Psychiatric Association – Bias and Credibility,https://mediabiasfactcheck.com/american-psychiatric-association/,www.psychiatry.org,pro-science,high,high credibility
Analytica Journal – Bias and Credibility,https://mediabiasfactcheck.com/analytica-journal-bias/,www.mdpi.com,pro-science,mostly,medium credibility
Waco Tribune-Herald – Bias and Credibility,https://mediabiasfactcheck.com/waco-tribune-herald-bias-credibility-rating/,www.wacotrib.com,center,high,high credibility
Wahoo Newspaper – Bias and Credibility,https://mediabiasfactcheck.com/wahoo-newspaper-bias/,www.wahoo-ashland-waverly.com,center,high,high credibility
WAOW – Wausau News – Bias and Credibility,https://mediabiasfactcheck.com/waow-wausau-news-bias/,www.waow.com,center,high,high credibility
WATE – Knoxville News – Bias and Credibility,https://mediabiasfactcheck.com/wate-knoxville-news-bias/,www.wate.com,center,high,high credibility
WBAL – Baltimore News – Bias and Credibility,https://mediabiasfactcheck.com/wbal-baltimore-news-bias/,www.wbaltv.com,center,high,high credibility
WBNG – Binghamton – Bias and Credibility,https://mediabiasfactcheck.com/wbng-binghamton/,www.wbng.com,center,high,high credibility
Bioelectronic Medicine Journal – Bias and Credibility,https://mediabiasfactcheck.com/bioelectronic-medicine-journal-credibility/,bioelecmed.biomedcentral.com,pro-science,high,high credibility
WCMH – Columbus – Bias and Credibility,https://mediabiasfactcheck.com/wcmh-columbus-bias/,www.nbc4i.com,center,high,high credibility
WCVB – Boston News – Bias and Credibility,https://mediabiasfactcheck.com/wcvb-boston-news-bias/,www.wcvb.com,center,high,high credibility
Cancer & Metabolism Journal – Bias and Credibility,https://mediabiasfactcheck.com/cancer-metabolism-journal-bias/,cancerandmetabolism.biomedcentral.com,pro-science,high,high credibility
Cell Chem Catalysis – Bias and Credibility,https://mediabiasfactcheck.com/cell-chem-catalysis-bias/,www.cell.com,pro-science,high,high credibility
Cell Reports Journal – Bias and Credibility,https://mediabiasfactcheck.com/cell-reports-bias/,www.cell.com,pro-science,high,high credibility
WENY News – Bias and Credibility,https://mediabiasfactcheck.com/weny-news/,www.weny.com,center,high,high credibility
West Orange Times & Observer – Bias and Credibility,https://mediabiasfactcheck.com/west-orange-times-observer-bias/,www.orangeobserver.com,center,high,high credibility
WEUX – Eau Claire News – Bias and Credibility,https://mediabiasfactcheck.com/weux-eau-claire-news-bias/,www.wiproud.com,center,high,high credibility
WFFT – Fort Wayne News – Bias and Credibility,https://mediabiasfactcheck.com/wfft-fort-wayne-news-bias/,www.wfft.com,center,high,high credibility
WFMYnews2.com – Bias and Credibility,https://mediabiasfactcheck.com/wfmynews2-com/,www.wfmynews2.com,center,high,high credibility
Everyday Health – Bias and Credibility,https://mediabiasfactcheck.com/everyday-health-science-credible/,www.everydayhealth.com,pro-science,high,high credibility
Frontiers in Aging – Bias and Credibility,https://mediabiasfactcheck.com/frontiers-in-aging-credibility/,www.frontiersin.org,pro-science,mostly,high credibility
WGN News – Bias and Credibility,https://mediabiasfactcheck.com/wgn-news/,www.wgntv.com,center,high,high credibility
Frontiers in Aquaculture – Bias and Credibility,https://mediabiasfactcheck.com/frontiers-in-aquaculture-bias/,www.frontiersin.org,pro-science,mostly,high credibility
Frontiers in Audiology and Otology – Bias and Credibility,https://mediabiasfactcheck.com/frontiers-in-audiology-and-otology/,www.frontiersin.org,pro-science,mostly,high credibility
Whiteside News Sentinel – Bias and Credibility,https://mediabiasfactcheck.com/whiteside-news-sentinel-bias/,www.shawlocal.com,center,high,high credibility
Frontiers in Bioengineering and Biotechnology – Bias and Credibility,https://mediabiasfactcheck.com/frontiers-in-bioengineering-and-biotechnology-bias/,www.frontiersin.org,pro-science,mostly,high credibility
Will County Gazette – Bias and Credibility,https://mediabiasfactcheck.com/will-county-gazette-bias/,www.willcountygazette.com,right-center,mixed,low credibility
The Scotsman – Bias and Credibility,https://mediabiasfactcheck.com/the-scotsman/,www.scotsman.com,center,high,high credibility
WorldGreyNews.Com – Bias and Credibility,https://mediabiasfactcheck.com/worldgreynews-com/,www.worldgreynews.com,No media bias rating,VeryLow,low credibility
The Times and Democrat – Bias and Credibility,https://mediabiasfactcheck.com/the-times-and-democrat/,www.thetandd.com,center,high,high credibility
ZDF (Zweites Deutsches Fernsehen) – Bias and Credibility,https://mediabiasfactcheck.com/zdf-zweites-deutsches-fernsehen/,www.zdf.de,center,high,high credibility
Z3 News – Bias and Credibility,https://mediabiasfactcheck.com/z3-news-bias/,www.z3news.com,extreme-right,VeryLow,low credibility
Advances in Respiratory Medicine – Bias and Credibility,https://mediabiasfactcheck.com/advances-on-respiratory-medicine-bias/,www.mdpi.com,pro-science,mostly,medium credibility
AI Journal – Bias and Credibility,https://mediabiasfactcheck.com/ai-journal-bias/,www.mdpi.com,pro-science,mostly,medium credibility
Alloys Journal – Bias and Credibility,https://mediabiasfactcheck.com/alloys-journal-bias/,www.mdpi.com,pro-science,mostly,medium credibility
U.S. Press Freedom Tracker – Bias and Credibility,https://mediabiasfactcheck.com/u-s-press-freedom-tracker-bias/,www.pressfreedomtracker.us,center,high,high credibility
Ventura County Reporter – Bias and Credibility,https://mediabiasfactcheck.com/ventura-county-reporter-bias/,www.vcreporter.com,center,high,high credibility
WABG – DeltaNews – Bias and Credibility,https://mediabiasfactcheck.com/wabg-deltanews-bias/,www.deltanews.tv,center,high,high credibility
WAGM – Maine News – Bias and Credibility,https://mediabiasfactcheck.com/wagm-maine-news-bias/,www.wagmtv.com,center,high,high credibility
Applied System Innovation – Bias and Credibility,https://mediabiasfactcheck.com/applied-system-innovation-bias/,www.mdpi.com,pro-science,mostly,medium credibility
Astronomy Journal – Bias and Credibility,https://mediabiasfactcheck.com/astronomy-journal-bias/,www.mdpi.com,pro-science,mostly,medium credibility
Australian Skeptics Inc. – Bias and Credibility,https://mediabiasfactcheck.com/australian-skeptics-inc/,www.skeptics.com.au,pro-science,high,high credibility
BBC Science Focus – Bias and Credibility,https://mediabiasfactcheck.com/bbc-science-focus-bias/,www.sciencefocus.com,pro-science,high,high credibility
Biology of Sex Differences Journal – Bias and Credibility,https://mediabiasfactcheck.com/biology-of-sex-differences-journal-bias/,bsd.biomedcentral.com,pro-science,high,high credibility
WCPO – Cincinnati News – Bias and Credibility,https://mediabiasfactcheck.com/wcpo-cincinnati-news-bias/,www.wcpo.com,center,high,high credibility
Breast Cancer Research Journal – Bias and Credibility,https://mediabiasfactcheck.com/breast-cancer-research-journal-bias/,breast-cancer-research.biomedcentral.com,pro-science,high,high credibility
Carbon Brief – Bias and Credibility,https://mediabiasfactcheck.com/carbon-brief/,www.carbonbrief.org,pro-science,high,no credibility rating available
Cell Journal – Bias and Credibility,https://mediabiasfactcheck.com/cell-journal-bias/,www.cell.com,pro-science,high,high credibility
Wellington Daily News – Bias and Credibility,https://mediabiasfactcheck.com/wellington-daily-news-bias/,www.wellingtondailynews.com,center,high,high credibility
Centers for Disease Control and Prevention (CDC) – Bias and Credibility,https://mediabiasfactcheck.com/centers-disease-control-prevention-cdc/,www.cdc.gov,pro-science,very high,high credibility
Climate Feedback – Bias and Credibility,https://mediabiasfactcheck.com/climate-feedback/,science.feedback.org,pro-science,very high,high credibility
Cosmos Magazine – Bias and Credibility,https://mediabiasfactcheck.com/cosmos-magazine/,www.cosmosmagazine.com,pro-science,high,high credibility
WFLX – West Palm Beach – Bias and Credibility,https://mediabiasfactcheck.com/wflx-west-palm-beach/,www.wflx.com,center,high,high credibility
Epigenetics Communications – Bias and Credibility,https://mediabiasfactcheck.com/epigenetics-communications-bias/,epicom.biomedcentral.com,pro-science,high,high credibility
WGBA – Green Bay News – Bias and Credibility,https://mediabiasfactcheck.com/wgba-green-bay-news-bias/,www.nbc26.com,center,high,high credibility
Frontiers in Anesthesiology – Bias and Credibility,https://mediabiasfactcheck.com/frontiers-in-anesthesiology-bias/,www.frontiersin.org,pro-science,mostly,high credibility
WHAS – Louisville News – Bias and Credibility,https://mediabiasfactcheck.com/whas-louisville-news-bias/,www.whas11.com,center,high,high credibility
Frontiers in Bee Science – Bias and Credibility,https://mediabiasfactcheck.com/frontiers-in-bee-science-bias/,www.frontiersin.org,pro-science,mostly,high credibility
WHSV-TV – Bias and Credibility,https://mediabiasfactcheck.com/whsv-tv/,www.whsv.com,center,high,high credibility
Frontiers in Cardiovascular Medicine – Bias and Credibility,https://mediabiasfactcheck.com/frontiers-in-cardiovascular-medicine-bias/,www.frontiersin.org,pro-science,mostly,high credibility
Frontiers in Chemical Biology – Bias and Credibility,https://mediabiasfactcheck.com/frontiers-in-chemical-biology-bias/,www.frontiersin.org,pro-science,mostly,high credibility
WJET – Erie News – Bias and Credibility,https://mediabiasfactcheck.com/wjet-erie-news-bias/,www.yourerie.com,center,high,high credibility
WJXT – News4Jax – Bias and Credibility,https://mediabiasfactcheck.com/wjxt-news4jax-bias/,www.news4jax.com,center,high,high credibility
Hereditary Cancer in Clinical Practice – Bias and Crediblity,https://mediabiasfactcheck.com/hereditary-cancer-in-clinical-practice-bias-and-crediblity/,hccpjournal.biomedcentral.com,pro-science,high,high credibility
Institute of Physics (IOP) – Bias and Credibility,https://mediabiasfactcheck.com/institute-of-physics-iop/,www.iop.org,pro-science,very high,high credibility
WLTX – Columbia News – Bias and Credibility,https://mediabiasfactcheck.com/wltx-columbia-news-bias/,www.wltx.com,center,high,high credibility
MDPI – Multidisciplinary Digital Publishing Institute – Bias and Credibility,https://mediabiasfactcheck.com/mdpi-multidisciplinary-digital-publishing-institute-bias/,www.mdpi.com,pro-science,mostly,medium credibility
Young Americans for Liberty – Bias and Credibility,https://mediabiasfactcheck.com/young-americans-for-liberty-bias/,www.yaliberty.org,right,low,low credibility
Acoustics Journal – Bias and Credibility,https://mediabiasfactcheck.com/acoustics-journal-bias/,www.mdpi.com,pro-science,mostly,medium credibility
Adolescents Journal – Bias and Credibility,https://mediabiasfactcheck.com/adolescents-journal-bias/,www.mdpi.com,pro-science,mostly,medium credibility
Agrochemicals Journal – Bias and Credibility,https://mediabiasfactcheck.com/agrochemicals-journal-bias/,www.mdpi.com,pro-science,mostly,medium credibility
Ukiah Daily Journal – Bias and Credibility,https://mediabiasfactcheck.com/ukiah-daily-journal-bias/,www.ukiahdailyjournal.com,center,high,high credibility
USA Facts – Bias and Credibility,https://mediabiasfactcheck.com/usa-facts/,www.usafacts.org,center,very high,high credibility
American Medical Association ( AMA) – Bias and Credibility,https://mediabiasfactcheck.com/american-medical-association-ama/,www.ama-assn.org,pro-science,high,high credibility
Vos Iz Neias – Bias and Credibility,https://mediabiasfactcheck.com/vos-iz-neias/,www.vinnews.com,center,mixed,medium credibility
Antibiotics Journal – Bias and Credibility,https://mediabiasfactcheck.com/antibiotics-journal-bias/,www.mdpi.com,pro-science,mostly,medium credibility
Applied Mechanics Journal – Bias and Credibility,https://mediabiasfactcheck.com/applied-mechanics-journal-bias/,www.mdpi.com,pro-science,mostly,medium credibility
Architecture Journal – Bias and Credibility,https://mediabiasfactcheck.com/architecture-journal-bias/,www.mdpi.com,pro-science,mostly,medium credibility
WAVY – Norfolk News – Bias and Credibility,https://mediabiasfactcheck.com/wavy-norfolk-news/,www.wavy.com,center,high,high credibility
WBIR – Knoxville News – Bias and Credibility,https://mediabiasfactcheck.com/wbir-knoxville-news-bias/,www.wbir.com,center,high,high credibility
WBTV – Charlotte News – Bias and Credibility,https://mediabiasfactcheck.com/wbtv/,www.wbtv.com,center,high,high credibility
BioSpace – Bias and Credibility,https://mediabiasfactcheck.com/biospace/,www.biospace.com,pro-science,mostly,high credibility
BMC Neuroscience – Bias and Credibility,https://mediabiasfactcheck.com/bmc-neuroscience-bias/,bmcneurosci.biomedcentral.com,pro-science,high,high credibility
WDCW – DC News Now – Bias and Credibility,https://mediabiasfactcheck.com/wdcw-dc-news-now-bias/,www.dcnewsnow.com,center,high,high credibility
WDSU – New Orleans News – Bias and Credibility,https://mediabiasfactcheck.com/wdsu-new-orleans-news-bias/,www.wdsu.com,center,high,high credibility
WEAU 13 News – Bias and Credibility,https://mediabiasfactcheck.com/weau-13-news/,www.weau.com,center,high,high credibility
Wenxuecity (Literature City) – Bias and Credibility,https://mediabiasfactcheck.com/wenxuecity-literature-city-bias/,www.wenxuecity.com,center,mixed,medium credibility
West Virginia Public Broadcasting – Bias and Credibility,https://mediabiasfactcheck.com/west-virginia-public-broadcasting-bias/,www.wvpublic.org,center,high,high credibility
Contagion Live – Bias and Credibility,https://mediabiasfactcheck.com/contagion-live-bias/,www.contagionlive.com,pro-science,very high,high credibility
WFLD – Fox 32 – Chicago – Bias and Credibility,https://mediabiasfactcheck.com/wfld-fox-32-chicago-bias/,www.fox32chicago.com,center,high,high credibility
WFTS – Tampa News – Bias and Credibility,https://mediabiasfactcheck.com/wfts-tampa-news-bias/,www.abcactionnews.com,center,high,high credibility
WGAL – Lancaster News – Bias and Credibility,https://mediabiasfactcheck.com/wgal-lancaster-news-bias/,www.wgal.com,center,high,high credibility
Frontiers in Analytical Science – Bias and Credibility,https://mediabiasfactcheck.com/frontiers-in-analytical-science/,www.frontiersin.org,pro-science,mostly,high credibility
Frontiers in Applied Mathematics and Statistics – Bias and Credibility,https://mediabiasfactcheck.com/frontiers-in-applied-mathematics-and-statistics-credibility/,www.frontiersin.org,pro-science,mostly,high credibility
Frontiers in Batteries and Electrochemistry – Bias and Credibility,https://mediabiasfactcheck.com/frontiers-in-batteries-and-electrochemistry-bias/,www.frontiersin.org,pro-science,mostly,high credibility
Frontiers in Bioinformatics – Bias and Credibility,https://mediabiasfactcheck.com/frontiers-in-bioinformatics-bias/,www.frontiersin.org,pro-science,mostly,high credibility
Wilkes-Barre Citizens’ Voice – Bias and Credibility,https://mediabiasfactcheck.com/wilkes-barre-citizens-voice-bias/,www.citizensvoice.com,center,high,high credibility
Frontiers is Cellular Neuroscience – Bias and Credibility,https://mediabiasfactcheck.com/frontiers-is-cellular-neuroscience-bias/,www.frontiersin.org,pro-science,mostly,high credibility
WIVB – Buffalo – Bias and Credibility,https://mediabiasfactcheck.com/wibv-buffalo/,www.wivb.com,center,high,high credibility
WJHL – Johnson City News – Bias and Credibility,https://mediabiasfactcheck.com/wjhl-johnson-city-news-bias/,www.wjhl.com,center,high,high credibility
WKBT – La Crosse News – Bias and Credibility,https://mediabiasfactcheck.com/wkbt-la-crosse-news-bias/,www.news8000.com,center,high,high credibility
WLAJ – Lansing News – Bias and Credibility,https://mediabiasfactcheck.com/wlas-lansing-news-bias/,www.wlns.com,center,high,high credibility
International Renewable Energy Agency (IRENA) – Bias and Credibility,https://mediabiasfactcheck.com/international-renewable-energy-agency-irena/,www.irena.org,pro-science,high,high credibility
Joule Journal – Bias and Credibility,https://mediabiasfactcheck.com/joule-journal-bias/,www.cell.com,pro-science,high,high credibility
WMBD – Peoria News – Bias and Credibility,https://mediabiasfactcheck.com/wmbd-peoria-news-bias/,www.centralillinoisproud.com,center,high,high credibility
WNCT – Greenville News – Bias and Credibility,https://mediabiasfactcheck.com/wnct-greenville-news-bias/,www.wnct.com,center,high,high credibility
WOGX – Fox 51 – Gainesville – Bias and Credibility,https://mediabiasfactcheck.com/wogx-fox-51-gainesville-bias/,www.wogx.com,center,high,high credibility
Neuroscience News – Bias and Credibility,https://mediabiasfactcheck.com/neuroscience-news/,www.neurosciencenews.com,pro-science,high,high credibility
WFIE – Evansville News – Bias and Credibility,https://mediabiasfactcheck.com/wfie-evansville-news-bias/,www.14news.com,center,high,high credibility
Drugs.com – Bias and Credibility,https://mediabiasfactcheck.com/drugs-com/,www.drugs.com,pro-science,very high,high credibility
Examine.com – Bias and Credibility,https://mediabiasfactcheck.com/examine-com/,www.examine.com,pro-science,high,no credibility rating available
Frontiers in Aging Neuroscience – Bias and Credibility,https://mediabiasfactcheck.com/frontiers-in-aging-neuroscience-bias/,www.frontiersin.org,pro-science,mostly,high credibility
WGMB – Baton Rouge News – Bias and Credibility,https://mediabiasfactcheck.com/wgmb-baton-rouge-news-bias/,www.brproud.com,center,high,high credibility
WhatCulture – Bias and Credibility,https://mediabiasfactcheck.com/whatculture-bias/,www.whatculture.com,center,high,high credibility
WHEC – Rochester News – Bias and Credibility,https://mediabiasfactcheck.com/whec-rochester-news-bias/,www.whec.com,center,high,high credibility
WHNT News 19 – Bias and Credibility,https://mediabiasfactcheck.com/whnt-news-19/,www.whnt.com,center,high,high credibility
Frontiers In Blockchain – Bias and Credibility,https://mediabiasfactcheck.com/frontiers-in-blockchain-bias/,www.frontiersin.org,pro-science,mostly,high credibility
WILX 10 – Bias and Credibility,https://mediabiasfactcheck.com/wilx-10/,www.wilx.com,center,high,high credibility
WISN – Milwaukee News – Bias and Credibility,https://mediabiasfactcheck.com/wisn-milwaukee-news-bias/,www.wisn.com,center,high,high credibility
Fluids and Barriers of the CNS – Bias and Credibility,https://mediabiasfactcheck.com/fluids-and-barriers-of-the-cns-bias/,fluidsbarrierscns.biomedcentral.com,pro-science,high,high credibility
WJTV – Jackson News – Bias and Credibility,https://mediabiasfactcheck.com/wjtv-jackson-news-bias/,www.wjtv.com,center,high,high credibility
WKBW – Buffalo News – Bias and Credibility,https://mediabiasfactcheck.com/wkbw-buffalo-news-bias/,www.wkbw.com,center,high,high credibility
Immunity Journal – Bias and Credibility,https://mediabiasfactcheck.com/immunity-journal-bias/,www.cell.com,pro-science,high,high credibility
WLIO – Lima News – Bias and Credibility,https://mediabiasfactcheck.com/wlio-lima-news-bias/,www.hometownstations.com,center,high,high credibility
WMAR – Baltimore News – Bias and Credibility,https://mediabiasfactcheck.com/wmar-baltimore-news-bias/,www.wmar2news.com,center,high,high credibility
Medical Xpress – Bias and Credibility,https://mediabiasfactcheck.com/medicalxpress/,www.medicalxpress.com,pro-science,high,high credibility
NASA – Bias and Credibility,https://mediabiasfactcheck.com/nasa/,www.nasa.gov,pro-science,very high,high credibility
National Oceanic and Atmospheric Administration (NOAA) – Bias and Credibility,https://mediabiasfactcheck.com/national-oceanic-and-atmospheric-administration-noaa/,www.noaa.gov,pro-science,very high,high credibility
WOWK – Charleston-Huntington News – Bias and Credibility,https://mediabiasfactcheck.com/wowk-charleston-huntington-news-bias/,www.wowktv.com,center,high,high credibility
Oceana – Bias and Credibility,https://mediabiasfactcheck.com/oceana/,www.oceana.org,pro-science,high,high credibility
Popular Science – Bias and Credibility,https://mediabiasfactcheck.com/popular-science/,www.popsci.com,pro-science,high,high credibility
WSYR – Syracuse News – Bias and Credibility,https://mediabiasfactcheck.com/wsyr-syracuse-news-bias/,www.localsyr.com,center,high,high credibility
WTSP – Tampa Bay News – Bias and Credibility,https://mediabiasfactcheck.com/wtsp-tampa-bay-news-bias/,www.wtsp.com,center,high,high credibility
WTVY News4 – Bias and Credibility,https://mediabiasfactcheck.com/wtvy-news4/,www.wtvy.com,center,high,high credibility
Science Advances Journal – Bias and Credibility,https://mediabiasfactcheck.com/science-magazine/scienceadvances-journal-bias/,www.science.org,pro-science,very high,high credibility
Wisconsin State Journal – Bias and Credibility,https://mediabiasfactcheck.com/wisconsin-state-journal/,www.madison.com,center,high,high credibility
WLFL – CW 22 – Bias and Credibility,https://mediabiasfactcheck.com/wlfl-cw-22-bias/,www.raleighcw.com,center,very high,high credibility
WNEP – Scranton News – Bias and Credibility,https://mediabiasfactcheck.com/wnep-scranton-news-bias/,www.wnep.com,center,high,high credibility
World Population Review – Bias and Credibility,https://mediabiasfactcheck.com/world-population-review/,www.worldpopulationreview.com,center,mostly,high credibility
Skeptical Science – Bias and Credibility,https://mediabiasfactcheck.com/skeptical-science/,www.skepticalscience.com,pro-science,very high,high credibility
WRIC – Richmond News – Bias and Credibility,https://mediabiasfactcheck.com/wric-richmond-news-bias/,www.wric.com,center,high,high credibility
WSB – Atlanta News – Bias and Credibility,https://mediabiasfactcheck.com/wsb-atlanta-news-bias/,www.wsbtv.com,center,high,high credibility
WSPA – Spartanburg News – Bias and Credibility,https://mediabiasfactcheck.com/wspa-spartanburg-news-bias/,www.wspa.com,center,high,high credibility
WTEN – Albany News – Bias and Credibility,https://mediabiasfactcheck.com/wten-albany-news-bias/,www.news10.com,center,high,high credibility
World Health Organization (WHO) – Bias and Credibility,https://mediabiasfactcheck.com/world-health-organization-who/,www.who.int,pro-science,high,high credibility
Alternative Science – Bias and Credibility,https://mediabiasfactcheck.com/alternative-science/,www.alternative-science.com,satire,no factual reporting rating,no credibility rating available
WVIR – Charlottesville – Bias and Credibility,https://mediabiasfactcheck.com/wvir-charlottesville-bias/,www.nbc29.com,center,high,high credibility
The Daily Currant – Bias and Credibility,https://mediabiasfactcheck.com/the-daily-currant/,www.dailycurrants.com,satire,no factual reporting rating,no credibility rating available
De Speld – Bias and Credibility,https://mediabiasfactcheck.com/de-speld-bias/,www.speld.nl,satire,no factual reporting rating,no credibility rating available
Empire Sports News – Bias and Credibility,https://mediabiasfactcheck.com/empire-sports-news/,www.empiresports.co,satire,no factual reporting rating,no credibility rating available
Freedom Crossroads – Bias and Credibility,https://mediabiasfactcheck.com/freedom-crossroads/,www.freedomcrossroads.com,satire,mixed,no credibility rating available
WGNT – Hampton Roads News – Bias and Credibility,https://mediabiasfactcheck.com/wgnt-hampton-roads-news-bias/,www.wtkr.com,center,high,high credibility
WHBQ – Memphis News – Bias and Credibility,https://mediabiasfactcheck.com/whbq-memphis-news-bias/,www.fox13memphis.com,center,high,high credibility
Whittier Daily News – Bias and Credibility,https://mediabiasfactcheck.com/whittier-daily-news-bias/,www.whittierdailynews.com,center,high,high credibility
WHTM – Harrisburg News – Bias and Credibility,https://mediabiasfactcheck.com/whtm-harrisburg-news/,www.abc27.com,center,high,high credibility
WICZ – Binghamton News – Bias and Credibility,https://mediabiasfactcheck.com/wicz-binghamton-news-bias/,www.wicz.com,center,high,high credibility
Frontiers in Cellular and Infection Microbiology – Bias and Credibility,https://mediabiasfactcheck.com/frontiers-in-cellular-and-infection-microbiology-bias/,www.frontiersin.org,pro-science,mostly,high credibility
WITN News – Bias and Credibility,https://mediabiasfactcheck.com/witn-news/,www.witn.com,center,high,high credibility
Futurity – Bias and Credibility,https://mediabiasfactcheck.com/futurity-bias/,www.futurity.org,pro-science,mostly,high credibility
Genetic Literacy Project – Bias and Credibility,https://mediabiasfactcheck.com/genetic-literacy-project/,www.geneticliteracyproject.org,pro-science,high,high credibility
Heliyon Journal – Bias and Credibility,https://mediabiasfactcheck.com/heliyon-journal-bias/,www.cell.com,pro-science,high,high credibility
Institute of Electrical and Electronics Engineers (IEEE) – Bias and Credibility,https://mediabiasfactcheck.com/institute-of-electrical-and-electronics-engineers-ieee/,www.ieee.org,pro-science,very high,high credibility
Issues in Science and Technology – Bias and Credibility,https://mediabiasfactcheck.com/issues-in-science-and-technology/,www.issues.org,pro-science,high,high credibility
Live Science – Bias and Credibility,https://mediabiasfactcheck.com/live-science/,www.livescience.com,pro-science,high,high credibility
WNBD – Greenville News – Bias and Credibility,https://mediabiasfactcheck.com/wnbd-greenville-news-bias/,www.deltanews.tv,center,high,high credibility
WNYT – Albany News – Bias and Credibility,https://mediabiasfactcheck.com/wnyt-albany-news-bias/,www.wnyt.com,center,high,high credibility
Nature – Bias and Credibility,https://mediabiasfactcheck.com/nature/,www.nature.com,pro-science,very high,high credibility
New Humanist – Bias and Credibility,https://mediabiasfactcheck.com/new-humanist/,newhumanist.org.uk,pro-science,high,high credibility
WPTV – West Palm Beach News – Bias and Credibility,https://mediabiasfactcheck.com/wptv-west-palm-beach-news-bias/,www.wptv.com,center,high,high credibility
WRTV – Indianapolis News – Bias and Credibility,https://mediabiasfactcheck.com/wrtv-indianapolis-news-bias/,www.wrtv.com,center,high,high credibility
WTIC – Hartford News – Bias and Credibility,https://mediabiasfactcheck.com/wtic-hartford-news/,www.fox61.com,center,high,high credibility
WTVM – Columbus News – Bias and Credibility,https://mediabiasfactcheck.com/wtvm-columbus-news-bias/,www.wtvm.com,center,high,high credibility
Sage Journals – Bias and Credibility,https://mediabiasfactcheck.com/sage-journals/,us.sagepub.com,pro-science,high,no credibility rating available
ScienceBlogs – Bias and Credibility,https://mediabiasfactcheck.com/scienceblogs/,www.scienceblogs.com,pro-science,high,no credibility rating available
Science Illustrated – Bias and Credibility,https://mediabiasfactcheck.com/science-illustrated/,scienceillustrated.com.au,pro-science,high,high credibility
Science News – Bias and Credibility,https://mediabiasfactcheck.com/science-news/,www.sciencenews.org,pro-science,very_high,high credibility
Scientific American – Bias and Credibility,https://mediabiasfactcheck.com/scientific-american/,www.scientificamerican.com,pro-science,high,high credibility
WPIX 11 – Bias and Credibility,https://mediabiasfactcheck.com/wpix-11-bias/,www.pix11.com,center,high,high credibility
Skeptoid – Bias and Credibility,https://mediabiasfactcheck.com/skeptoid/,www.skeptoid.com,pro-science,very high,high credibility
TechXplore – Bias and Credibility,https://mediabiasfactcheck.com/techxplore/,www.techxplore.com,pro-science,high,high credibility
The Logic of Science – Bias and Credibility,https://mediabiasfactcheck.com/the-logic-of-science-bias/,www.thelogicofscience.com,pro-science,high,high credibility
United Nations Environment Programme (UNEP) – Bias and Credibility,https://mediabiasfactcheck.com/united-nations-environment-programme-unep/,www.unep.org,pro-science,high,high credibility
VeryWell Family – Bias and Credibility,https://mediabiasfactcheck.com/verywell-family/,www.verywellfamily.com,pro-science,high,high credibility
WTOL – Toledo News – Bias and Credibility,https://mediabiasfactcheck.com/wtol-toledo-news-bias/,www.wtol.com,center,high,high credibility
WTVF – NewsChannel5 – Bias and Credibility,https://mediabiasfactcheck.com/wtvf-newschannel5/,www.newschannel5.com,center,high,high credibility
Borowitz Report – Bias and Credibility,https://mediabiasfactcheck.com/borowitz-report/,www.newyorker.com,satire,no factual reporting rating,no credibility rating available
WVLT 8 – Bias and Credibility,https://mediabiasfactcheck.com/wvlt-8/,www.wvlt.tv,center,high,high credibility
WWNY – Watertown – Bias and Credibility,https://mediabiasfactcheck.com/wwny-watertown-bias/,www.wwnytv.com,center,high,high credibility
WXIA – 11Alive.com – Bias and Credibility,https://mediabiasfactcheck.com/wxia-11alive-com/,www.11alive.com,center,high,high credibility
FM Observer – Bias and Credibility,https://mediabiasfactcheck.com/fm-observer/,www.fmobserver.com,satire,no factual reporting rating,no credibility rating available
Gish Gallop – Bias and Credibility,https://mediabiasfactcheck.com/gish-gallop/,www.gishgallop.com,satire,no factual reporting rating,no credibility rating available
Internet Chronicle – Bias and Credibility,https://mediabiasfactcheck.com/internet-chronicle/,www.chronicle.su,satire,no factual reporting rating,no credibility rating available
ZDNet – Bias and Credibility,https://mediabiasfactcheck.com/zdnet/,www.zdnet.com,center,high,high credibility
Advocates for Self Government – Bias and Credibility,https://mediabiasfactcheck.com/advocates-for-self-government/,www.theadvocates.org,right-center,mostly,medium credibility
Alabama Today – Bias and Credibility,https://mediabiasfactcheck.com/alabama-today/,www.altoday.com,right-center,mostly,high credibility
WHBF – Quad Cities News – Bias and Credibility,https://mediabiasfactcheck.com/whbf-quad-cities-news-bias/,www.ourquadcities.com,center,high,high credibility
WHIO – Dayton News – Bias and Credibility,https://mediabiasfactcheck.com/whio-dayton-news-bias/,www.whio.com,center,high,high credibility
WHO – Des Moines News – Bias and Credibility,https://mediabiasfactcheck.com/who-des-moines-news-bias/,www.who13.com,center,high,high credibility
Frontiers in Built Environment – Bias and Credibility,https://mediabiasfactcheck.com/frontiers-in-built-environment-bias/,www.frontiersin.org,pro-science,mostly,high credibility
Frontiers in Cell Death – Bias and Credibility,https://mediabiasfactcheck.com/frontiers-in-cell-death-bias/,www.frontiersin.org,pro-science,mostly,high credibility
Frontiers in Chemistry – Bias and Credibility,https://mediabiasfactcheck.com/frontiers-in-chemistry-bias/,www.frontiersin.org,pro-science,mostly,high credibility
WJBF – Lebanon Tennessee News – Bias and Credibility,https://mediabiasfactcheck.com/wjfb-lebanon-tennessee-news-bias/,www.wjbf.com,center,high,high credibility
Genome Medicine – Bias and Credibility,https://mediabiasfactcheck.com/genome-medicine-bias/,genomemedicine.biomedcentral.com,pro-science,high,high credibility
WKMG – ClickOrlando – Bias and Credibility,https://mediabiasfactcheck.com/wkmg-clickorlando-bias/,www.clickorlando.com,center,high,high credibility
Inside Science – Bias and Credibility,https://mediabiasfactcheck.com/inside-science/,www.insidescience.org,pro-science,high,high credibility
WLKY – Louisville News – Bias and Credibility,https://mediabiasfactcheck.com/wlky-louisville-news-bias/,www.wlky.com,center,high,high credibility
JStor – Bias and Credibility,https://mediabiasfactcheck.com/jstore/,www.jstor.org,pro-science,very high,high credibility
WMTV News – Bias and Credibility,https://mediabiasfactcheck.com/wmtv-news/,www.weau.com,center,high,high credibility
WNDU News Now – Bias and Credibility,https://mediabiasfactcheck.com/wndu-news-now/,www.wndu.com,center,high,high credibility
WOHL – Lima News – Bias and Credibility,https://mediabiasfactcheck.com/wohl-lima-news/,www.hometownstations.com,center,high,high credibility
Worcester – Spectrum News – Bias and Credibility,https://mediabiasfactcheck.com/worcester-spectrum-news/,www.spectrumnews1.com,center,high,high credibility
Next Big Future – Bias and Credibility,https://mediabiasfactcheck.com/next-big-future/,www.nextbigfuture.com,pro-science,high,high credibility
Political Psychology Journal – Bias and Credibility,https://mediabiasfactcheck.com/political-psychology-journal/,www.ispp.org,pro-science,very high,no credibility rating available
WSFL – Miami News – Bias and Credibility,https://mediabiasfactcheck.com/wsfl-miami-news-bias/,www.wsfltv.com,center,high,high credibility
WTMJ – Milwaukee News – Bias and Credibility,https://mediabiasfactcheck.com/wtmj-milwaukee-news-bias/,www.tmj4.com,center,high,high credibility
WTVR – Richmond News – Bias and Credibility,https://mediabiasfactcheck.com/wtvr-richmond-news-bias/,www.wtvr.com,center,high,high credibility
WikiNews – Bias and Credibility,https://mediabiasfactcheck.com/wikinews/,en.wikinews.org,center,high,high credibility
WION (World is One News) – Bias and Credibility,https://mediabiasfactcheck.com/wion-world-one-news/,www.wionews.com,center,mixed,medium credibility
Science.org (Magazine) – Bias and Credibility,https://mediabiasfactcheck.com/science-magazine/,www.science.org,pro-science,very high,high credibility
Science Translational Medicine – Bias and Credibility,https://mediabiasfactcheck.com/science-translational-medicine/,www.science.org,pro-science,very high,high credibility
Seeker – Bias and Credibility,https://mediabiasfactcheck.com/seeker-daily/,www.seeker.com,pro-science,high,no credibility rating available
Skeptical Raptor – Bias and Credibility,https://mediabiasfactcheck.com/skeptical-raptor/,www.skepticalraptor.com,pro-science,high,high credibility
WREG – Memphis – Bias and Credibility,https://mediabiasfactcheck.com/wreg-memphis/,www.wreg.com,center,high,high credibility
WSAZ News Channel – Bias and Credibility,https://mediabiasfactcheck.com/wsaz-news-channel/,www.wsaz.com,center,high,high credibility
WSMV – Nashville – Bias and Credibility,https://mediabiasfactcheck.com/wsmv-nashville-bias/,www.wsmv.com,center,high,high credibility
WTAJ – Altoona News – Bias and Credibility,https://mediabiasfactcheck.com/wtaj-altoona-news/,www.wearecentralpa.com,center,high,high credibility
WebMD – Bias and Credibility,https://mediabiasfactcheck.com/webmd/,www.webmd.com,pro-science,high,high credibility
Alternative Facts – Bias and Credibility,https://mediabiasfactcheck.com/alternative-facts/,www.alternativelyfacts.com,satire,no factual reporting rating,no credibility rating available
WUTR – Utica News – Bias and Credibility,https://mediabiasfactcheck.com/wutr-utica-news-bias/,www.cnyhomepage.com,center,high,high credibility
Conservative Tears – Bias and Credibility,https://mediabiasfactcheck.com/conservative-tears/,www.conservativetears.com,satire,no factual reporting rating,no credibility rating available
Daily World Update – Bias and Credibility,https://mediabiasfactcheck.com/daily-world-update/,www.dailyworldupdate.us,satire,no factual reporting rating,no credibility rating available
Deleware Ohio News – Bias and Credibility,https://mediabiasfactcheck.com/deleware-ohio-news-bias/,www.delawareohionews.com,satire,no factual reporting rating,no credibility rating available
WXIX – Cincinnati News – Bias and Credibility,https://mediabiasfactcheck.com/wxix-cincinnati-news/,www.fox19.com,center,high,high credibility
WXXA – Fox23 – Bias and Credibility,https://mediabiasfactcheck.com/wxxa-fox23-bias/,www.news10.com,center,high,high credibility
WYFX – Youngstown News – Bias and Credibility,https://mediabiasfactcheck.com/wyfx-youngstown-news-bias/,www.wytv.com,center,high,high credibility
Madhouse Magazine – Bias and Credibility,https://mediabiasfactcheck.com/madhouse-magazine/,www.madhousemagazine.com,satire,no factual reporting rating,no credibility rating available
9 News (Australia) – Bias and Credibility,https://mediabiasfactcheck.com/9-news-australia/,www.9news.com.au,right-center,high,high credibility
Reductress – Bias and Credibility,https://mediabiasfactcheck.com/reductress/,www.reductress.com,satire,no factual reporting rating,no credibility rating available
Frontiers in Arachnid Science – Bias and Credibility,https://mediabiasfactcheck.com/frontiers-in-arachnid-science-bias/,www.frontiersin.org,pro-science,mostly,high credibility
Frontiers in Behavioral Economics – Bias and Credibility,https://mediabiasfactcheck.com/frontiers-in-behavioral-economics-bias/,www.frontiersin.org,pro-science,mostly,high credibility
Frontiers in Biomaterials Science – Bias and Credibility,https://mediabiasfactcheck.com/frontiers-in-biomaterials-science-bias/,www.frontiersin.org,pro-science,mostly,high credibility
Frontiers in Carbon – Bias and Credibility,https://mediabiasfactcheck.com/frontiers-in-carbon-bias/,www.frontiersin.org,pro-science,mostly,high credibility
Winter Haven News Chief – Bias and Credibility,https://mediabiasfactcheck.com/winter-haven-news-chief-bias/,www.newschief.com,center,high,high credibility
Frontiers in Child and Adolescent Psychiatry – Bias and Credibility,https://mediabiasfactcheck.com/frontiers-in-child-and-adolescent-psychiatry-bias/,www.frontiersin.org,pro-science,mostly,high credibility
Genes & Nutrition Journal – Bias and Credibility,https://mediabiasfactcheck.com/genes-nutrition-journal-bias/,genesandnutrition.biomedcentral.com,pro-science,high,high credibility
WKBN – Youngstown News – Bias and Credibility,https://mediabiasfactcheck.com/wkbn-youngstown-news-bias/,www.wkbn.com,center,high,high credibility
WKOW – Madison News – Bias and Credibility,https://mediabiasfactcheck.com/wkow-madison-news-bias/,www.wkow.com,center,high,high credibility
WLBT – Jackson News – Bias and Credibility,https://mediabiasfactcheck.com/wlbt-jackson-news-bias/,www.wlbt.com,center,high,high credibility
WLNS – Lansing News – Bias and Credibility,https://mediabiasfactcheck.com/wlns-lansing-news-bias/,www.wlns.com,center,high,high credibility
WLWT – Cincinnati News – Bias and Credibility,https://mediabiasfactcheck.com/wlwt-cincinnati-news-bias/,www.wlwt.com,center,high,high credibility
WMSN – Madison News – Bias and Credibility,https://mediabiasfactcheck.com/wmsn-madison-news-bias/,www.fox47.com,center,high,high credibility
Medscape – Bias and Credibility,https://mediabiasfactcheck.com/medscape/,www.medscape.com,pro-science,very high,high credibility
National Centers for Environmental Information (NCEI) – Bias and Credibility,https://mediabiasfactcheck.com/national-centers-environmental-information-ncei/,www.ncdc.noaa.gov,pro-science,very high,high credibility
WOOD – Grand Rapids News – Bias and Credibility,https://mediabiasfactcheck.com/wood-grand-rapids-news-bias/,www.woodtv.com,center,high,high credibility
New Scientist – Bias and Credibility,https://mediabiasfactcheck.com/new-scientist/,www.newscientist.com,pro-science,very high,high credibility
Phys.org – Bias and Credibility,https://mediabiasfactcheck.com/phys-org/,www.phys.org,pro-science,high,high credibility
WSEE – Erie News – Bias and Credibility,https://mediabiasfactcheck.com/wsee-erie-news-bias/,www.erienewsnow.com,center,high,high credibility
WTKR – Norfolk News – Bias and Credibility,https://mediabiasfactcheck.com/wtkr-norfolk-news-bias/,www.wtkr.com,center,high,high credibility
RealClimate – Bias and Credibility,https://mediabiasfactcheck.com/realclimate/,www.realclimate.org,pro-science,very high,high credibility
SciCentral – Bias and Credibility,https://mediabiasfactcheck.com/scicentral/,www.scicentral.com,pro-science,high,no credibility rating available
Science Daily – Bias and Credibility,https://mediabiasfactcheck.com/science-daily/,www.sciencedaily.com,pro-science,high,high credibility
WKRN – Nashville News – Bias and Credibility,https://mediabiasfactcheck.com/wkrn-nashville-news-bias/,www.wkrn.com,center,high,high credibility
WMTW – Portland News – Bias and Credibility,https://mediabiasfactcheck.com/wmtw-portland-news-bias/,www.wmtw.com,center,high,high credibility
Scripps Institution of Oceanography – Bias and Credibility,https://mediabiasfactcheck.com/scripps-institution-oceanography/,scripps.ucsd.edu,pro-science,very high,high credibility
Skeptical Inquirer – Bias and Credibility,https://mediabiasfactcheck.com/skeptical-inquirer/,www.skepticalinquirer.org,pro-science,very high,high credibility
Sky and Telescope – Bias and Credibility,https://mediabiasfactcheck.com/sky-and-telescope/,www.skyandtelescope.org,pro-science,very high,no credibility rating available
WROC – Rochester First – Bias and Credibility,https://mediabiasfactcheck.com/wroc-rochester-first-bias/,www.rochesterfirst.com,center,high,high credibility
The Scientist – Bias and Credibility,https://mediabiasfactcheck.com/the-scientist/,www.the-scientist.com,pro-science,very high,high credibility
WSYM – Lansing News – Bias and Credibility,https://mediabiasfactcheck.com/wsym-lansing-news-bias/,www.fox47news.com,center,high,high credibility
VeryWell Fit – Bias and Credibility,https://mediabiasfactcheck.com/verywell-fit-bias/,www.verywellfit.com,pro-science,high,high credibility
ZME Science – Bias and Credibility,https://mediabiasfactcheck.com/zme-science/,www.zmescience.com,pro-science,high,high credibility
Americas Last Line of Defense – Bias and Credibility,https://mediabiasfactcheck.com/the-resistance-the-last-line-of-defense/,www.americaslastlineofdefense.com,satire,no factual reporting rating,no credibility rating available
WVEC – 13NewsNow – Bias and Credibility,https://mediabiasfactcheck.com/wvec-13newsnow/,www.13newsnow.com,center,high,high credibility
Cracked.com – Bias and Credibility,https://mediabiasfactcheck.com/cracked/,www.cracked.com,satire,no factual reporting rating,no credibility rating available
DailySnark – Bias and Credibility,https://mediabiasfactcheck.com/dailysnark/,www.dailysnark.com,satire,no factual reporting rating,no credibility rating available
WXIN – Fox59 – Indianapolis – Bias and Credibility,https://mediabiasfactcheck.com/wxin-fox59-indianapolis-bias/,www.fox59.com,center,high,high credibility
WXOW – La Crosse News – Bias and Credibility,https://mediabiasfactcheck.com/wxow-la-crosse-news/,www.wxow.com,center,high,high credibility
WYMT – Eastern Kentucky News – Bias and Credibility,https://mediabiasfactcheck.com/wymt-eastern-kentucky-news-bias/,www.wymt.com,center,high,high credibility
InfoBattle – Bias and Credibility,https://mediabiasfactcheck.com/infobattle/,www.infobattle.org,satire,no factual reporting rating,no credibility rating available
MoronMajority.com – Bias and Credibility,https://mediabiasfactcheck.com/moronmajority-com/,www.moronmajority.com,satire,no factual reporting rating,no credibility rating available
Frontiers in Astronomy and Space Science – Bias and Credibility,https://mediabiasfactcheck.com/frontiers-in-astronomy-and-space-science/,www.frontiersin.org,pro-science,mostly,high credibility
WHNS – Greenville News – Bias and Credibility,https://mediabiasfactcheck.com/whns-greenville-news-bias/,www.foxcarolina.com,center,high,high credibility
Frontiers in Bird Science – Bias and Credibility,https://mediabiasfactcheck.com/frontiers-in-bird-science-bias/,www.frontiersin.org,pro-science,mostly,high credibility
Frontiers in Catalysis – Bias and Credibility,https://mediabiasfactcheck.com/frontier-in-catalysis-bias/,www.frontiersin.org,pro-science,mostly,high credibility
WISC – Madison News – Bias and Credibility,https://mediabiasfactcheck.com/wisc-madison-news-bias/,www.channel3000.com,center,high,high credibility
Frontiers In Psychology – Bias and Credibility,https://mediabiasfactcheck.com/frontiers-in-psychology/,www.frontiersin.org,pro-science,mostly,high credibility
Genes and Environment Journal – Bias and Credibility,https://mediabiasfactcheck.com/genes-and-environment-journal-bias/,genesenvironment.biomedcentral.com,pro-science,high,high credibility
Health Affairs Journal – Bias and Credibility,https://mediabiasfactcheck.com/health-affairs-journal/,www.healthaffairs.org,pro-science,very high,high credibility
WKYC – Cleveland News – Bias and Credibility,https://mediabiasfactcheck.com/wkyc-cleveland-news-bias/,www.wkyc.com,center,high,high credibility
Institute for Health Metrics and Evaluation (healthdata.org) – Bias and Credibility,https://mediabiasfactcheck.com/institute-for-health-metrics-and-evaluation-healthdata-org/,www.healthdata.org,pro-science,high,high credibility
James Randi Educational Foundation – Bias and Credibility,https://mediabiasfactcheck.com/james-randi-educational-foundation/,web.randi.org,pro-science,very high,high credibility
Mayo Clinic – Bias and Credibility,https://mediabiasfactcheck.com/mayo-clinic/,www.mayoclinic.org,pro-science,high,high credibility
WNCN – Raleigh – Bias and Credibility,https://mediabiasfactcheck.com/wncn-raleigh-bias/,www.cbs17.com,center,high,high credibility
WNYW – Fox 5 – New York – Bias and Credibility,https://mediabiasfactcheck.com/wnyw-fox-5-new-york-bias/,www.fox5ny.com,center,high,high credibility
Nautilus Magazine – Bias and Credibility,https://mediabiasfactcheck.com/nautilus-magazine/,www.nautil.us,pro-science,high,high credibility
WPBF – West Palm Beach News – Bias and Credibility,https://mediabiasfactcheck.com/wpbf-west-palm-beach-news-bias/,www.wpbf.com,center,high,high credibility
WPTZ – Plattsburgh News – Bias and Credibility,https://mediabiasfactcheck.com/wptz-plattsburgh-news-bias/,www.mynbc5.com,center,high,high credibility
Proceedings of the National Academy of Sciences of the United States of America (PNAS),https://mediabiasfactcheck.com/proceedings-of-the-national-academy-of-sciences-of-the-united-states-of-america-pnas/,www.pnas.org,pro-science,very high,high credibility
Public Library of Science (PLOS) – Bias and Credibility,https://mediabiasfactcheck.com/public-library-science-plos/,www.plos.org,pro-science,high,high credibility
WTVO – Rockford News – Bias and Credibility,https://mediabiasfactcheck.com/wtvo-rockford-news-bias/,www.mystateline.com,center,high,high credibility
WTXL – Tallahassee News – Bias and Credibility,https://mediabiasfactcheck.com/wtxl-tallahassee-news/,www.wtxl.com,center,high,high credibility
ScienceDirect – Bias and Credibility,https://mediabiasfactcheck.com/sciencedirect/,www.sciencedirect.com,pro-science,high,high credibility
WKYT News – Bias and Credibility,https://mediabiasfactcheck.com/wkyt-news/,www.wvlt.tv,center,high,high credibility
WMUR9 – Bias and Credibility,https://mediabiasfactcheck.com/wmur9/,www.wmur.com,center,high,high credibility
World Politics Review – Bias and Credibility,https://mediabiasfactcheck.com/world-politics-review/,www.worldpoliticsreview.com,center,high,high credibility
WPXI – Bias and Credibility,https://mediabiasfactcheck.com/wpxi/,www.wpxi.com,center,high,high credibility
Society for Science – Bias and Credibility,https://mediabiasfactcheck.com/society-for-science/,www.societyforscience.org,pro-science,very high,high credibility
WSAW-TV – Bias and Credibility,https://mediabiasfactcheck.com/wsaw-tv/,www.witn.com,center,high,high credibility
The Skeptic’s Dictionary – Bias and Credibility,https://mediabiasfactcheck.com/the-skeptics-dictionary/,www.skepdic.com,pro-science,very high,high credibility
WTAE Pittsburgh’s Action News 4 – Bias and Credibility,https://mediabiasfactcheck.com/wtae-pittsburghs-action-news-4/,www.wtae.com,center,high,high credibility
VeryWell Mind – Bias and Credibility,https://mediabiasfactcheck.com/verywell-mind-bias/,www.verywellfamily.com,pro-science,high,high credibility
The Adobo Chronicles – Bias and Credibility,https://mediabiasfactcheck.com/the-adobo-chronicles/,www.adobochronicles.com,satire,no factual reporting rating,no credibility rating available
Blue News Network (BNN) – Bias and Credibility,https://mediabiasfactcheck.com/blue-news-network-bnn/,www.bluenewsnetwork.com,satire,no factual reporting rating,no credibility rating available
WVNS – Bluefield News – Bias and Credibility,https://mediabiasfactcheck.com/wvns-bluefield-news-bias/,www.wvnstv.com,center,high,high credibility
WVVA – Bluefield News – Bias and Credibility,https://mediabiasfactcheck.com/wvva-bluefield-news-bias/,www.wvva.com,center,high,high credibility
WFXV – Uitica News – Bias and Credibility,https://mediabiasfactcheck.com/wfxv-uitica-news-bias/,www.cnyhomepage.com,center,high,high credibility
WXMI – Grand Rapids News – Bias and Credibility,https://mediabiasfactcheck.com/wxmi-grand-rapids-news-bias/,www.fox17online.com,center,high,high credibility
Freedom Fictions – Bias and Credibility,https://mediabiasfactcheck.com/freedom-fictions/,www.freedomfictions.com,satire,no factual reporting rating,no credibility rating available
WZDX – Huntsville News – Bias and Credibility,https://mediabiasfactcheck.com/wzdx-huntsville-news-bias/,www.rocketcitynow.com,center,high,high credibility
NewsBiscuit – Bias and Credibility,https://mediabiasfactcheck.com/news-biscuit/,www.newsbiscuit.com,satire,no factual reporting rating,no credibility rating available
Real News Right Now – Bias and Credibility,https://mediabiasfactcheck.com/real-news-right-now/,www.realnewsrightnow.com,satire,no factual reporting rating,no credibility rating available
WHDT – West Palm Beach News – Bias and Credibility,https://mediabiasfactcheck.com/whdt-west-palm-beach-news-bias/,www.wptv.com,center,high,high credibility
Frontiers in Big Data – Bias and Credibility,https://mediabiasfactcheck.com/frontiers-in-big-data-bias/,www.frontiersin.org,pro-science,mostly,high credibility
Wichita Eagle – Bias and Credibility,https://mediabiasfactcheck.com/wichita-eagle/,www.kansas.com,center,high,high credibility
Frontiers in Cell and Development – Bias and Credibility,https://mediabiasfactcheck.com/frontiers-in-cell-and-development-bias/,www.frontiersin.org,pro-science,mostly,high credibility
WITI – Fox 6 – Milwaukee – Bias and Credibility,https://mediabiasfactcheck.com/witi-fox-6-milwaukee-bias/,www.fox6now.com,center,high,high credibility
Futurism – Bias and Credibility,https://mediabiasfactcheck.com/futurism/,www.futurism.com,pro-science,mostly,high credibility
WJW – Cleveland News – Bias and Credibility,https://mediabiasfactcheck.com/wjw-cleveland-news-bias/,www.fox8.com,center,high,high credibility
HealthLine – Bias and Credibility,https://mediabiasfactcheck.com/healthline/,www.healthline.com,pro-science,mostly,high credibility
WLAX – La Crosse News – Bias and Credibility,https://mediabiasfactcheck.com/wlax-la-crosse-news/,www.wiproud.com,center,high,high credibility
iScience Journal – Bias and Credibility,https://mediabiasfactcheck.com/iscience-journal-bias/,www.cell.com,pro-science,high,high credibility
WLUC – Upper Peninsula News – Bias and Credibility,https://mediabiasfactcheck.com/wluc-upper-peninsula-news-bias/,www.uppermichiganssource.com,center,high,high credibility
Medical News Today – Bias and Credibility,https://mediabiasfactcheck.com/medical-news-today/,www.medicalnewstoday.com,pro-science,high,high credibility
MIT Technology Review – Bias and Credibility,https://mediabiasfactcheck.com/mit-technology-review/,www.technologyreview.com,pro-science,very high,high credibility
National Institutes of Health (NIH) – Bias and Credibility,https://mediabiasfactcheck.com/national-institutes-of-health-nih/,www.nih.gov,pro-science,high,high credibility
Worcester News – Bias and Credibility,https://mediabiasfactcheck.com/worcester-news-bias/,www.worcesternews.co.uk,center,high,high credibility
WPHL 17 – Bias and Credibility,https://mediabiasfactcheck.com/wphl-17-bias/,www.phl17.com,center,high,high credibility
WQAD – Moline News – Bias and Credibility,https://mediabiasfactcheck.com/wqad-moline-news-bias/,www.wqad.com,center,high,high credibility
Psych Central – Bias and Credibility,https://mediabiasfactcheck.com/psych-central/,www.psychcentral.com,pro-science,high,high credibility
PubMed – Bias and Credibility,https://mediabiasfactcheck.com/pubmed/,pubmed.ncbi.nlm.nih.gov,pro-science,high,high credibility
ResearchGate – Bias and Credibility,https://mediabiasfactcheck.com/researchgate/,www.researchgate.net,pro-science,high,high credibility
Science 2.0 – Bias and Credibility,https://mediabiasfactcheck.com/science-2-0/,www.science20.com,pro-science,high,high credibility
Winston-Salem Journal – Bias and Credibility,https://mediabiasfactcheck.com/winston-salem-journal/,www.journalnow.com,center,high,high credibility
Science Immunology Journal – Bias and Credibility,https://mediabiasfactcheck.com/science-immunology-journal-bias/,www.science.org,pro-science,very high,high credibility
Science Signaling Journal – Bias and Credibility,https://mediabiasfactcheck.com/science-signaling-journal/,www.science.org,pro-science,very high,high credibility
Worldometers – Bias and Credibility,https://mediabiasfactcheck.com/worldometer/,www.worldometers.info,center,high,high credibility
WPTA – Fort Wayne – Bias and Credibility,https://mediabiasfactcheck.com/wpta-fort-wayne-bias/,www.wpta21.com,center,high,high credibility
WRDW – News 12 – Bias and Credibility,https://mediabiasfactcheck.com/wrdw-news-12/,www.wrdw.com,center,high,high credibility
The American Institute of Physics – Bias and Credibility,https://mediabiasfactcheck.com/the-american-institute-of-physics/,www.aip.org,pro-science,very high,high credibility
WSFA – Montgomery – Bias and Credibility,https://mediabiasfactcheck.com/wsfa-montgomery-bias/,www.wsfa.com,center,high,high credibility
Universe Today – Bias and Credibility,https://mediabiasfactcheck.com/universe-today/,www.universetoday.com,pro-science,high,high credibility
WTHI – Terre Haute News – Bias and Credibility,https://mediabiasfactcheck.com/wthi-terre-haute-news-bias/,www.wthitv.com,center,high,high credibility
WTTG – Fox 5 – DC – Bias and Credibility,https://mediabiasfactcheck.com/wttg-fox-5-dc-bias/,www.fox5dc.com,center,high,high credibility
WTXF-TV Fox 29 – Bias and Credibility,https://mediabiasfactcheck.com/wtxf-tv-fox-29/,www.fox29.com,center,high,high credibility
Confederacy of Drones – Bias and Credibility,https://mediabiasfactcheck.com/confederacy-of-drones/,www.confederacyofdrones.com,satire,no factual reporting rating,no credibility rating available
The Daily Squib – Bias and Credibility,https://mediabiasfactcheck.com/the-daily-squib/,www.dailysquib.co.uk,satire,no factual reporting rating,no credibility rating available
WWSB – Sarasota – Bias and Credibility,https://mediabiasfactcheck.com/wwsb-sarasota/,www.mysuncoast.com,center,high,high credibility
FARK.com – Bias and Credibility,https://mediabiasfactcheck.com/fark-com-bias/,www.fark.com,satire,no factual reporting rating,no credibility rating available
WXYZ – Detriot News – Bias and Credibility,https://mediabiasfactcheck.com/wxyz-detriot-news-bias/,www.wxyz.com,center,high,high credibility
WYZZ – Bloomington News – Bias and Credibility,https://mediabiasfactcheck.com/wyzz-bloomington-news-bias/,www.centralillinoisproud.com,center,high,high credibility
YLE News (Yle.fi ) – Bias and Credibility,https://mediabiasfactcheck.com/yle-news-yle-fi/,www.yle.fi,center,mostly,high credibility
News Thump – Bias and Credibility,https://mediabiasfactcheck.com/news-thump/,www.newsthump.com,satire,no factual reporting rating,no credibility rating available
Airdrie Echo – Bias and Credibility,https://mediabiasfactcheck.com/airdrie-echo-bias/,www.airdrieecho.com,right-center,high,high credibility
Stubhill News – Bias and Credibility,https://mediabiasfactcheck.com/stubhill-news/,www.stubhillnews.com,satire,no factual reporting rating,no credibility rating available
Frontiers in Behavioral Neuroscience – Bias and Credibility,https://mediabiasfactcheck.com/frontiers-in-behavioral-neuroscience-bias/,www.frontiersin.org,pro-science,mostly,high credibility
WIAT – CBS 42 – Bias and Credibility,https://mediabiasfactcheck.com/wiat-cbs-42/,www.cbs42.com,center,high,high credibility
Will County Herald-News – Bias and Credibility,https://mediabiasfactcheck.com/will-county-herald-news-bias/,www.shawlocal.com,center,high,high credibility
WIS – Columbia SC News – Bias and Credibility,https://mediabiasfactcheck.com/wis-columbia-sc-news/,www.wistv.com,center,high,high credibility
Frontiers in Climate – Bias and Credibility,https://mediabiasfactcheck.com/frontiers-in-climate-bias/,www.frontiersin.org,pro-science,mostly,high credibility
WJHG News – Bias and Credibility,https://mediabiasfactcheck.com/wjhg-news/,www.wjhg.com,center,high,high credibility
Healio – Bias and Credibility,https://mediabiasfactcheck.com/healio/,www.healio.com,pro-science,high,high credibility
WKRG News 5 – Bias and Credibility,https://mediabiasfactcheck.com/wkrg-news-5-bias/,www.wkrg.com,center,high,high credibility
WLEX – Lexington News – Bias and Credibility,https://mediabiasfactcheck.com/wlex-lexington-news-bias/,www.lex18.com,center,high,high credibility
WLOX – Biloxi News – Bias and Credibility,https://mediabiasfactcheck.com/wlox-biloxi-news-bias/,www.wlox.com,center,high,high credibility
WMBB – Panama City News – Bias and Credibility,https://mediabiasfactcheck.com/wmbb-panama-city-news-bias/,www.mypanhandle.com,center,high,high credibility
WMYD – Detroit News – Bias and Credibility,https://mediabiasfactcheck.com/wmyd-detroit-news-bias/,www.tv20detroit.com,center,high,high credibility
WNEM – Bay City News – Bias and Credibility,https://mediabiasfactcheck.com/wnem-bay-city-news-bias/,www.wnem.com,center,high,high credibility
WOI-DT – Des Moines News – Bias and Credibility,https://mediabiasfactcheck.com/woi-dt-des-moines-news-bias/,www.weareiowa.com,center,high,high credibility
New England Journal of Medicine (NEJM) – Bias and Credibility,https://mediabiasfactcheck.com/new-england-journal-of-medicine-nejm/,www.nejm.org,pro-science,very high,high credibility
WPNM – Leipsic News – Bias and Credibility,https://mediabiasfactcheck.com/wpnm-leipsic-news-bias/,www.hometownstations.com,center,high,high credibility
WREX – Rockford News – Bias and Credibility,https://mediabiasfactcheck.com/wrex-rockford-news-bias/,www.wrex.com,center,high,high credibility
WSOC – Charlotte News – Bias and Credibility,https://mediabiasfactcheck.com/wsoc-charlotte-news-bias/,www.wsoctv.com,center,high,high credibility
WTRF – Wheeling News – Bias and Credibility,https://mediabiasfactcheck.com/wtrf-wheeling-news-bias/,www.wtrf.com,center,high,high credibility
Resource Watch – Bias and Credibility,https://mediabiasfactcheck.com/resource-watch/,www.resourcewatch.org,pro-science,high,high credibility
Wikipedia – Bias and Credibility,https://mediabiasfactcheck.com/wikipedia/,www.wikipedia.org,center,mixed,medium credibility
Science Feedback – Bias and Credibility,https://mediabiasfactcheck.com/science-feedback/,science.feedback.org,pro-science,very high,high credibility
Science Media Centre – Bias and Credibility,https://mediabiasfactcheck.com/science-media-centre/,www.sciencemediacentre.org,pro-science,high,no credibility rating available
ScienceAlert – Bias and Credibility,https://mediabiasfactcheck.com/sciencealert/,www.sciencealert.com,pro-science,high,high credibility
Significance Magazine – Bias and Credibility,https://mediabiasfactcheck.com/significance-magazine/,www.significancemagazine.com,pro-science,high,high credibility
WQOW – Eau Claire News – Bias and Credibility,https://mediabiasfactcheck.com/wqow-eau-claire-news-bias/,www.wqow.com,center,high,high credibility
Space.com – Bias and Credibility,https://mediabiasfactcheck.com/space-com/,www.space.com,pro-science,high,high credibility
The Lancet – Bias and Credibility,https://mediabiasfactcheck.com/the-lancet/,www.thelancet.com,pro-science,very high,high credibility
Understand Reality Through Science – Bias and Credibility,https://mediabiasfactcheck.com/understand-reality-through-science/,understandrealitythroughscience.blogspot.com,pro-science,high,high credibility
Vaxopedia – Bias and Credibility,https://mediabiasfactcheck.com/vaxopedia/,www.vaxopedia.org,pro-science,high,high credibility
WTNH – New Haven News – Bias and Credibility,https://mediabiasfactcheck.com/wtnh-new-haven-news-bias/,www.wtnh.com,center,high,high credibility
WTVA – Tupelo News – Bias and Credibility,https://mediabiasfactcheck.com/wtva-tupelo-news-bias/,www.wtva.com,center,high,high credibility
Breaking Burgh – Bias and Credibility,https://mediabiasfactcheck.com/breaking-burgh/,www.breakingburgh.com,satire,no factual reporting rating,no credibility rating available
WVUE – New Orleans News – Bias and Credibility,https://mediabiasfactcheck.com/wvue-new-orleans-news-bias/,www.fox8live.com,center,high,high credibility
WWOR – My9 – New Jersey – Bias and Credibility,https://mediabiasfactcheck.com/wwor-my9-new-jersey-bias/,www.my9nj.com,center,high,high credibility
WXII – Winston-Salem News – Bias and Credibility,https://mediabiasfactcheck.com/wxii-winston-salem-news-bias/,www.wxii12.com,center,high,high credibility
WWL – New Orleans News – Bias and Credibility,https://mediabiasfactcheck.com/wwl-new-orleans-news-bias/,www.wwltv.com,center,high,high credibility
Genesius Times – Bias and Credibility,https://mediabiasfactcheck.com/genesius-times/,www.genesiustimes.com,satire,no factual reporting rating,no credibility rating available
WZMQ – Marquette News – Bias and Credibility,https://mediabiasfactcheck.com/wzmq-marquette-news-bias/,www.wzmq19.com,center,high,high credibility
News Mutiny – Bias and Credibility,https://mediabiasfactcheck.com/news-mutiny/,www.newsmutiny.com,satire,no factual reporting rating,no credibility rating available
Real Raw News – Bias and Credibility,https://mediabiasfactcheck.com/real-raw-news/,www.realrawnews.com,satire,no factual reporting rating,no credibility rating available
Stilton’s Place – Bias and Credibility,https://mediabiasfactcheck.com/stiltons-place/,stiltonsplace.blogspot.com,satire,no factual reporting rating,no credibility rating available
American Action Forum – Bias and Credibility,https://mediabiasfactcheck.com/american-action-forum/,www.americanactionforum.org,right-center,mostly,high credibility
WICU – Erie News – Bias and Credibility,https://mediabiasfactcheck.com/wicu-erie-news-bias/,www.erienewsnow.com,center,high,high credibility
WINK – Fort Myers News – Bias and Credibility,https://mediabiasfactcheck.com/wink-fort-myers-news-bias/,www.winknews.com,center,high,high credibility
Frontiers in Chemical Engineering – Bias and Credibility,https://mediabiasfactcheck.com/frontiers-in-chemical-engineering-bias/,www.frontiersin.org,pro-science,mostly,high credibility
WIVT – Binghamton News – Bias and Credibility,https://mediabiasfactcheck.com/wivt-binghamton-news-bias/,www.binghamtonhomepage.com,center,high,high credibility
Genetic Engineering and Biotechnology News (GEN) – Bias and Credibility,https://mediabiasfactcheck.com/genetic-engineering-and-biotechnology-news-gen/,www.genengnews.com,pro-science,high,high credibility
Health Feedback – Bias and Credibility,https://mediabiasfactcheck.com/health-feedback/,science.feedback.org,pro-science,very high,high credibility
Human Genomics – Bias and Credibility,https://mediabiasfactcheck.com/human-genomics-bias/,humgenomics.biomedcentral.com,pro-science,high,high credibility
WLFI – Lafayette News – Bias and Credibility,https://mediabiasfactcheck.com/wlfi-lafayette-news-bias/,www.wlfi.com,center,high,high credibility
Johns Hopkins Medicine – Bias and Credibility,https://mediabiasfactcheck.com/johns-hopkins-medicine/,www.hopkinsmedicine.org,pro-science,very high,high credibility
Matter Journal – Bias and Credibility,https://mediabiasfactcheck.com/matter-journal-bias/,www.cell.com,pro-science,high,high credibility
Medpage Today – Bias and Credibility,https://mediabiasfactcheck.com/medpage-today/,www.medpagetoday.com,pro-science,very high,high credibility
National Academy of Sciences (NAS) – Bias and Credibility,https://mediabiasfactcheck.com/national-academy-of-sciences-nas/,www.nationalacademyofsciences.org,pro-science,very high,no credibility rating available
WOIO -Cleveland News – Bias and Credibility,https://mediabiasfactcheck.com/woio-cleveland-news-bias/,www.cleveland19.com,center,high,high credibility
WOWT 6 News – Bias and Credibility,https://mediabiasfactcheck.com/wowt-6-news/,www.wowt.com,center,high,high credibility
Pan American Health Organization (PAHO) – Bias and Credibility,https://mediabiasfactcheck.com/pan-american-health-organization-paho/,www.paho.org,pro-science,high,high credibility
Precision Vaccinations – Bias and Credibility,https://mediabiasfactcheck.com/precision-vaccinations/,www.precisionvaccinations.com,pro-science,high,high credibility
Psypost – Bias and Credibility,https://mediabiasfactcheck.com/psypost/,www.psypost.org,pro-science,high,high credibility
Real Clear Science – Bias and Credibility,https://mediabiasfactcheck.com/real-clear-science/,www.realclearscience.com,pro-science,high,no credibility rating available
WTWO – Terre Haute News – Bias and Credibility,https://mediabiasfactcheck.com/wtwo-terre-haute-news-bias/,www.mywabashvalley.com,center,high,high credibility
Winona Daily News – Bias and Credibility,https://mediabiasfactcheck.com/winona-daily-news/,www.winonadailynews.com,center,high,high credibility
WJZY – Charlotte – Bias and Credibility,https://mediabiasfactcheck.com/wjzy-charlotte-bias/,www.fox46.com,center,high,high credibility
WMAZ – Macon News – Bias and Credibility,https://mediabiasfactcheck.com/wmaz-macon-news-bias/,www.13wmaz.com,center,high,high credibility
WOFL Fox 35 Orlando – Bias and Credibility,https://mediabiasfactcheck.com/wofl-fox-35-orlando/,www.fox35orlando.com,center,high,high credibility
SingularityHub – Bias and Credibility,https://mediabiasfactcheck.com/singularityhub/,www.singularityhub.com,pro-science,high,high credibility
WRAL – Bias and Credibility,https://mediabiasfactcheck.com/wral/,www.wral.com,center,high,high credibility
Wright County Monitor – Bias and Credibility,https://mediabiasfactcheck.com/wright-county-monitor-bias/,www.clarionnewsonline.com,center,high,high credibility
The Intergovernmental Panel on Climate Change (IPCC) – Bias and Credibility,https://mediabiasfactcheck.com/the-intergovernmental-panel-on-climate-change-ipcc/,www.no url available,pro-science,high,high credibility
WSIL – Harrisburg News – Bias and Credibility,https://mediabiasfactcheck.com/wsil-harrisburg-news-bias/,www.wsiltv.com,center,high,high credibility
US Department of Energy – Office of Science – Bias and Credibility,https://mediabiasfactcheck.com/us-department-energy-office-science/,www.ornl.gov,pro-science,high,high credibility
WTHR – Indianapolis News – Bias and Credibility,https://mediabiasfactcheck.com/wthr-indianapolis-news-bias/,www.wthr.com,center,high,high credibility
WTTV – Indianapolis – Bias and Credibility,https://mediabiasfactcheck.com/wttv-indianapolis-bias/,www.cbs4indy.com,center,high,high credibility
WUSA9.com – Bias and Credibility,https://mediabiasfactcheck.com/wusa9-com/,www.wusa9.com,center,high,high credibility
WVTM – Birmingham News – Bias and Credibility,https://mediabiasfactcheck.com/wvtm-birmingham-news-bias/,www.wvtm13.com,center,high,high credibility
WWLP – Springfield News – Bias and Credibility,https://mediabiasfactcheck.com/wwlp-springfield-news-bias/,www.wwlp.com,center,high,high credibility
Duffel Blog – Bias and Credibility,https://mediabiasfactcheck.com/duffel-blog/,www.duffelblog.com,satire,no factual reporting rating,no credibility rating available
Flake News – Bias and Credibility,https://mediabiasfactcheck.com/flake-news/,www.flake.news,satire,no factual reporting rating,no credibility rating available
WYFF – Greenville News – Bias and Credibility,https://mediabiasfactcheck.com/wyff-greenville-news-bias/,www.wyff4.com,center,high,high credibility
Le Gorafi – Bias and Credibility,https://mediabiasfactcheck.com/le-gorafi/,www.legorafi.fr,satire,no factual reporting rating,no credibility rating available
7News – Bias and Credibility,https://mediabiasfactcheck.com/7news/,7news.com.au,right-center,mixed,medium credibility
Ahram Online – Bias and Credibility,https://mediabiasfactcheck.com/ahram-online/,english.ahram.org.eg,right-center,mixed,medium credibility
Albert Lea Tribune – Bias and Credibility,https://mediabiasfactcheck.com/albert-lea-tribune-bias/,www.albertleatribune.com,right-center,high,high credibility
The Beaverton – Bias and Credibility,https://mediabiasfactcheck.com/the-beaverton/,www.thebeaverton.com,satire,no factual reporting rating,no credibility rating available
Mental Daily – Bias and Credibility,https://mediabiasfactcheck.com/mental-daily/,www.mentaldaily.com,pro-science,high,high credibility
National Geographic – Bias and Credibility,https://mediabiasfactcheck.com/national-geographic/,www.nationalgeographic.com,pro-science,high,high credibility
New Atlas – Bias and Credibility,https://mediabiasfactcheck.com/new-atlas/,www.newatlas.com,pro-science,high,high credibility
WPMT – York News – Bias and Credibility,https://mediabiasfactcheck.com/wmpt-york-news-bias/,www.fox43.com,center,high,high credibility
Popular Mechanics – Bias and Credibility,https://mediabiasfactcheck.com/popular-mechanics/,www.popularmechanics.com,pro-science,high,high credibility
Psychology Today – Bias and Credibility,https://mediabiasfactcheck.com/psychology-today/,www.psychologytoday.com,pro-science,high,high credibility
Quanta Magazine – Bias and Credibility,https://mediabiasfactcheck.com/quanta-magazine/,www.quantamagazine.org,pro-science,very high,high credibility
Retraction Watch – Bias and Credibility,https://mediabiasfactcheck.com/retraction-watch/,www.retractionwatch.com,pro-science,high,no credibility rating available
Winnipeg Free Press – Bias and Credibility,https://mediabiasfactcheck.com/winnipeg-free-press/,www.winnipegfreepress.com,center,high,high credibility
WJBK – Fox 2 – Detroit – Bias and Credibility,https://mediabiasfactcheck.com/wjbk-fox-2-detroit-bias/,www.fox2detroit.com,center,high,high credibility
Science Robotics Journal – Bias and Credibility,https://mediabiasfactcheck.com/science-robotics-journal-bias/,www.science.org,pro-science,very high,high credibility
Woodland Daily Democrat – Bias and Credibility,https://mediabiasfactcheck.com/woodland-daily-democrat-bias/,www.dailydemocrat.com,center,high,high credibility
WPRI – Providence – Bias and Credibility,https://mediabiasfactcheck.com/wpri-providence-bias/,www.wpri.com,center,high,high credibility
Smithsonian Magazine – Bias and Credibility,https://mediabiasfactcheck.com/smithsonian-magazine/,www.smithsonianmag.com,pro-science,very high,high credibility
WSAV – Savannah News – Bias and Credibility,https://mediabiasfactcheck.com/wsav-savannah-news-bias/,www.wsav.com,center,high,high credibility
The Watchers – Bias and Credibility,https://mediabiasfactcheck.com/the-watchers/,www.watchers.news,pro-science,mostly,medium credibility
VeryWell Health – Bias and Credibility,https://mediabiasfactcheck.com/verywell/,www.verywellhealth.com,pro-science,high,high credibility
World Meteorological Organization – Bias and Credibility,https://mediabiasfactcheck.com/world-meteorological-organization/,public.wmo.int,pro-science,very high,high credibility
Babylon Bee – Bias and Credibility,https://mediabiasfactcheck.com/babylon-bee/,www.babylonbee.com,satire,no factual reporting rating,no credibility rating available
Burrard Street Journal – Bias and Credibility,https://mediabiasfactcheck.com/burrard-street-journal/,www.burrardstreetjournal.com,satire,no factual reporting rating,no credibility rating available
Daily News Reported – Bias and Credibility,https://mediabiasfactcheck.com/daily-news-reported-bias/,www.dailynewsreported.com,satire,no factual reporting rating,no credibility rating available
Dunning-Kruger-Times – Bias and Credibility,https://mediabiasfactcheck.com/dunning-kruger-times/,www.dunning-kruger-times.com,satire,no factual reporting rating,no credibility rating available
Frank Mag – Bias and Credibility,https://mediabiasfactcheck.com/frank-mag/,www.frankmag.ca,satire,no factual reporting rating,no credibility rating available
GomerBlog – Bias and Credibility,https://mediabiasfactcheck.com/gomer-blog/,www.gomerblog.com,satire,no factual reporting rating,no credibility rating available
WZZM – Grand Rapids News – Bias and Credibility,https://mediabiasfactcheck.com/wzzm-grand-rapids-news-bias/,www.wzzm13.com,center,high,high credibility
1945 – 19fortyfive.com – Bias and Credibility,https://mediabiasfactcheck.com/1945-19fortyfive-com/,www.19fortyfive.com,right-center,mostly,high credibility
Alabaster Reporter – Bias and Credibility,https://mediabiasfactcheck.com/alabaster-reporter-bias/,www.shelbycountyreporter.com,right-center,high,high credibility
Alexandria Echo Press – Bias and Credibility,https://mediabiasfactcheck.com/alexandria-echo-press-bias/,www.echopress.com,right-center,high,high credibility
American Institute for Economic Research – Bias and Credibility,https://mediabiasfactcheck.com/american-institute-for-economic-research/,www.aier.org,right-center,mixed,medium credibility
The Political Garbage Chute – Bias and Credibility,https://mediabiasfactcheck.com/the-political-garbage-chute/,www.politicalgarbagechute.com,satire,no factual reporting rating,no credibility rating available
The Stonk Market – Bias and Credibility,https://mediabiasfactcheck.com/the-stonk-market-bias/,www.thestonkmarket.com,satire,no factual reporting rating,no credibility rating available
Atlantic Council – Bias and Credibility,https://mediabiasfactcheck.com/atlantic-council/,www.atlanticcouncil.org,right-center,high,high credibility
The Northern Light – Bias and Credibility,https://mediabiasfactcheck.com/the-northern-light-bias/,www.tj.news,right-center,high,high credibility
News-Medical.net – Bias and Credibility,https://mediabiasfactcheck.com/news-medical-net-bias/,www.news-medical.net,pro-science,mostly,high credibility
WQRF – Rockford News – Bias and Credibility,https://mediabiasfactcheck.com/wqrf-rockford-news-bias/,www.mystateline.com,center,high,high credibility
Psychiatric Times – Bias and Credibility,https://mediabiasfactcheck.com/psychiatric-times/,www.psychiatrictimes.com,pro-science,high,high credibility
Quackwatch – Bias and Credibility,https://mediabiasfactcheck.com/quackwatch/,www.quackwatch.org,pro-science,high,no credibility rating available
WTVT – Fox 13 – Tampa Bay – Bias and Credibility,https://mediabiasfactcheck.com/wtvt-fox-13-tampa-bay-bias/,www.fox13news.com,center,high,high credibility
Science Based Medicine – Bias and Credibility,https://mediabiasfactcheck.com/science-based-medicine/,www.sciencebasedmedicine.org,pro-science,very high,high credibility
Science History Institute – Bias and Credibility,https://mediabiasfactcheck.com/science-history-institute/,www.sciencehistory.org,pro-science,high,no credibility rating available
WMC – Memphis News – Bias and Credibility,https://mediabiasfactcheck.com/wmc-memphis-news-bias/,www.actionnews5.com,center,high,high credibility
SciTechDaily – Bias and Credibility,https://mediabiasfactcheck.com/scitechdaily/,www.scitechdaily.com,pro-science,high,medium credibility
Skeptic Magazine – Bias and Credibility,https://mediabiasfactcheck.com/skeptic-magazine/,www.skeptic.com,pro-science,high,high credibility
WRBL – Columbus News – Bias and Credibility,https://mediabiasfactcheck.com/wrbl-columbus-news-bias/,www.wrbl.com,center,high,high credibility
The BMJ (British Medical Journal) – Bias and Credibility,https://mediabiasfactcheck.com/the-bmj-british-medical-journal/,www.bmj.com,pro-science,very high,high credibility
WSLS – 10 News – Roanoke – Bias and Credibility,https://mediabiasfactcheck.com/wsls-10-news-roanoke-bias/,www.wsls.com,center,high,high credibility
WTAP – Parkersburg News – Bias and Credibility,https://mediabiasfactcheck.com/wtap-parkersburg-news-bias/,www.wtap.com,center,high,high credibility
WTOK-TV – Bias and Credibility,https://mediabiasfactcheck.com/wtok-tv/,www.wtok.com,center,high,high credibility
WTVG 13 Action News – Bias and Credibility,https://mediabiasfactcheck.com/wtvg-13-action-news/,www.13abc.com,center,high,high credibility
Clickhole – Bias and Credibility,https://mediabiasfactcheck.com/clickhole/,www.clickhole.com,satire,no factual reporting rating,no credibility rating available
WWBT – Richmond News – Bias and Credibility,https://mediabiasfactcheck.com/wwbt-richmond-news-bias/,www.nbc12.com,center,high,high credibility
Empire News – Bias and Credibility,https://mediabiasfactcheck.com/empire-news/,www.empirenews.net,satire,no factual reporting rating,no credibility rating available
WXVT – DeltaNews – Bias and Credibility,https://mediabiasfactcheck.com/wxvt-deltanews-bias/,www.deltanews.tv,center,high,high credibility
WYTV – Youngstown Ohio News – Bias and Credibility,https://mediabiasfactcheck.com/wytv-youngstown-ohio-news-bias/,www.wytv.com,center,high,high credibility
York News-Times – Bias and Credibility,https://mediabiasfactcheck.com/york-news-times-bias/,www.yorknewstimes.com,center,high,high credibility
ABC (Spain) – Bias and Credibility,https://mediabiasfactcheck.com/abc-spain/,www.abc.es,right-center,high,high credibility
Sports Pickle – Bias and Credibility,https://mediabiasfactcheck.com/sports-pickle/,www.sportspickle.com,satire,no factual reporting rating,no credibility rating available
American Affairs Journal – Bias and Credibility,https://mediabiasfactcheck.com/american-affairs-journal/,www.americanaffairsjournal.org,right-center,high,high credibility
Americas Quarterly – Bias and Credibility,https://mediabiasfactcheck.com/americas-quarterly/,www.americasquarterly.org,right-center,high,high credibility
The Red Shtick – Bias and Credibility,https://mediabiasfactcheck.com/the-red-shtick/,www.theredshtick.com,satire,no factual reporting rating,no credibility rating available
There is News – Bias and Credibility,https://mediabiasfactcheck.com/there-is-news-satire-spain-bias/,www.thereisnews.com,satire,no factual reporting rating,no credibility rating available
Bainbridge Post-Searchlight – Bias and Credibility,https://mediabiasfactcheck.com/bainbridge-post-searchlight-bias/,www.thepostsearchlight.com,right-center,high,high credibility
IMAO (In My Arrogant Opinion) – Bias and Credibility,https://mediabiasfactcheck.com/imao-in-my-arrogant-opinion/,www.imao.us,satire,no factual reporting rating,no credibility rating available
McSweeney’s Internet Tendency – Bias and Credibility,https://mediabiasfactcheck.com/mcsweeneys-internet-tendency/,www.mcsweeneys.net,satire,no factual reporting rating,no credibility rating available
Patriot Party Press – Bias and Credibility,https://mediabiasfactcheck.com/patriot-party-press-bias/,www.patriotpartypress.com,satire,no factual reporting rating,no credibility rating available
Satire V – Bias and Credibility,https://mediabiasfactcheck.com/satire-v/,www.satirev.org,satire,no factual reporting rating,no credibility rating available
Aleteia – Bias and Credibility,https://mediabiasfactcheck.com/aleteia/,www.aleteia.org,right-center,mixed,medium credibility
The Daily Discord – Bias and Credibility,https://mediabiasfactcheck.com/the-daily-discord/,www.dailydiscord.com,satire,no factual reporting rating,no credibility rating available
Americus Times-Recorder – Bias and Credibility,https://mediabiasfactcheck.com/americus-times-recorder-bias/,www.americustimesrecorder.com,right-center,high,high credibility
Annapolis Valley Register – Bias and Credibility,https://mediabiasfactcheck.com/annapolis-valley-register-bias/,www.saltwire.com,right-center,high,high credibility
Arkansas Democrat-Gazette – Bias and Credibility,https://mediabiasfactcheck.com/arkansas-democrat-gazette/,www.arkansasonline.com,right-center,high,high credibility
Zaytung – Bias and Credibility,https://mediabiasfactcheck.com/zaytung/,www.zaytung.com,satire,no factual reporting rating,no credibility rating available
Batesville Daily Guard – Bias and Credibility,https://mediabiasfactcheck.com/batesville-daily-guard-bias/,www.guardonline.com,right-center,high,high credibility
Pretty Cool Site (PCS) – Bias and Credibility,https://mediabiasfactcheck.com/pretty-cool-site-pcs/,www.prettycoolsite.com,satire,no factual reporting rating,no credibility rating available
AL.com (Alabama News) – Bias and Credibility,https://mediabiasfactcheck.com/al-com-alabama-news/,www.al.com,right-center,high,high credibility
Suffolk Gazette – Bias and Credibility,https://mediabiasfactcheck.com/suffolk-gazette/,www.suffolkgazette.com,satire,no factual reporting rating,no credibility rating available
American Council on Science and Health – Bias and Credibility,https://mediabiasfactcheck.com/american-council-on-science-and-health/,www.acsh.org,right-center,high,high credibility
The Needling – Bias and Credibility,https://mediabiasfactcheck.com/the-needling/,www.theneedling.com,satire,no factual reporting rating,no credibility rating available
Anti-War – Bias and Credibility,https://mediabiasfactcheck.com/anti-war/,www.antiwar.com,right-center,mostly,medium credibility
Arutz Sheva (Israel National News) – Bias and Credibility,https://mediabiasfactcheck.com/arutz-sheva-israel-national-news/,www.israelnationalnews.com,right-center,mixed,medium credibility
Left vs. Right Bias: How we rate the bias of media sources,https://mediabiasfactcheck.com/left-vs-right-bias-how-we-rate-the-bias-of-media-sources/,www.no url available,satire,no factual reporting rating,no credibility rating available
Batesville Panolian – Bias and Credibility,https://mediabiasfactcheck.com/batesville-panolian-bias/,www.panolian.com,right-center,high,high credibility
Southend News Network – Bias and Credibility,https://mediabiasfactcheck.com/southend-news-network/,www.southendnewsnetwork.net,satire,no factual reporting rating,no credibility rating available
Sunday Sport – Bias and Credibility,https://mediabiasfactcheck.com/sunday-sport/,www.sundaysportonline.co.uk,satire,no factual reporting rating,no credibility rating available
American Firearms Institute – Bias and Credibility,https://mediabiasfactcheck.com/american-firearms-institute/,www.americanfirearms.org,right-center,high,high credibility
Anchorage Press – Bias and Credibility,https://mediabiasfactcheck.com/anchorage-press-bias/,www.anchoragepress.com,right-center,high,high credibility
The Science Post – Bias and Credibility,https://mediabiasfactcheck.com/the-science-post/,www.thesciencepost.com,satire,no factual reporting rating,no credibility rating available
Asharq Al-Awsat – Bias and Credibility,https://mediabiasfactcheck.com/asharq-al-awsat-2/,www.aawsat.com,right-center,mixed,medium credibility
Ad Free Login,https://mediabiasfactcheck.com/login/,www.no url available,satire,no factual reporting rating,no credibility rating available
Being Libertarian – Bias and Credibility,https://mediabiasfactcheck.com/being-libertarian/,www.beinglibertarian.com,right-center,mixed,medium credibility
Albuquerque Journal – Bias and Credibility,https://mediabiasfactcheck.com/albuquerque-journal/,www.abqjournal.com,right-center,high,high credibility
The Betoota Advocate – Bias and Credibility,https://mediabiasfactcheck.com/the-betoota-advocate/,www.betootaadvocate.com,satire,no factual reporting rating,no credibility rating available
The Hard Times – Bias and Credibility,https://mediabiasfactcheck.com/the-hard-times/,www.thehardtimes.net,satire,no factual reporting rating,no credibility rating available
Angus Reid Institute – Bias and Credibility,https://mediabiasfactcheck.com/angus-reid-institute/,www.angusreid.org,right-center,high,high credibility
Argus Leader – Bias and Credibility,https://mediabiasfactcheck.com/argus-leader/,www.argusleader.com,right-center,high,high credibility
World News Daily Report – Bias and Credibility,https://mediabiasfactcheck.com/world-news-daily/,www.worldnewsdailyreport.com,satire,no factual reporting rating,no credibility rating available
Baptist Standard – Bias and Credibility,https://mediabiasfactcheck.com/baptist-standard/,www.baptiststandard.com,right-center,high,high credibility
Alexander City Outlook – Bias and Credibility,https://mediabiasfactcheck.com/alexander-city-outlook-bias/,www.alexcityoutlook.com,right-center,high,high credibility
The Daily Mash – Bias and Credibility,https://mediabiasfactcheck.com/the-daily-mash/,www.thedailymash.co.uk,satire,no factual reporting rating,no credibility rating available
The Onion – Bias and Credibility,https://mediabiasfactcheck.com/the-onion/,www.theonion.com,satire,no factual reporting rating,no credibility rating available
Apple Daily – Bias and Credibility,https://mediabiasfactcheck.com/apple-daily/,hk.appledaily.com,right-center,mostly,high credibility
Waterford Whispers News – Bias and Credibility,https://mediabiasfactcheck.com/waterford-whispers-news/,www.waterfordwhispersnews.com,satire,no factual reporting rating,no credibility rating available
Atmore Advance – Bias and Credibility,https://mediabiasfactcheck.com/atmore-advance-bias/,www.atmoreadvance.com,right-center,high,high credibility
Beavercreek News-Current – Bias and Credibility,https://mediabiasfactcheck.com/beavercreek-news-current-bias/,www.beavercreeknewscurrent.com,right-center,high,high credibility
The Chaser – Bias and Credibility,https://mediabiasfactcheck.com/the-chaser/,chaser.com.au,satire,no factual reporting rating,no credibility rating available
The Mideast Beast – Bias and Credibility,https://mediabiasfactcheck.com/the-mideast-beast/,www.themideastbeast.com,satire,no factual reporting rating,no credibility rating available
The Postillion – Bias and Credibility,https://mediabiasfactcheck.com/the-postillion/,www.the-postillon.com,satire,no factual reporting rating,no credibility rating available
The Spoof – Bias and Credibility,https://mediabiasfactcheck.com/the-spoof/,www.thespoof.com,satire,no factual reporting rating,no credibility rating available
Atchison Daily Globe – Bias and Credibility,https://mediabiasfactcheck.com/atchison-daily-globe-bias/,www.atchisonglobenow.com,right-center,high,high credibility
Barron’s – Bias and Credibility,https://mediabiasfactcheck.com/barrons/,www.barrons.com,right-center,high,high credibility
The Halfway Post – Bias and Credibility,https://mediabiasfactcheck.com/the-halfway-post/,www.halfwaypost.com,satire,no factual reporting rating,no credibility rating available
Andalusia Star News – Bias and Credibility,https://mediabiasfactcheck.com/andalusia-star-news-bias/,www.andalusiastarnews.com,right-center,high,high credibility
ArcaMax – Bias and Credibility,https://mediabiasfactcheck.com/arcamax/,www.arcamax.com,right-center,mostly,high credibility
Weekly World News – Bias and Credibility,https://mediabiasfactcheck.com/weekly-world-news/,www.weeklyworldnews.com,satire,no factual reporting rating,no credibility rating available
Ayn Rand Institute – Bias and Credibility,https://mediabiasfactcheck.com/ayn-rand-institute/,newideal.aynrand.org,right-center,mixed,medium credibility
American Military News – Bias and Credibility,https://mediabiasfactcheck.com/american-military-news/,www.americanmilitarynews.com,right-center,mostly,high credibility
The People’s Cube – Bias and Credibility,https://mediabiasfactcheck.com/the-peoples-cube/,www.thepeoplescube.com,satire,no factual reporting rating,no credibility rating available
The Shovel – Bias and Credibility,https://mediabiasfactcheck.com/the-shovel/,www.theshovel.com.au,satire,no factual reporting rating,no credibility rating available
Asian News International (ANI) – Bias and Credibility,https://mediabiasfactcheck.com/asian-news-international-ani/,www.aninews.in,right-center,mixed,medium credibility
The Bangkok Post – Bias and Credibility,https://mediabiasfactcheck.com/the-bangkok-post/,www.bangkokpost.com,right-center,mixed,medium credibility
